user,leave_probability,label
rjmlaird,0.160804199335036,Anti
TotalNewsTV,0.37689691712491524,Neutral
SeoKungFu,0.3310996684153836,Neutral
Jaygernaughty,0.384318594849447,Neutral
Kerbogha,0.373794411049851,Neutral
Almogavar78,0.25172196900332205,Neutral
HectorPerez,0.269623974707884,Neutral
Grineflip,0.4789291485117351,Neutral
irishfever1,0.4212048178485368,Neutral
Finance1994,0.603368807669909,Neutral
com2mentator,0.37357732113544045,Neutral
hoveruss,0.664400702627452,Neutral
Electomatic,0.6162559876976931,Neutral
usernicholas,0.08935068626804055,Anti
SlyRatchet,0.347810618041831,Neutral
PeteSW19,0.704530954465184,Neutral
european_sting,0.2951580720343323,Neutral
SomeGoodReads,0.132093490395695,Anti
JimmyAJames,0.5087537561702233,Neutral
Rmcgeachan,1.8315960369848101e-09,Anti
milesman70,0.2624932778829552,Neutral
Snowdrop734,0.260770473349053,Neutral
shutr,0.49026935051006504,Neutral
MHurn21,0.0019742519427324,Anti
Dwayne_dibbly,0.664130250010943,Neutral
AlalamChannel,0.31234199868423185,Neutral
MubzOnline,0.554985620770439,Neutral
KommunistActivist,0.648489716197074,Neutral
British_guy83,0.5189051079316946,Neutral
Scalextrix,0.5016783948464628,Neutral
nobrexitplease,0.8487825178707512,Pro
gholemu,0.2837649506336549,Neutral
bbbougie,0.32281645118047203,Neutral
holbornassets,0.413862236612627,Neutral
Kevzorage,0.3170506291279774,Neutral
MarkWhittington,0.5098210766876654,Neutral
meanderingwitpurpose,0.296947593082976,Neutral
TriednNew,0.467335365585129,Neutral
gatestoneinst,0.635725956761475,Neutral
BlobbyForBrexit,0.37853326307158,Neutral
ThatBmanGuy,1.82343102516793e-06,Anti
PhillipPirrup,0.29536275315994,Neutral
muyuu,0.4246958843218003,Neutral
VotingCounts,0.411378277381788,Neutral
odzerwangchuk,0.28013624925815,Neutral
cbmilne33,0.40297818412218656,Neutral
KentuckyKidder,0.6433661143880254,Neutral
orfwithishead,0.11929203670521625,Anti
AlexBainesB,0.3549906489607659,Neutral
AstralGold,0.6669238468955391,Neutral
howvipdowegottaget,0.215423349192908,Anti
alphatucana,0.5496076024738805,Neutral
SinceIWasYoung,0.44272627712323165,Neutral
GingerSpice911,0.28746441320068,Neutral
Keats852,0.5553922543675205,Neutral
Nosrac88,0.2658596176202935,Neutral
00Snake77,0.6062446514760936,Neutral
NM_engtech,0.0049730629336091,Anti
Ben-Science,0.12441843996470651,Anti
Waldy565,0.29303714110507056,Neutral
unkown_videos,0.0995417423632478,Anti
kilroysilk,0.264115098961958,Neutral
Moawayl,0.581074151422979,Neutral
The_Triggerman,0.333249810977156,Neutral
jj732,0.508809756745099,Neutral
mybeadyeyes,0.5592630439330166,Neutral
DexterTheMoss,0.5760928276060625,Neutral
Alanerlis,0.37554937582466,Neutral
Butterysquirrels,0.2534470488847405,Neutral
rjg700,0.6623544419654412,Neutral
oneuppin,0.958136273666695,Pro
tchapman52,0.2075370855683495,Anti
foalythecentaur,0.7154013997116795,Neutral
CurtD34,0.325549522309296,Neutral
GJGGJGGJG,0.3246959195463591,Neutral
Kezyma,0.46097875495878876,Neutral
AgencyCentral,0.350794726940654,Neutral
songworld,0.27568888953810644,Neutral
gingeringaround,0.487075966362476,Neutral
MarcXJF,0.4542179855890882,Neutral
htaylor95,0.3644140319600567,Neutral
paulsalesman,0.6943823157642515,Neutral
PickCells,0.0945710435526806,Anti
commmmentator,0.43225917710116346,Neutral
jjador,0.999999997019124,Pro
rickonnye,0.593479179464318,Neutral
tedcase,0.6610389380211782,Neutral
Conspiracy_Outpost,0.648165516441835,Neutral
oculushut,0.0735554722156006,Anti
PyroSatan,0.0410284205801518,Anti
Yuvix,0.5290563642256421,Neutral
alexandrahaha,0.361107366983998,Neutral
bell2366,0.5780939284593223,Neutral
ZodiacT90,0.498088795152484,Neutral
finbuzzz,0.521509856429804,Neutral
KirbytHollow,0.5992088771244165,Neutral
ausoutlook,0.36574578646956546,Neutral
gobrexitgobrexitgo,0.5,Neutral
ashaw335,0.3591923914657055,Neutral
ActualChicken,0.3792865885033905,Neutral
Ryan_Browne_,0.668637460374863,Neutral
FaultofDan,0.0016521687254982,Anti
Mister_R2,0.40383903558400647,Neutral
polecatma,0.404546000218279,Neutral
FeroxDraken,0.3093056284314958,Neutral
SyntegraGroup,0.0559301275409222,Anti
attackdrone,0.999577648513468,Pro
magariot,0.7316609781607705,Neutral
tekgrade,0.358816985530215,Neutral
Chimp444,0.5374287017156855,Neutral
FinMarketGuru,0.449554680532819,Neutral
weedguru,0.489656451252451,Neutral
pftodd,0.2486387529065108,Anti
Jaipresto,0.246880548099603,Anti
GormfulJames,0.7267432698002,Neutral
custom1made,0.645222566923355,Neutral
purleyboy,0.3085590776719411,Neutral
larryjordan23,0.6829572052221304,Neutral
TheWakeUpCall,0.19105850248115477,Anti
matix002,0.527765786044424,Neutral
rexbit_leave,0.260427059811229,Neutral
lcav,0.429867421932749,Neutral
NayLay,0.3310956582817743,Neutral
babbaers,0.6027722415770581,Neutral
speedfox_uk,0.49558117175186406,Neutral
Trryan16,0.351678493104073,Neutral
skrza,0.334846256423726,Neutral
aesgan,0.7193329575825436,Neutral
kwar,0.629598187998211,Neutral
goalls,0.203698119601306,Anti
gabay55,0.21679080136343246,Anti
ianngct2,0.0020873126642094,Anti
nil_db,0.5182321997527297,Neutral
captainfantastico,0.590524278330271,Neutral
mounstahbites,0.351586713393894,Neutral
J3r3myKyle,0.5872555298340185,Neutral
MrLewk,0.079881589101027,Anti
Ineedtoreadthis,0.458392891541514,Neutral
CPsaysno,0.362301459726645,Neutral
syoxsk,0.42847900220808954,Neutral
cleverboy11,0.167813287891156,Anti
omgnews,0.6180181493840265,Neutral
Lukey82,0.32698338424323203,Neutral
McFlowers,0.702246550629742,Neutral
blagmeistergeneral,0.5,Neutral
Maytheforthbewithu,0.26198182736141146,Neutral
mikeadnan,0.27425111746439496,Neutral
ebo1999,0.289925865805079,Neutral
jcopta,0.710054667161786,Neutral
AirborneAspidistra,0.4274080511403135,Neutral
Madeye17,0.41316876772952565,Neutral
PanamaExpat,0.5277502037538572,Neutral
oredwood,0.29965807613088846,Neutral
kerplunkerfish,0.48961073899173196,Neutral
big_kanhuna_burger,0.558844753943378,Neutral
clickcell,0.99956353418713,Pro
WaffleBlako,0.4546540584296686,Neutral
Cerling_Stooper,0.5839128785238402,Neutral
Patrickw2,0.4170807580143854,Neutral
SSingh52,0.198484122046688,Anti
Kantina,0.4310229248827454,Neutral
PallyAlly,0.0252403800240067,Anti
QggOne,0.336240058154863,Neutral
jetpack-ibelieve,0.995209395672351,Pro
GiveMeTheMemes,0.404185510240264,Neutral
chx_,0.5704681739302618,Neutral
kujaultima,0.39157381232290794,Neutral
ChicagoFaucet,0.171724678472049,Anti
jamboman_,0.340490168272544,Neutral
Emo-KyloRen,0.4648285356689713,Neutral
doctorsabroad,0.0982951864248755,Anti
VirtuteX,0.4256291205181195,Neutral
OnTheOffensive,0.706426756991948,Neutral
PsychadelicToad,0.5664773420817351,Neutral
UKApe,0.5153078448985645,Neutral
The_Mark_News,0.737331050444578,Neutral
Slice_of_Toast,0.435746343692053,Neutral
ArcticAvilo,0.0114691753322833,Anti
WhoGuardsTheGuards,0.170561335633732,Anti
Graham_W,0.265740993762927,Neutral
motinews,0.33705802738770013,Neutral
fa_throwa,0.6569264063316587,Neutral
southpawpete,0.593043326418301,Neutral
Belfastrover,0.14577240817285,Anti
ThomasPainesBones,0.61049415841454,Neutral
RobinHoudini,0.361030465126169,Neutral
CantankerousPolymath,0.483349329906359,Neutral
Cardiffcup,0.350662377178629,Neutral
newrole8123,0.401557660669798,Neutral
DarthDelta,0.313356038835208,Neutral
NewsRedial,0.140997732432626,Anti
itscalledunicode,0.3064391562368761,Neutral
redditwomble,0.576712943768015,Neutral
TonyDeaf,0.272690537961088,Neutral
stemerica,0.0423121525497817,Anti
jannikhansen,0.365332367477322,Neutral
makneegrows,0.574331456541458,Neutral
Riggers3003,0.36747634578220945,Neutral
nekdolan,0.6795801738918851,Neutral
DSLWW,0.445916594054374,Neutral
tombourlet,0.514890231728583,Neutral
DandaIf,0.6576528526462427,Neutral
PoliticalMachine2016,0.7460140976368527,Neutral
robbwindow,0.3514628624591647,Neutral
thepoliticalcom,0.443060565217773,Neutral
TheCodpiece,0.283178391737498,Neutral
linuxwes,0.45165347999603883,Neutral
kazenra,0.467307222783399,Neutral
mrbios,0.644484403047473,Neutral
channeldraw,0.651682668433178,Neutral
gedcarroll,0.378704146875424,Neutral
OliverMeredithCox,0.573090092744461,Neutral
mysticXtU,0.47391340972221563,Neutral
ViciousPopCobain777,0.355178782650283,Neutral
Musicalitea,0.481288860409015,Neutral
jibjaba4,0.802132610222697,Pro
coroner14k6,0.308350087016724,Neutral
moanrigid90,0.484364678515076,Neutral
deggen,0.146518435828834,Anti
curl42,0.142152998318466,Anti
meta_israel,0.264793997876245,Neutral
UKNerfWar,0.47869875877395,Neutral
Cephlin,0.250332903759036,Neutral
Deutschland1024,0.0918372505294771,Anti
_leafhouse,0.29782208632262375,Neutral
VoodooShiv,0.185189411730488,Anti
happyendz,0.2104771016091857,Anti
jamesjardine,0.261613421921876,Neutral
supercharv,0.3780404089260667,Neutral
fuzzbook,0.5317141542369493,Neutral
Conscious_Caracal,0.3393571088137875,Neutral
bodobobo,0.126675443027825,Anti
doffensmush,0.528262164646349,Neutral
geopayme,0.3758740614486488,Neutral
EthiczGradient,0.4784843443228112,Neutral
stindle,0.266335170537417,Neutral
wojteo171,0.256965576415182,Neutral
unitedfreebox,0.4074902268895,Neutral
AndyWilderness,0.4186418731660273,Neutral
chernobog95,0.4788907906850751,Neutral
SasunoGatsu,0.669812414607568,Neutral
pollon285,0.200404814400803,Anti
SourMash_plh,0.6549558080990902,Neutral
DaHeadZlaya,0.398656649439423,Neutral
banterdreams,0.16529840048455,Anti
vartanm,0.4877536264763015,Neutral
irtiq7,0.422961552597961,Neutral
DigiLondoner,0.367090490126513,Neutral
InceCo,0.349098256198743,Neutral
cgilsonUK,0.655413491537766,Neutral
Angel_Prathyu,0.38700128171195863,Neutral
Live-Trading-News,0.0517847895259167,Anti
IAydelman,0.0098235516245754,Anti
ACraftyApe,0.4088562188308955,Neutral
captain_blackadder,0.5456081747305473,Neutral
sadhukar,0.4999552899809135,Neutral
ibitthechip,0.1183459747664325,Anti
Cynthia_1992,0.467611154210952,Neutral
ykc87,0.378043698458651,Neutral
gorblimey74,0.3226094295307756,Neutral
justbrewit7,0.5656375321213669,Neutral
Chaochaoutopia,0.0053888532264514,Anti
Drats99,0.789511074814163,Pro
Nobody_Anybody,0.5495664922509409,Neutral
chrisjolley75,0.653656110362441,Neutral
dontbuyanylogos,0.406861126263375,Neutral
CynicalSurvivor,0.3924869018552595,Neutral
economicswire,0.532451731152258,Neutral
soisez2himsoisez,0.23445697469134189,Anti
nomad230,0.186764698728724,Anti
White_Devil_Rising,0.24198572646974,Anti
LawOfMannon,0.5,Neutral
protikriya,0.30777071692835,Neutral
brexiteers,0.516003530439633,Neutral
European_young,4.31651406395237e-09,Anti
Kelamov,0.0654386228825433,Anti
FortuityRiskAnalytic,0.2958089743126085,Neutral
Ostrovot,0.603471474859253,Neutral
spywar,0.8164393314356074,Pro
axxxman,0.20567358797292,Anti
r4nd0m_vape,0.5135035205705996,Neutral
Revan67,0.7022808001916481,Neutral
Wise_Batta,0.851321502034774,Pro
alexjansink,0.899207693211979,Pro
stuckinadrawer,0.652670011379932,Neutral
GrantMercer,0.3336767170539195,Neutral
Stickly22,0.381022959920934,Neutral
ma-hi,0.43744625698382134,Neutral
buffalo_thinkwccm,0.459774382104796,Neutral
futtbungus,0.509612846459974,Neutral
JewsUberAlles,0.749371768890927,Neutral
Solidusfunk,0.6393888957653385,Neutral
Ueli1291,0.999999013021166,Pro
daszt,0.270945339159344,Neutral
Cyberdog,0.5538471446817292,Neutral
awesomeinquiry,0.386382873784144,Neutral
OleFluffyPubes,0.636874836739604,Neutral
nomorebanksters,0.31983400607643653,Neutral
SirSirob,0.999330446683504,Pro
youneedmoreoverlords,0.4464268997005336,Neutral
eb4writes,0.6093174754298436,Neutral
Thedailystarbd,0.36776042919515917,Neutral
bangkokhangover,0.37853326307158,Neutral
Videoplumbing,0.5887446812803505,Neutral
Eruntien,0.6252686202267335,Neutral
AtlanticMovingPic,0.3462886983567049,Neutral
fxmaster,0.59777145691472,Neutral
mulletinc,0.377867380300727,Neutral
X-MooseIbrahim,0.241087131409121,Anti
Redsquidsolutions,0.170561335633732,Anti
AT2512,0.6953176239502118,Neutral
bearCatBird,0.374320093898271,Neutral
AceOfTrumpCards,0.6163580996231883,Neutral
LotharHex,0.438731998789199,Neutral
iMakeGreatDeals,0.6845765381352317,Neutral
cluo40,0.1011826007838056,Anti
basosm,0.557723476637151,Neutral
marketexpress,0.36404826700170534,Neutral
MakeBritainGreat,0.406454616371975,Neutral
heathrowHD,0.371887197405018,Neutral
CuntOnABike,0.716842113287994,Neutral
glenneten,0.4991924724668513,Neutral
Manedblackwolf,0.49010310921701905,Neutral
iuseallthebandwidth,0.17631651636756687,Anti
Jaa13,0.6157735627605998,Neutral
Peter_Maslin,0.166882377725376,Anti
Zone-MR,0.3056249175798955,Neutral
cabtheman,0.545754317298341,Neutral
can_joseph,0.43991825494805,Neutral
jasenjot,0.40471114569130756,Neutral
flyingduck009,0.43527853278044454,Neutral
cogalog,0.729187527606929,Neutral
Rico234,0.54334607657552,Neutral
PeterPanTinkerBell,0.318139284241109,Neutral
LiberalMNdad,0.346581743409763,Neutral
Heyrozz,0.518764969012091,Neutral
djlduffy,0.044731661106493445,Anti
Pookangaroo,0.6068195588806975,Neutral
kapeman_,0.67712554068122,Neutral
coretj,0.678270962564205,Neutral
checkmemed,0.391292663550114,Neutral
Entropy777,0.665122552316256,Neutral
MattFiler,0.4998745178852615,Neutral
Imglaich,0.132146982164294,Anti
ModestGoals,0.4939794747918199,Neutral
Greytwitch,0.8734421504436041,Pro
thelmgslayer,0.5019465502199629,Neutral
Sinner12180,0.51989504782259,Neutral
spaceboundmonkeys,0.3477375930461435,Neutral
WrexitMyInbox,0.230778330211849,Anti
BaconAndEggzz,0.3530746549625904,Neutral
brexitquestion,0.47551819119941247,Neutral
SegfaultExpress,0.662054126342338,Neutral
MidnightKungfu,0.4739756405994563,Neutral
Roe_Jogan,0.38898874763722746,Neutral
skad00sh_meh,0.5988602171700496,Neutral
bisscuitt,0.0857829518757786,Anti
tcp13,0.523370842292427,Neutral
mtlpat,0.8475380018057957,Pro
Oskisrevenge,0.582498302390953,Neutral
VladimirPigPutin,0.732106718054022,Neutral
Funkicus,0.5560477748103764,Neutral
AnimatorSteve,0.377899552729599,Neutral
ilikeostrichmeat,0.539947424799061,Neutral
StaysAwakeAllWeek,0.24461104767081632,Anti
soccerman,0.15779429453339866,Anti
Itsjeancreamingtime,0.175345314636071,Anti
Rossrox,0.563349778116983,Neutral
taartun,0.28046595471012503,Neutral
joepanettieri,0.0147301300915775,Anti
Shatteredpardigm,0.368867870207628,Neutral
Dancantu38,0.253805131681258,Neutral
deadhendrix,0.3784972387229455,Neutral
umbagug,0.735836334596111,Neutral
schnazzn,0.556950694428028,Neutral
latchk3y,0.635917356818092,Neutral
SiD_cze,0.565220231255113,Neutral
Bokchoylily,0.57018218806755,Neutral
veronicaellis88,0.470946296371459,Neutral
Apurpler,0.186422674216925,Anti
swen-stenzel,0.7267444506264591,Neutral
Alvsk,0.43205013003996817,Neutral
Exells,0.6702433353375785,Neutral
ENRICOs,0.368817512354049,Neutral
Spartapwn,0.444282774630835,Neutral
pypt,0.446155710488331,Neutral
ScottPresler,0.7130858835357945,Neutral
Mjosephmiller,0.324166817536261,Neutral
brada1703,0.422520030245846,Neutral
Pb_Flo,0.693121466422733,Neutral
swank5000,0.5097118923980233,Neutral
perryurban,0.8609886556998281,Pro
Ellsming,0.723371360563921,Neutral
lightdawnnever4get,0.0206782899899924,Anti
alexanderjebradley,0.37584922107578983,Neutral
fergbyrne,0.2766336141703438,Neutral
sallymoose,0.600621032914494,Neutral
TheSwedeIrishman,0.4805269374706639,Neutral
EasyLiveTrade,0.0624731557107749,Anti
Prongs_,0.411970636965027,Neutral
Dinesh_Goel,0.182486560993554,Anti
JoProBlog,0.37853326307158,Neutral
Bears-Eat_Beets,0.3889501187183948,Neutral
Thestatesmanltd,0.619467875514766,Neutral
clintonvstrump,0.153873594338319,Anti
shamsliverpool,0.727716685396758,Neutral
DefinitelyNotCake,0.487713664922106,Neutral
buzjay,0.0920441111556061,Anti
NetzKaiser,0.552759080285511,Neutral
Cesemenara,0.6994063004509453,Neutral
onkyponk1,0.768824634145426,Pro
__MasterMind__,0.503651809816338,Neutral
SpecsaversGaza,0.300562854051325,Neutral
Cyceon,0.497631915896092,Neutral
wombatsmakesquarepoo,0.338813799923282,Neutral
SkyGoer,0.395934320621648,Neutral
DonD3mon,0.6749988554838595,Neutral
svevasolieri,0.37853326307158,Neutral
jvainio,0.5842341284467755,Neutral
geosadientist,0.20949569956483485,Anti
Leaky_Buns,0.377646884897556,Neutral
yunghegemony,0.550185659064187,Neutral
caculo,0.48935844830049446,Neutral
brokersanalysis,0.338720276262669,Neutral
rankinrez,0.590112699795581,Neutral
valverdo,0.5439852941405207,Neutral
Actillia,0.449978319201138,Neutral
mjan2010,0.602635776754762,Neutral
flangemcginty,0.37853326307158,Neutral
aman1712,0.0843731302390825,Anti
manusiniectio,0.6479444057665382,Neutral
TheUltimateInfidel,0.39099242822345104,Neutral
meowmarcatdafi,0.325553366187357,Neutral
cuntfacee,0.3641767339642531,Neutral
Ricothecoolguy,0.0647792162801596,Anti
jinmy97,0.547487110662166,Neutral
SportFella,0.4528899725836215,Neutral
sweetestdevotion,0.383282623107601,Neutral
BilboBaller,0.3313319153429079,Neutral
nmourao,0.24785104548868994,Anti
Steevels,0.255419974467594,Neutral
JonARTon,0.675877321370704,Neutral
mcmurphy82,0.42921432371046797,Neutral
X-F4T3-X,0.394270954347969,Neutral
blantonhall,0.345681788026936,Neutral
DetCord12B,0.8080518471715865,Pro
PrisonPhone,0.391388717195964,Neutral
klkitchens,0.507065277220507,Neutral
DatBlackForce,0.599735123172767,Neutral
heypepito,0.416344956056802,Neutral
CaturFace,0.281198944481863,Neutral
neilader,0.6670536787983294,Neutral
YuliaHouse,0.34677661682456773,Neutral
ZlatanNazir,0.5935935866896387,Neutral
Trendler,0.543146807570216,Neutral
meeperton,0.17963476055813715,Anti
Brand0n1,0.476739533515435,Neutral
hydrogencarbonate,0.409220241890783,Neutral
Findingnima24,0.615236738433459,Neutral
river_of_karma,0.5,Neutral
emilylockhrt,0.371322286745062,Neutral
OuchElectric,0.13885494718565,Anti
giveitsomedeath,0.608006156827002,Neutral
barneylow,0.27914236015312643,Neutral
webguy1975,0.487658890541143,Neutral
skarfayce,0.5,Neutral
Noomene,0.45850753835965197,Neutral
DeGeitenNeuker,0.268602617602297,Neutral
tehy121,0.641027529283253,Neutral
elenorf1,0.2231607675112675,Anti
chrisbailey0615,0.892639588379871,Pro
blishbog,0.346718031038617,Neutral
Narventurer,0.4041442078536786,Neutral
zanananzaza,0.641560032399524,Neutral
roowilliams,0.566562098024572,Neutral
DesdiMischief,0.284067511841614,Neutral
ltleonov,0.431789618007098,Neutral
WallStreetShill,0.5601470077153323,Neutral
happyvagabond,0.312350033869264,Neutral
rkruok,0.264446500448417,Neutral
LukeGF,0.782749708717352,Pro
walterfano,0.187746767653297,Anti
twat69,0.5679180302107597,Neutral
karljt,0.379199951946202,Neutral
ShowbizDaily,0.158110243044426,Anti
xodius80,0.595031224717661,Neutral
NorbertH66,0.470172763746945,Neutral
RAndrewOhge,0.5919068626376026,Neutral
trickninjafist,0.475838148749373,Neutral
TheGoodEuropean,0.442291714487041,Neutral
rangeroverr,0.10271808209955635,Anti
Montaigne_m,0.144422035530559,Anti
drzrealest,0.474348088735733,Neutral
AnnaMaiya,0.408977529167082,Neutral
misterjoshmutiny,0.536242870941785,Neutral
liblob12,0.59104705877507,Neutral
AthresInMemoriam,0.668855649662696,Neutral
kevinsmith420,0.487803642761774,Neutral
silentbobsc,0.5651874782734907,Neutral
Jusdroppinby,0.835742933569241,Pro
Sunshinelorrypop,0.541173962785173,Neutral
cheekyvideos,0.331154468560651,Neutral
dothedrew88,0.702291460118122,Neutral
fyeah11,0.4642475185674693,Neutral
ACKAFOOL,0.618138075535806,Neutral
tmcdermid,0.412622383101172,Neutral
spotblue,0.455976492281364,Neutral
krfr,0.48243810990255354,Neutral
phah2son,0.5764480641372874,Neutral
InfiniteAutomaton,0.4600390202785515,Neutral
geogel-ro,0.500425824876961,Neutral
petdog82,0.292667343967626,Neutral
Meip,0.329085082666204,Neutral
TheBroChamp,0.346597730893766,Neutral
dragosn,0.228955188136563,Anti
baldwinberges,0.37853326307158,Neutral
idinian,0.620524167114062,Neutral
animatedrouge2,0.246380428219695,Anti
FeatheredPheonix,0.262613910849928,Neutral
thezombieparade,0.209983448097746,Anti
mcloide,0.0419541802707329,Anti
Valcatraxx,0.194637695833573,Anti
B0urbon,0.223992425892199,Anti
crappy-throwaway,0.5545658025287165,Neutral
kcergin,0.166148398287972,Anti
inside-poland,0.301468946758836,Neutral
LindaJoyAdams,0.134864934797329,Anti
msexm,0.434380187416736,Neutral
ZombieJoneZ,0.617082960615611,Neutral
tornado66111,0.07514879186189996,Anti
dannystark,0.4305264316189497,Neutral
OneLastShotatEU,0.635256562803088,Neutral
larryjohnson48,0.322091671950058,Neutral
BrexitConspiracy,0.5379804055469459,Neutral
_CJS_,0.141465108655581,Anti
BlackMesaIncident,0.6207989648825978,Neutral
francesco7,0.76025151279418,Pro
AndreaBerlin,0.388514320014459,Neutral
Warthogus,0.36306076550656663,Neutral
fffitgc,0.434807423428106,Neutral
imanentize,0.397848338921465,Neutral
carlosdangerousness,0.450316233870156,Neutral
peacefultimes,0.385378527824478,Neutral
Fearcheoil,0.59549500348026,Neutral
MartiniSipper,0.3106483858608521,Neutral
jonnysound,0.420119375083377,Neutral
Murtomies,0.7898329483671425,Pro
jaredbe,0.382155316681928,Neutral
kanharith,0.493925781105184,Neutral
zebraowl,0.615772071703315,Neutral
mountainwater3,0.5735895794964407,Neutral
ElGatoSaez,0.068632829221642,Anti
ExcitingAds,0.40290330883243763,Neutral
rzvbrb,0.504408736457799,Neutral
reilnuud,0.326086158948223,Neutral
darkloid57,0.0434839954727878,Anti
cabooyah,0.11491629976673,Anti
the_deuce2,0.5189357289489731,Neutral
Gregor1985x,0.3547844109639757,Neutral
MaestroJedi,0.759503088889691,Pro
drguillen13,0.733003910847164,Neutral
just-plain-wrong,0.287691182986363,Neutral
global_hobo,0.393185243483775,Neutral
anzfo,0.5734468619231963,Neutral
pancakes_dammit,0.6299512292924955,Neutral
Goonstarz,0.5443589595512,Neutral
traffickin,0.26332391955815293,Neutral
Pm__me__your_secrets,0.3342487435773835,Neutral
Redhousevoodoo,0.551499892975524,Neutral
ComTruise7,0.4828051889058673,Neutral
tonicbrewmeister,0.136801163174025,Anti
Stock_Picker,0.0210133580963986,Anti
shanetat1,0.322642665643951,Neutral
LyonsVSteve,0.236222657799344,Anti
Brexation,0.912069823142366,Pro
LordTourah,0.0667198336967364,Anti
Immensum,0.248525290884466,Anti
stirringash,0.4569479716508707,Neutral
brucem1967,0.640379771651816,Neutral
omermirza1,0.39251924098814,Neutral
remote_bro,0.688465286294229,Neutral
credditcubuletinu,0.44686459318025,Neutral
Slevin073,0.721236055088909,Neutral
Rutherglen,0.600930670350843,Neutral
rothskid,0.404617397389177,Neutral
julianxxxx,0.760048304971707,Pro
Prieglius,0.786062982918003,Pro
sososweets,0.0006521478470786,Anti
HayleyWilliamsFeet,0.47819982524330906,Neutral
ojtal,0.0048419593068937,Anti
Janvan435,0.305943206995793,Neutral
splod,0.3503108505036,Neutral
sanddogman,0.567915264163368,Neutral
weemsjohana,0.17424320336841,Anti
Botrio,0.37853326307158,Neutral
HexiesLexie,0.263050129909854,Neutral
johnnybones69,0.5795982502893767,Neutral
Davidyrne,0.610609925190476,Neutral
Fancy-Robot,0.431638153731339,Neutral
palmaelvina,0.25327113095803,Neutral
MrChard,0.782742339189193,Pro
sjbeale,0.4844681602913254,Neutral
smiley130,0.43393054080769833,Neutral
wearypilgrim,0.392068021827734,Neutral
georgheinrich1,0.395857072885715,Neutral
BrandedByIron,0.6337980445504257,Neutral
Cpt-Ktw,0.37853326307158,Neutral
linda-mat,0.247298774521436,Anti
thepatriarchyshow,0.337969788827485,Neutral
Ikhzter,0.6422744552503412,Neutral
MrMackie,0.641471596750419,Neutral
Sikamixoticelixer,0.44686459318025,Neutral
Counterpointing,0.248831631321316,Anti
FinancerEesti,0.37853326307158,Neutral
igonjukja,0.512864720803807,Neutral
LePhantomLimb,0.2820793764497122,Neutral
MAH_Accountant,0.100271533419396,Anti
emailioaddresstevez,0.6148548815094151,Neutral
pmkelly,0.358767464320643,Neutral
V3TV,0.700231528254996,Neutral
Bigprofessor,0.4800498505903841,Neutral
daveliff,0.615202057828691,Neutral
jjmc123a,0.741107896647315,Neutral
jfisher1a,0.19655473372778295,Anti
styloasif,0.272234911601733,Neutral
throwaway_rebel_71,0.0017463742194233,Anti
uirchris,0.5297233732354145,Neutral
AdamThere,0.37924235493395636,Neutral
efgahtrsujrsjtrs,0.5328853505116593,Neutral
colvin1der,0.139684583729347,Anti
Mr_Funbags,0.553251942908747,Neutral
MrBeh,0.0378038607612294,Anti
beddyb,0.3765818639813545,Neutral
TomOfBlades,0.582217647140981,Neutral
raininginjuly,0.23607665835331101,Anti
lomaxepifania,0.198240512782164,Anti
Andyb712,0.5750803603778661,Neutral
Anen-o-me,0.248525290884466,Anti
Kylegrahamphoto,0.558087868311261,Neutral
jake_b_wba,0.6577383385146477,Neutral
jeffgrace,0.554678894211675,Neutral
CleverestPony70,0.6496693298010048,Neutral
philhulett,0.4379131548070425,Neutral
sabrina3-3,0.308562223358597,Neutral
_lazharichir,0.347837289855586,Neutral
HeyItsANewGuy,0.593640680022916,Neutral
FlavoredRock,0.134512431245927,Anti
Gnawhty,0.0728599547423984,Anti
papizdano,0.2871219638940541,Neutral
Bauervietnam,0.37853326307158,Neutral
SamsTestingAlt,0.322699097644154,Neutral
albozian,0.230761324798126,Anti
Gusta_Cz,0.925834697126121,Pro
willgoldstone,0.575963849493968,Neutral
Blonguin,0.24237846952870878,Anti
Steampunk_Moustache,0.5747748685683453,Neutral
JonesGlenDarwen,0.9999942165062969,Pro
soccerdog1097,0.796886444294978,Pro
mootmosgino,0.140693012246755,Anti
FeeltheBernBaby16,0.15711643526516664,Anti
Uglita,0.576981529754395,Neutral
Sciex,0.0577749918041311,Anti
Enesmirac,0.643903010461745,Neutral
batusfinkus,0.6530604980382166,Neutral
monsieurkeek,0.5,Neutral
testingballs01,0.313661729043757,Neutral
EibeMandel,0.472175131586789,Neutral
CoolSheep,0.27965892541579,Neutral
UN_B0NG0,0.899847495426394,Pro
Kotarou2113,0.37478052534742856,Neutral
Rilchiam,0.4841471165000499,Neutral
Electrivire,0.573009116861783,Neutral
roughridersten,0.5054344796265448,Neutral
Saliunca,0.201397766736765,Anti
Felix_020,0.4810859261540143,Neutral
Psmith361,0.480668441796062,Neutral
GoetzKluge,0.2907453286154382,Neutral
inewsjournal,0.48915839074339096,Neutral
ulungtv,0.40320683711446,Neutral
SciBus_FZ,0.218393977071375,Anti
jasonrocksxd,0.515732604256935,Neutral
OmniQuail,0.13399851891334,Anti
tampared,0.2339150763873705,Anti
worldken,0.38225733864824885,Neutral
Appleplex,0.47389497522933655,Neutral
ziodave,0.0994405611605094,Anti
Kosteevo,0.619260775748072,Neutral
methesoul,0.29796534781621,Neutral
Albert_VDS,0.48266930394926905,Neutral
locris,0.475059226734988,Neutral
muzitechs,0.861105040419454,Pro
Factionman,0.561075241929781,Neutral
lorenzolama,0.48750254031621,Neutral
ledewde_,0.3634039076572705,Neutral
SteveJones99,0.607834182255894,Neutral
reddit7654,0.5,Neutral
d55vesper,0.6499924876774565,Neutral
BigGreenEgger,0.145320243114652,Anti
League-TMS,0.376186946212594,Neutral
banksnsons,0.232933827207889,Anti
L0stk4us3,0.617608710785868,Neutral
whatawasteoftea,0.0421928362976083,Anti
Trust__Nobody,0.3896141815747417,Neutral
iamsteadman,0.227527398641243,Anti
kjaersoeren,0.2243214273163165,Anti
K00111000C,0.268509802408352,Neutral
VoiceOfAWelshman,0.28129239382563676,Neutral
mrktm,0.631522409396023,Neutral
Stevewoody82,0.2169033007248985,Anti
TheFoxSaysHello,0.524995545012927,Neutral
BestFreshWool,0.638093551399264,Neutral
york04,0.811306202690581,Pro
chanmlosci,0.282855200847517,Neutral
spartysparty87,0.0645577946252274,Anti
SomeT_,0.5764646239043326,Neutral
rayblank,0.144504019994449,Anti
AidThompsin,0.435100022464224,Neutral
londonagain,0.5921351346467226,Neutral
koolcars,0.443342208240151,Neutral
the-wizard-of-no2,0.590712524661082,Neutral
Dariszaca,0.6820031089108816,Neutral
Kalnder,0.999999999996348,Pro
nightO1,0.308722224637488,Neutral
fungussa,0.32461091037989387,Neutral
nsnbc,0.39808415392668,Neutral
Libertoonian,0.444426552057778,Neutral
Madisonscpc,0.461053022972235,Neutral
FilipN,0.629730346581386,Neutral
rnrsr,0.7373528622460526,Neutral
RDons,0.49636903238331254,Neutral
mirta000,0.2874888541975,Neutral
-Crnogorac-,8.93986370593961e-05,Anti
sproket888,0.5490673412513535,Neutral
ReverseEngineer77,0.132060453120641,Anti
MOSTLYNICE,0.393377687437094,Neutral
Znoodle23,0.382155316681927,Neutral
RandFan4000,0.359722045002178,Neutral
smithakil,0.337220664725349,Neutral
qedasw,0.433102512628771,Neutral
slow_marathon,0.495861541117735,Neutral
pingpongflix,0.395821702835852,Neutral
DykeTyson,0.37662221137497,Neutral
SynesthesiaBruh,0.8415654902711045,Pro
zareensheikh,0.38754069747442116,Neutral
Baron453,0.572385405657938,Neutral
ayatoilet,0.41394702543087697,Neutral
kahmed09,0.336527473155734,Neutral
tap1in,0.3260647360016028,Neutral
dnsaccountingservice,0.2677513628913683,Neutral
ValkyrieUK,0.941554349340216,Pro
kashb10,0.447108514065844,Neutral
YuliaSmith,0.378566618849085,Neutral
flying_earthworms,0.51646357513974,Neutral
EuromaidanPR,0.168432882383108,Anti
ForthCapital,0.24630855386900943,Anti
dogedoge90,0.448519946776413,Neutral
taxamo,0.168253869818758,Anti
babecockdotcom,0.6739060987644103,Neutral
Brighton2k,0.151882511055995,Anti
dslr11,0.24716655730892,Anti
Coconuterino,0.17889208964552067,Anti
Oddfictionrambles,0.357092734568172,Neutral
BabyZeldaASMR,0.302411326089183,Neutral
MichelNilles,0.491384848562251,Neutral
Jono93,0.33357322337488,Neutral
CoSoSys,0.302241983149337,Neutral
PM_Your_Bottlecaps,0.370185114047339,Neutral
MoleStrangler,0.5191618684091275,Neutral
dolarparitesi,0.43926663153579,Neutral
carbonarbonoxide,0.2452491409255912,Anti
geringonco,0.489109785166621,Neutral
zodiace,0.668308111054519,Neutral
HaveAJellyBaby,0.5294716544824023,Neutral
Mowgli_Cam,0.246240537103251,Anti
unknowndomain,0.365492826691424,Neutral
dicaprio45,0.0499456703563826,Anti
monteblanco,0.297687570966887,Neutral
meredithgillis,0.488434692713492,Neutral
bfett81,0.678193086512993,Neutral
Maxwel_Terry,0.317786041132259,Neutral
nwellek,0.116786252386476,Anti
chirishchatter,0.355724778014463,Neutral
Gifon007,0.13392351729185,Anti
robmillernow,0.0976587251388376,Anti
bobbito125,0.388844341578729,Neutral
Section37,0.1295589496504417,Anti
Linkbud,0.257414673158862,Neutral
OmegaDota2,0.336757246723934,Neutral
Rangtangatang,0.19707999832463216,Anti
bridymurphy,0.593738576850536,Neutral
SannIngen420,0.468915455039087,Neutral
HardlyAmusing,0.602752832295664,Neutral
imperialregret,0.554517369236543,Neutral
white_fartless,0.239364380442395,Anti
twodog,0.15194047079494363,Anti
WestBerkshire,0.32947369694052275,Neutral
shebwabwa,0.2979253407040883,Neutral
sean110,0.311351399539208,Neutral
bloik,0.42602229939571445,Neutral
ijohng,0.606643336608186,Neutral
Sonof8Bits,0.443254509310214,Neutral
eldwaro,0.323111591312109,Neutral
HarryTheHat0304,0.684087839587841,Neutral
-L3NN0X-,0.14058068390083395,Anti
carlwryker,0.3311375499299005,Neutral
KingObamaII,0.921370689777207,Pro
Trimalchio8,0.1260920701640619,Anti
RayMcNally,0.37755913033211,Neutral
AIsuicide,0.410170640163908,Neutral
Emmanuel_The_World,0.852576866190677,Pro
firmness,0.436258136639908,Neutral
QuestionableEcon,0.35170593880146306,Neutral
Enderwarlord,0.32694374173619,Neutral
Luckyno,0.5750247756117999,Neutral
hoaem74,0.441988610662305,Neutral
pinhead26,0.273206916627052,Neutral
gtp1001,0.233444597469961,Anti
cgaWolf,0.382155316681927,Neutral
usdexplorer,0.169196203238867,Anti
HaydnH,0.20430092885643278,Anti
anymudz,0.5106083184923631,Neutral
heraldist_w,0.296271882492725,Neutral
Stoky-Boy,0.14676530342665123,Anti
sorm0,0.29426771501105725,Neutral
B_R_Egress,0.0231112924037434,Anti
AESInternational,0.288173275376907,Neutral
thezhiff,0.29315280351897083,Neutral
german-Analist,0.104551842036779,Anti
AnneHailey4,0.385268873377809,Neutral
JCAPER,0.535899811690354,Neutral
gdodds92,0.398432372811412,Neutral
itsfadi4ru,0.590541228113245,Neutral
10duke,0.101043586776956,Anti
ThePanenka,0.230205057786728,Anti
iogrizek,0.316919586444967,Neutral
mamabio,0.138755835849499,Anti
plad23,0.5306139931514949,Neutral
fooon,0.274522907726514,Neutral
BernadetteJODH,0.484523986568761,Neutral
nydinger,0.012361031436832252,Anti
MoreTanks,0.2889252216627967,Neutral
champign0n,0.4427320082880146,Neutral
thecanadianjen,0.48880265432764125,Neutral
stuartsjones,0.382155316681927,Neutral
AndrewOD,0.218825059200452,Anti
franman77,0.777368418078924,Pro
adilsayeed,0.192183660846262,Anti
dgusovsky,0.0376710582932296,Anti
chungmn,0.407118905932068,Neutral
Bridieam,0.365839263237953,Neutral
darkmanwithadarksoul,0.35014881852768465,Neutral
byrdkw,0.61687983036591,Neutral
brexitbullshit,0.733799646804251,Neutral
lichtgestalt1,0.5722708896702207,Neutral
Brexiles,0.533276432099597,Neutral
5Starruk,0.855401554610756,Pro
vyasinfotech,0.0978289917294045,Anti
vikoiv,0.2038346705238669,Anti
wastelander87,0.665246691106454,Neutral
sentient1234,0.479191084199812,Neutral
drfreddy,0.289666138936407,Neutral
deanstolon,0.285180680618661,Neutral
redtadin,0.357172967370797,Neutral
MacadamNumber,0.7380388506244235,Neutral
demian64,0.606043685440345,Neutral
itsJohnnyG,0.416546155579779,Neutral
1blckbx,0.44960331023707295,Neutral
simbunch,0.39660718001537404,Neutral
CraigWatson1987,0.693035204879642,Neutral
Drupke,0.504900930605153,Neutral
_bizzo,0.5471302108525767,Neutral
3cto,0.3038727635484623,Neutral
SpeakTheTruTru,0.4534943092402135,Neutral
funnyfaceking,0.4426917091913065,Neutral
Shikari_94,0.49145688380493346,Neutral
Geosage,0.242214965969116,Anti
EUDebate,0.500779005086185,Neutral
wiseprogressivethink,0.6582010684026137,Neutral
TMOGroup,0.0882146326518671,Anti
klaqua,0.741483172859033,Neutral
FlyingTigerComics,0.613499636665186,Neutral
agitpropdesign,0.529019161888124,Neutral
Taiwanderful,0.817435233042775,Pro
thanapolr,0.5,Neutral
Globaltake,0.691583429934861,Neutral
bullywolly,0.31451409521139384,Neutral
danenviro,0.0856557127092723,Anti
nh8b,0.431000582164062,Neutral
need_more_tim_tams,0.610790949540511,Neutral
santainyellow,0.226762920934267,Anti
vitalijzad,0.4666841988215065,Neutral
AlanZucconi,0.33919738942349,Neutral
kallebo1337,0.48276077593171624,Neutral
fraimsfajitas,0.212575716785611,Anti
Muazamsatti,0.151739046646415,Anti
Chistown,0.46432272699092053,Neutral
kirstystuart,0.240710313464616,Anti
borisjohnson1901,0.3190834788197189,Neutral
monkeymagic99,0.464991330428696,Neutral
Obadaya,0.3660218776948109,Neutral
SparticusApproved,0.885697937854843,Pro
PROJECTime,0.342603195054218,Neutral
grimadventuresofkenn,0.143423086292837,Anti
Nuncle_Milty,0.782935620954278,Pro
brexitnow,0.5396185654406696,Neutral
Armenoid,0.45065126480290235,Neutral
OTS-Solicitors,0.3588061731346701,Neutral
joeydeuce,0.5269582300093081,Neutral
grizzle101,0.494477294938265,Neutral
Punchy_Progressive,0.37853326307158,Neutral
VodkahardII,0.394973625607636,Neutral
Piotr73,0.0001322736872359,Anti
thecarnagereport,0.04278545926800955,Anti
mortyf1ed,0.564165268255937,Neutral
StuyvesantSquare,0.5477106022843605,Neutral
jyper,0.138568519809375,Anti
saltynostrils,0.367267935650148,Neutral
MC_Dickie,0.6424776296321498,Neutral
Lejeune_Dirichelet,0.3179665849770155,Neutral
Leelaroo,0.6952056008765413,Neutral
TimS_Newcastle,1.38240531935012e-18,Anti
BarbT463,0.22382048938101962,Anti
TheGamingDuo,0.20570920018165,Anti
AnimatedKarma,0.446058116778678,Neutral
Daily_Doctor,0.48758335226058,Neutral
JigsawHouse,0.667886042250971,Neutral
Autovagex1234567,0.251740236563377,Neutral
Hayat_Sonal,0.29071832817011,Neutral
olimould,0.416044202305729,Neutral
fancydesigns,0.1798048297315001,Anti
sheffyyd,0.167933511455854,Anti
0one0one,0.22988005132770475,Anti
EBlake55,0.362751656610883,Neutral
Convalla,0.5065527536446479,Neutral
Kevin_Milner,0.4692861358709317,Neutral
jamesfiles,0.351950260508176,Neutral
NotMuchButRelevant,0.542974989171519,Neutral
hiphopsnaps,0.104866801821316,Anti
onehunerdpercent,0.284833358338893,Neutral
smokecheck1976,0.6144375141114269,Neutral
nbaballa05,0.0118979648463637,Anti
whatshotblog,0.20165321989161,Anti
jimbobrosso,0.52029708307261,Neutral
BeautifulDizazter,0.6892482712787055,Neutral
alicelthwaite,0.26487430178735266,Neutral
TheMissingDrink,0.164454470120541,Anti
nL0g0eXaGUNDMEoD,0.160087074220884,Anti
sporkredfox,0.16024596203989028,Anti
GetsTrimAPlenty,0.34503111058837616,Neutral
ecooney,0.37427143327972,Neutral
BlueAvians,0.7657190075789855,Pro
antdude,0.4102478493130205,Neutral
Conmanq,0.570244748869827,Neutral
smaini753,0.10435970967189574,Anti
Aquabluemax,0.346375128443022,Neutral
happyjane50,0.32260325420389,Neutral
hotcoursesindia,0.0208346035652093,Anti
homeworkguru,0.172725175462235,Anti
fetoyohayo,0.509516538475476,Neutral
dhevalon,0.438459650950974,Neutral
tilman2015,0.46168250810519995,Neutral
LPGspain,0.254197134454172,Neutral
Shubzinator,0.160839303488703,Anti
GliczarowDolny,0.513090114074781,Neutral
Sigfreedsolomon,0.0535595482612028,Anti
CityCoolBoy,0.182168654111529,Anti
Zquarezky,0.5414858554693837,Neutral
panthermarketing,0.4129440018916175,Neutral
DuncanIdahos8thClone,0.5499575160869523,Neutral
Ashmya,0.43066538687103,Neutral
BedWedOrBehead,0.26857221137318,Neutral
superdefence,0.8021451931963985,Pro
burtzev,0.268937592253954,Neutral
Aunty-Semite,0.307221546778513,Neutral
bubbleweed,0.359838662447798,Neutral
videoface,0.418609340322205,Neutral
maxshmax,0.2837017256584095,Neutral
goodman528,0.46666801410288833,Neutral
WeekendsAreTooShort,0.0925701981801368,Anti
doodledraft,0.30417398356813796,Neutral
siobhanfrances,0.503011691403525,Neutral
Oysterrow,0.24451558959972286,Anti
gccmelb,0.137293671110242,Anti
SolarMechanic,0.46264397567009,Neutral
WHAuden1937,0.3371749531184676,Neutral
ShinyJ,0.482188023638994,Neutral
readersdb,0.551452803332373,Neutral
Whale_1,0.0446037167783235,Anti
TotemToast,0.41994474920604424,Neutral
Kimtanle,0.183357522524309,Anti
SarcasmOverflowing,0.401607053251944,Neutral
Hymaniag,0.373106651827099,Neutral
joseph_pegler,3.19786971715563e-06,Anti
BenMcNevis,0.3063378480220907,Neutral
L_Almogaver,0.531573673146201,Neutral
jackdee001,0.349151032451195,Neutral
HonorableJudgeHolden,0.6793937210941063,Neutral
baumgartnermarco,0.283039198669493,Neutral
charlesluo,0.5105013642878176,Neutral
winetimes,0.415808295614902,Neutral
spottybotty,0.3716442789811176,Neutral
FredBargoi,0.889163669569009,Pro
ealdfrith,0.0607861009508419,Anti
-snollygoster-,0.24860505480574,Anti
Heruza,0.248525290884466,Anti
halcomboren,0.29043508711372,Neutral
whitmirenelson,0.780787157607488,Pro
Heart_Beacon,0.249091429568015,Anti
Vilmahr,0.576862237740226,Neutral
beelucky22,0.0926545335235387,Anti
ifiwasstupid,0.288916140460651,Neutral
army3215,0.318240664353572,Neutral
hlake,0.370030843243908,Neutral
PolityczneLSD,0.190509432324266,Anti
Ciarancallam,0.027733125269145,Anti
XtinaKon,0.36399130311024896,Neutral
Mises2Peaces,0.5088670613330958,Neutral
artgo,0.866620398371954,Pro
ArtProphecy,0.5026419760151963,Neutral
patinorudolf,0.426133617240461,Neutral
Altera_Pars,0.42669960505986637,Neutral
FritzWalter54,0.5628318246949797,Neutral
AltDotPov,0.2587629635400712,Neutral
lumloon,0.4679930509808385,Neutral
startpanic,0.40941790283383966,Neutral
SemenSoup,0.1872792072776807,Anti
swissukraine,0.5861132433926024,Neutral
Spearso,0.382815250742654,Neutral
stelladeluxe,0.31863924671704236,Neutral
KotHuncfot,0.7109646446888755,Neutral
CharlieT74,0.505820152821869,Neutral
Sabrewylf,0.5733892300843701,Neutral
Rataki,0.798779317762667,Pro
Minarchist76Libertar,0.526548658231158,Neutral
il_trek_,0.727586557364427,Neutral
MadMonkeyQ,0.551457365070871,Neutral
bjorn_turunn,0.171886614059308,Anti
CILew,0.37491099762916,Neutral
Georgalloway12,0.0915714034650871,Anti
p_deepy,0.42749039887456053,Neutral
NornIron268,0.0015354692595552,Anti
coonsdeacon,0.37853326307158,Neutral
Dhocco,0.4118083698180597,Neutral
jekor,0.2785863382785,Neutral
happycynic,0.0527427205580307,Anti
tillpoint,0.254344746042146,Neutral
studioyes1,0.54708068883198,Neutral
fholui,0.282320808296427,Neutral
shivajighata,0.577990958100103,Neutral
danstrand,0.7240889864035649,Neutral
whatisreddit536,0.258688439731128,Neutral
Uischebadass,0.30797527332876595,Neutral
heysarahscherer,0.41186711190327596,Neutral
EUcitizen2020,0.36494311705264354,Neutral
CODE__sniper,0.37600418585287254,Neutral
fireseven,0.233289421489381,Anti
odysseushogfather,0.4815496100303444,Neutral
relio2014,0.44507993665050005,Neutral
vieiraracheal,0.140323850306646,Anti
callaghandebby,0.415729910559626,Neutral
spiff1,0.5781798709475917,Neutral
stvnweb,0.562214350010404,Neutral
uptowntrump,0.3127806985925257,Neutral
hgggg1,0.1625823667134115,Anti
Jimmyjay7,0.6768975779256685,Neutral
JonCopper,0.352023482137942,Neutral
Cameron13041986,0.675677703425498,Neutral
flewdesigns,0.126493075896063,Anti
taxirideinlondon,0.403590338521995,Neutral
marbermusings1,0.785874776652994,Pro
rbassilian,0.605223016185866,Neutral
slackermannn,0.44768883507520096,Neutral
psychresearchOxf,0.3387880962704724,Neutral
123p10,0.500476107334201,Neutral
YuliaSpecial,0.283746529749633,Neutral
ESgoldfinger,0.5362594820438095,Neutral
Bobbakov,0.42890567903108,Neutral
WaylandC,0.208631898197631,Anti
designupdate,0.312321594641226,Neutral
schaise,0.438832843072428,Neutral
Double-ewe,0.548150386710297,Neutral
GaryPink32,0.37853326307158,Neutral
Pantomind,0.6421787674671421,Neutral
milkstake00,0.0877598579297483,Anti
relevantgreg,0.3061440856360925,Neutral
pfbr,0.4512239787915836,Neutral
PaulHybrid,0.216553256172817,Anti
ManofManyTalentz,0.37076848421836783,Neutral
charlesdt,0.112226180880099,Anti
ArticulateT,9.778065400696474e-06,Anti
Jesuz1402,0.53813260662921,Neutral
clairelehmann,0.949513171925056,Pro
pushkinkittycat,0.220783258238453,Anti
Brit-a-Canada,0.634463949938654,Neutral
REAGAN-SMASH,0.4340928738691247,Neutral
vizof,0.640296467685064,Neutral
jacksonbros,0.0003572235713785,Anti
ThatGuyfromEurope2,0.30666066023919997,Neutral
vallejocoy,0.0412887902133499,Anti
MaxMustermannYoutube,0.486491574607626,Neutral
mkellerman,0.20713323054121419,Anti
prodmerc,0.6003224847956528,Neutral
cginspire,0.399141185566486,Neutral
sugardayfox,0.349818450137922,Neutral
zBlue_91,0.706939613087549,Neutral
Vicki_in_Greece,0.277934738761528,Neutral
EireExit,0.4274858139906565,Neutral
PommyT87,0.5078895538019498,Neutral
varnenche,0.24743786019973252,Anti
BjornKarlsson,0.312009677265537,Neutral
willieYodel,3.4201370792472e-05,Anti
Ritchie53,0.485305346487807,Neutral
monkeyfetus,0.6726124707986475,Neutral
azamat1984,0.212745383215198,Anti
vasilenko93,0.6143574246614864,Neutral
candlemaker777,0.218405994097622,Anti
peterefrain,0.476849293306532,Neutral
gyulak,0.5127401017767942,Neutral
ninjaontour,0.4874240780478634,Neutral
Bman409,0.19197100676225298,Anti
Roberth1990,0.381479402708778,Neutral
poorman321,0.179870267614478,Anti
chalounta,0.7197763796475795,Neutral
Hefy_jefy,0.862350147352614,Pro
Cyclone050,0.28887519733644884,Neutral
rachelniblett,0.209630055725465,Anti
Johnny-Boy-Harmon,0.4698879258476673,Neutral
VenetianDogeOfDisast,0.487127290526961,Neutral
Kannanisawesome,0.768929229952037,Pro
UniversalThought,4.16114915477661e-05,Anti
mrwarman780,0.813791317433344,Pro
Kate12345108,0.204139968424005,Anti
taraabhasakun,0.557586095211781,Neutral
sandlinefren,0.42852466325206,Neutral
DoctorYak,0.23983235271177253,Anti
anytas,0.27843100288748,Neutral
nasonkia,0.0736690863560509,Anti
clousetyra,0.296273480438794,Neutral
oddment84,0.614588526859937,Neutral
bmwtroller,0.0615992756194993,Anti
Alcobob,0.6368005522319534,Neutral
BrexitChef,0.522274828110318,Neutral
Wordroam,0.3149990659248465,Neutral
cocoa_bongo,0.93471092042152,Pro
ashbural,0.34549980611596554,Neutral
VonEich,0.7098169929403615,Neutral
OddRant,0.3231612347596235,Neutral
raketheyard,0.550436595067694,Neutral
LaffingBooda777,0.521393305395494,Neutral
tellmewhy99,0.501539112054984,Neutral
m4nu4l,0.44686459318025,Neutral
elburrito,0.06417653663098485,Anti
vintage_kid,0.619750873302233,Neutral
abdsc,0.447103711396834,Neutral
ivotedremain,0.191878332152679,Anti
TheShreester,0.3228011218146457,Neutral
borisg1995,0.287083410680549,Neutral
kasperbruno,0.374080785502804,Neutral
AffPoint,0.454753466001787,Neutral
Jason_Chen90,0.407920620562074,Neutral
vmax77,0.31033725111934135,Neutral
ioannisvalmas,0.502642269297997,Neutral
PresidentBernieTrump,0.928158398025953,Pro
IndependentTurkey,0.053823011431299,Anti
JamesWarren2,0.395051843740669,Neutral
ash_poke_master,0.231329375016318,Anti
ImJustHereForPokemom,0.7097009333212363,Neutral
Thomqa,0.46008264620580197,Neutral
sunisharoy,0.372196909761969,Neutral
ganntimecycles,0.0259352479764943,Anti
cole8865,0.221882347677025,Anti
rjm_smits,0.45409569282455087,Neutral
NoIdeaForUser,0.353858159216599,Neutral
TrOuBLeDbOyXD,0.5502686457607635,Neutral
JamieCumming,0.362157365617811,Neutral
PowChiacotta,0.224158111016719,Anti
no1onsports,0.13966189911819,Anti
chalbersma,0.48721658064185996,Neutral
phototoday2008,0.35257870493948634,Neutral
tahuki,0.354824967301994,Neutral
woodennature,0.277396821880164,Neutral
vitaleelbert,0.179304524488808,Anti
georgemull,0.164529615915577,Anti
hannamade,0.504450092193423,Neutral
lukegenower,0.547760228869766,Neutral
andiszko,0.24415787813222672,Anti
JohnnyZenith,0.318398094520397,Neutral
Tom-Kane,0.250167101665731,Neutral
MyYour,0.218843465383844,Anti
uobgrad,0.387774566544821,Neutral
Contrapuntory,0.2747723369441674,Neutral
net66jordan,0.382284907802209,Neutral
RCS47,0.3291612711777914,Neutral
VerbotenPublish,0.610009549664605,Neutral
fuckingmindcontrol,0.9257496720078197,Pro
thebuccaneersden,0.6202165399132504,Neutral
wookat83,0.5217047869117615,Neutral
agentcis,0.131065094186156,Anti
getoffmylawn666,0.572091623480294,Neutral
lanevorockz,0.4635269544534629,Neutral
mathesle1,0.650916545846692,Neutral
ptcgp,0.06487149037662714,Anti
Yehuda3Hattiee5_,0.485088521300617,Neutral
chimeup,0.35107060984654404,Neutral
raisbeckd,0.5752969632622522,Neutral
ExpressTheWorld,0.475046598862258,Neutral
vibezad,0.216221564087751,Anti
rasilvas,0.443731135685594,Neutral
steph-anglican,0.46043920716051406,Neutral
neilmbateng,0.5338261743125,Neutral
ChartwellSpeakers,0.0174223089473809,Anti
Xisuthrus,0.464690367802613,Neutral
dunkin1980,0.05573734920148,Anti
ldom22,0.381618374281217,Neutral
relayrider,0.3988153838505752,Neutral
Wesley2Jeremy_,0.485088521300617,Neutral
SN4KES,0.5,Neutral
hfis,0.292809099173262,Neutral
Tobl4,0.3412238633187765,Neutral
anushka_roy,0.37853326307158,Neutral
MilitaryOutdoor,0.767498901315039,Pro
TheRealBarryHorowitz,0.90427525790179,Pro
ScottishHumourLaugh,0.636016760045769,Neutral
karlplanetes,0.5013301305133286,Neutral
echoxx,0.0370900365708874,Anti
dannyduchamp,0.5540049827642713,Neutral
renegadepanda,0.299025770293982,Neutral
BoyWithADiamondSword,0.0761193086228818,Anti
BarryOpdam,0.652910757012197,Neutral
familyvalues2,0.5026971858118285,Neutral
LTP1,0.20152747785894,Anti
aburrows78,0.167741307295552,Anti
aagoro,0.624032151960234,Neutral
aurora-safir,0.20152747785894,Anti
swidz,0.16279033574644228,Anti
Brexited2016,0.699317413570924,Neutral
newdigitalND,0.00117797971155975,Anti
POLYHAX,0.207641471085468,Anti
andrzejp,0.102044597171134,Anti
EUDemocraticParty,0.433432482857915,Neutral
seanhannit,0.063879106501435,Anti
MarcusTaylor,0.0148185322818325,Anti
401billion,0.345359852141879,Neutral
politicaluk,0.5656612780973356,Neutral
dashpaymagazine,0.0926656844082148,Anti
NEWS_OFTHE_EU,0.4334347727501896,Neutral
BenBrittain09,0.173810034911825,Anti
slyfoxy12,0.4402634001266547,Neutral
21jimbo,0.561800466868808,Neutral
davidisraelson,0.29722424206319253,Neutral
brexitbusiness,0.019473369738583948,Anti
AP246,0.709826960340488,Neutral
Jglezgarcia,0.37853326307158,Neutral
mary_roach,0.340983729129148,Neutral
weks,0.4481169259042136,Neutral
OFF3R_APP,0.6198234945936341,Neutral
tmff2,0.134123063985605,Anti
tonysandwich,0.0808673888784874,Anti
markhomer2002,0.7076453180797747,Neutral
aanilk,0.0937596093391133,Anti
EnglishBordersDuncs1,0.259288101857543,Neutral
NewsAroundTheWorld,0.36310126604335,Neutral
xenopunk,0.49946276051229205,Neutral
Brexithelp,0.0104498483226418,Anti
echofusion,0.5521151301665754,Neutral
VioletBeauregarde,0.0738497944433363,Anti
LameEagle,0.548304852521673,Neutral
MadSeaturtle,0.126365256109481,Anti
telmeri,0.16266802979250686,Anti
AndraEle,0.155438063102653,Anti
Sawyew3Conners_,0.554496534810137,Neutral
GoodStrat,0.38184739325309086,Neutral
ArtTenPosts,0.458100241605832,Neutral
Patowtow,0.365069159016176,Neutral
MCOD,0.446790559621612,Neutral
KatieContract,0.313164038487423,Neutral
tommytornado,0.4472254324084419,Neutral
InterestingTruth,0.2809455577197075,Neutral
Michael_Curzon1,0.5136650766070793,Neutral
hiro51,0.400502058535177,Neutral
Conservative-,0.410096352759109,Neutral
V13NA5,0.371231820556106,Neutral
PhiloDom,0.21268600919876665,Anti
jonelr1010,0.2620964973211405,Neutral
womblekat,0.174975735541423,Anti
trinitity,0.9262426742610125,Pro
PeoplenotPersons,0.144786602285857,Anti
maxxsky,0.844921202912946,Pro
PaulEncore,0.360950199531639,Neutral
JBullshithead,0.300258308756746,Neutral
La_annoia,0.825520976407726,Pro
744EvergreenTerrace,0.116352957897521,Anti
Mircish,0.3011061963940826,Neutral
FPMidasLetter,0.0799944074332152,Anti
Loubser,0.773742898808433,Pro
C-doc,0.2865104783598685,Neutral
duke_vandals,0.533087123607815,Neutral
Lord_Lucan7,0.4538968358834709,Neutral
Currency_Cat,0.4355586281018948,Neutral
paddymcg123,0.572658283995046,Neutral
tweeglitch,0.3513188210239078,Neutral
WeHaveBeenLiedTo,0.7067063825711875,Neutral
SidRambles,0.3607920451803695,Neutral
jackcadesghost,0.5524240791859194,Neutral
Plousio,0.168276106972408,Anti
monkeystolemyface,0.35856711820467246,Neutral
willsowerbutts,0.35408608813637604,Neutral
massiveskedaddle5,0.0278471601843755,Anti
bamboozlebamboozle,0.233668546370543,Anti
Cotastrophine,0.6205696011938286,Neutral
FinancialPlannerLA,0.328852776557365,Neutral
odoro,0.444441101727526,Neutral
paid-for-by-palmer,0.5391421090738737,Neutral
eep82,0.424849043767269,Neutral
bevmoon,0.246521847561057,Anti
Marhils,0.35660271940627,Neutral
classical_liberalism,0.391117096055454,Neutral
Stannoble,0.5464384607324249,Neutral
jjmoonshine,0.0929558447664592,Anti
want_to_trump,0.6624042563549558,Neutral
Subb0r,0.43525402593388,Neutral
jamiewareham,0.534009114207159,Neutral
omerb97,0.460109704879755,Neutral
pikadrew,0.42595786549058834,Neutral
segovius,0.49819494600651476,Neutral
mattkuppers,0.0155675703215574,Anti
vastlinks,0.10456563709930256,Anti
Nightinorenc,0.267248953747757,Neutral
Daktush,0.46261899064221235,Neutral
TRiG_Ireland,0.136469193748628,Anti
TwosipsTony,0.5477692258677083,Neutral
NCanton,0.3824234735274454,Neutral
mjharmon67,0.180575693442793,Anti
head-hunter_pl,0.5231763317489908,Neutral
fridsun,0.1761710909752564,Anti
Zarehj,0.30700486603210075,Neutral
GlisteningMeatpole,0.669872525584547,Neutral
monkeysaurus,0.3684679090933545,Neutral
brocq18,0.41219785121263075,Neutral
losurizen,0.22343877831030398,Anti
a_mad_scotsman,0.137728970574258,Anti
sscgc,0.15624534063248,Anti
CrunchyNerd,0.666254554076602,Neutral
L1990,0.436883748948956,Neutral
4gigiplease,0.5448025706155046,Neutral
Xieldos,0.194261277677059,Anti
Takafraka,0.1045768637371691,Anti
trad011,0.357501812135597,Neutral
aphextwinsbadteeth,0.324504666985425,Neutral
tweedpipe,0.521721430764362,Neutral
dontnoticemep,0.2000730474935401,Anti
DieMensch-Maschine,0.4077898921904338,Neutral
Inspector_Sands,0.36669560163448195,Neutral
ConceptPolice,0.359737478396496,Neutral
beankov,0.27948112912149375,Neutral
jenjun,0.0141991316704783,Anti
emmawork,0.460463093880248,Neutral
ThatGirlFeels,0.7404600008015347,Neutral
PeterOHanrohanrohan,0.548565829929749,Neutral
plinux,0.4553480420464515,Neutral
deenazaidi,0.089865081716729,Anti
ohdon,0.42747946753346566,Neutral
Stephan_Markus,0.39251078811045825,Neutral
sam11233,0.21813662157894487,Anti
seeriktus,0.4949016139086118,Neutral
adam_bl,0.300278658169495,Neutral
RantingRedhead92,0.453662444404271,Neutral
livi28,0.383487190920219,Neutral
lamberle,0.306819451684645,Neutral
gracewalter,0.999942432914129,Pro
icoservices,0.189041212211043,Anti
DaJoW,0.799365796658921,Pro
euzie,0.47687754996414267,Neutral
Sirnails,0.5135866624030191,Neutral
jackjo123,0.681185988797655,Neutral
IronDragonGx,0.5451110842360503,Neutral
coffeeblaster,0.482553092940868,Neutral
BetterApart,0.573283683359155,Neutral
fadetogreyberlin,0.706053009019605,Neutral
hatpie,0.692228076625003,Neutral
cjbouchermedia,0.300118716924037,Neutral
iknownothing__,0.878755527447011,Pro
Sumpfkind,0.538504462319747,Neutral
70FP,0.5,Neutral
Imherhusband,0.736699861356725,Neutral
dgdawkins,0.669734790514194,Neutral
xTroyvD,0.2441569626527203,Anti
GoodmanSimon,0.47845815942522163,Neutral
brainfrizz,0.0002432962138781,Anti
d15p05abl3,0.3873945296741732,Neutral
AbnerH7,0.113092407774774,Anti
thecodpiecedotcom,0.690968696823268,Neutral
caleb0370,0.625488214799106,Neutral
k2cougar,0.504890224939694,Neutral
sipcyp,0.110156954766202,Anti
andreasogamalie,0.75733347166165,Pro
TP_TV,0.748498336291803,Neutral
l_s_u,0.2496850140391,Anti
ruizscar,0.403290709375128,Neutral
DwindlingGravitas,0.6689313760107922,Neutral
onthehillG,0.6899165002767025,Neutral
Hufflepuff77,0.126282221384054,Anti
ElkRecruitment,0.270668089845377,Neutral
Valianttheywere,0.5384040331190862,Neutral
ksc_club,0.272668639404079,Neutral
awenga21,0.37655566681548347,Neutral
RefinedDuck,0.581119888923822,Neutral
Olivierrey,0.167795286574668,Anti
JesseDL,0.323364249566085,Neutral
Silverdevilgirl,0.35377974658172073,Neutral
zGokuu,0.43439486645548175,Neutral
dancoutt,0.499977321241219,Neutral
stratandbiz,0.260943716035235,Neutral
abrit_abroad,0.32422451253860674,Neutral
dohako,0.4092842283619003,Neutral
Magnificant-Muggins,0.24101198091845633,Anti
robertquirijns,0.642216789609629,Neutral
gambit270,0.2628079931259215,Neutral
matt2er,0.452340001778645,Neutral
LethalPrequel,0.115315474580772,Anti
Sarkolino,0.4344799366246106,Neutral
p3droalfonzo,0.143652266808597,Anti
conservaitve101,0.652844027531514,Neutral
worthyg,0.311975619497507,Neutral
peachesisacat,0.494853653112479,Neutral
3V-Coryn,0.000351160086762,Anti
LudovicBagman,0.452474519261586,Neutral
spikemilligansbrain,0.4955904392349679,Neutral
rpadovani,0.124965773449897,Anti
fridericvs,0.5725746359013149,Neutral
RECOVERING101,0.4219153779335609,Neutral
cuntais_eile,0.31323578433774,Neutral
British_born,0.321479807492186,Neutral
keenan1001,0.3793760175923156,Neutral
bigsergio4,0.513451364070855,Neutral
Anna-Lee-Parker,0.208467988693899,Anti
thesoloproject,0.0816632221308078,Anti
sebastmv,0.275923950107826,Neutral
dhepdbeidht,0.5272003699247805,Neutral
spinoffearth,0.369368360718382,Neutral
globalgatewaysiva,0.4632841635895055,Neutral
GrahamNott,0.494473522289128,Neutral
Tgffrdff,0.8309397940759545,Pro
AlanPlace,0.5971668781147011,Neutral
_PJay_,0.354988492226394,Neutral
HillaryRockz,0.52980244035652,Neutral
evdog_music,0.4448026535655514,Neutral
mattsslug,0.39283622816470326,Neutral
mrstephensumner,0.372976120684412,Neutral
HotDiggityDingDong,0.442417387397927,Neutral
Levitating_Scot,0.911363719465154,Pro
bribricolibri,0.7372602202501854,Neutral
shesalito,0.45864472450866,Neutral
jwmanthorpe,0.5128415930176631,Neutral
noemonas,0.135231539112437,Anti
supermeatgirl91,0.5205302413283176,Neutral
psioni,0.624182024709375,Neutral
casperwhitworth,0.390349060566796,Neutral
abbyreedere,0.06860993590489298,Anti
CocaColaManager,0.933262409323517,Pro
MrBREXITNigelFarage,0.37002872224161254,Neutral
sgarlyzhang,0.514697084001759,Neutral
OlivePressNewsSpain,0.3420448062565206,Neutral
philipmoufarrige,0.107183836333485,Anti
barindou,0.299730675527644,Neutral
_Waygo_,0.5846584661370544,Neutral
Outcats,0.349673391039512,Neutral
TanyaRC,0.110744959046959,Anti
engineeringstudent01,0.412492935304392,Neutral
LiberalElite999,0.279365300719333,Neutral
jacquesopper,0.328710108092944,Neutral
BrianWarnersAss,0.0335423173482526,Anti
maxine99,0.276785312904882,Neutral
svenpls,0.3654308685295847,Neutral
mysticgeoff,0.5429690791527568,Neutral
BluceyTCD,0.37647645111229827,Neutral
Mwask,0.16654036085683463,Anti
Moltaar,0.110429991807339,Anti
AnnaWella2323,0.3443566531310096,Neutral
MrTrentUK,0.954260119022055,Pro
NickGBreeze,0.21364857648359167,Anti
Throwaway191045,0.25867530627306,Neutral
empressofglasgow,0.4717807870085066,Neutral
faster_farman,0.010791982340016151,Anti
nktk1995,0.0123953968327694,Anti
muhmandudefriend,0.289596405368297,Neutral
LimestoneSouth,0.3207770162788695,Neutral
K-Rose-ED,0.4535710841685456,Neutral
df3rry,0.3963089178473535,Neutral
SupSquark,0.050793021907517354,Anti
thinkjones,0.14768232134763,Anti
dirtylifeandtimes,0.0274790816419856,Anti
krepublik,0.184015290156808,Anti
gameguy8888,0.892958143598281,Pro
Droombopper,0.379687090311651,Neutral
Dread-Llama,0.1280052699316925,Anti
pigggpennn,0.986783296648035,Pro
SimulatedProphet,0.5288056356635296,Neutral
adriantupper,0.306861593296198,Neutral
IntelliTV,0.236121279406079,Anti
duncanbannatyne,0.504812648411743,Neutral
digital_wino,0.0069079499286604,Anti
Terry_Bell,0.5175377194019838,Neutral
AonghusMacKilkenny,0.476913352833654,Neutral
Aviatorearbuds,0.4513475539074427,Neutral
harbourwall,0.41875234746280204,Neutral
leannekera,0.51360032533106,Neutral
360yt,0.864758867206997,Pro
EDeMaeyer,0.3095593626771753,Neutral
jcyb9,0.7902506065357051,Pro
RocknR0IIa,0.576083794829548,Neutral
fakenewsfakenews,0.6828702802530591,Neutral
theguruf1,0.3805377464686055,Neutral
Reiss_edwards,0.631476087276381,Neutral
PHCBS,0.556102068458835,Neutral
smvo,0.3586949385765555,Neutral
pimenta76,0.6441645570600117,Neutral
annieblitz,0.3712495713737105,Neutral
chirpingbirdie,0.0843924108016916,Anti
DarkKarpeles,0.17540938952703256,Anti
voyagerdoge,0.41644255268444796,Neutral
anciaux41,0.5,Neutral
garycarlyle,0.4990784299449518,Neutral
sc_sc_sc,0.385084277305205,Neutral
palmeirasuk,0.282815120380085,Neutral
ferociousonyx,0.39247792011651056,Neutral
robkun,0.5697144971222465,Neutral
wishthrow11,0.4763433585568762,Neutral
Brischu,0.356767631739271,Neutral
kc49er,0.31609131887054986,Neutral
Lelouch_Di_Britannia,0.171822904560246,Anti
tur2rr2r,0.4340309281510334,Neutral
nicosy,0.16080950974717237,Anti
smashy,0.227345090929225,Anti
Paulo_Marques,0.532358615836082,Neutral
Joshwillway,0.30004625994939,Neutral
psypher5,0.0097032076214974,Anti
GracefulEase,0.412238768374421,Neutral
Bowlehat,0.239188373060149,Anti
Petemcfuzzbuzz,0.43551357030722465,Neutral
CharlieLennox,0.2635173943767422,Neutral
Cloudoftrees000,0.37853326307158,Neutral
Woogle,0.0307469009322516,Anti
DEYoungRepublicans,0.400338519250036,Neutral
refrmr,0.3055521199666565,Neutral
Ka_Coffiney,0.10498586213039,Anti
PhilArtman,0.376796521462903,Neutral
Blueismyfavcolour,0.506553153782896,Neutral
blackisler,0.47797016098543704,Neutral
ukpolitical,0.341579477131567,Neutral
turtle_xxx,0.0379924387591733,Anti
am1985,0.5479402911509297,Neutral
HipsterCat49,0.4654754499167275,Neutral
japay27,0.535256538375484,Neutral
leslie_chapman,0.29702477063216876,Neutral
The_Eurosceptic,0.4104119149706315,Neutral
shipingsupliesbymail,0.10388786545478265,Anti
JamSlapping,0.6642317629472025,Neutral
chooseanickname6,0.775281415258235,Pro
StubleyBubbly,0.327114736567567,Neutral
emma0071,0.4458526048046255,Neutral
EconSociology,0.0027287195702677,Anti
Psinaut,0.262414927881424,Neutral
sgs_insights,0.454672077024496,Neutral
NewsInGeneral,0.294924310542782,Neutral
icecreamtuesday,0.7972966307921542,Pro
jmewhyte,0.596070953003657,Neutral
Pintofwaterandbeer,0.747373396024915,Neutral
Ralome,0.4030831819714163,Neutral
kitthecar,0.5080973689169982,Neutral
BlowMeHoney,0.235571240508497,Anti
TerryTibbsTalkToMe,0.450369186308884,Neutral
turcopolier,0.288266016111498,Neutral
WhiteTearsForFears,0.5,Neutral
TomK32,0.5043133531513201,Neutral
snarfiscus,0.8053308347882131,Pro
komsho,0.374849505108033,Neutral
vincentbounty,1.41250795363074e-06,Anti
Henriette_8,0.24764034904869603,Anti
parliamentdemo,0.310539692803184,Neutral
constructorx,0.4477330573818695,Neutral
wbuist,0.3408095820345979,Neutral
UnexpectedTruth,0.189228818484032,Anti
frenzy3,0.505951306552173,Neutral
myownway_,0.3218237285015898,Neutral
PowderTalk,0.6225638515782215,Neutral
VicenteOlisipo,0.3863385518358087,Neutral
hearaboutit123,0.233449859137874,Anti
Foodrecipes-tk,0.17963551693699084,Anti
BeardedJB,0.4521572202947684,Neutral
Redirecteded,0.7870843109496455,Pro
IAmEnigmaticTho,0.3610487140957372,Neutral
uk-made,0.348123226603433,Neutral
gruffstuff123,0.643342724882879,Neutral
serap5,0.37853326307158,Neutral
liamflood,3.74239601599056e-06,Anti
Vincoletto,0.4888616173863628,Neutral
Political_LOL_center,0.542852616600948,Neutral
cami-p,0.8717712547836622,Pro
Whatsthedealbro,0.09167740568407864,Anti
ZeroPointNow,0.572472243936794,Neutral
SamSchpasm,0.3997510989140318,Neutral
akande1759,0.3571389816388,Neutral
Molloysaurus,0.215320560208139,Anti
rollingjez,0.43555917718722253,Neutral
Arktic,0.268402359789977,Neutral
ROMY78RO,0.358283454502138,Neutral
LokuMalli,0.224543464982267,Anti
amgiecorker,0.2683226211550529,Neutral
cristicristi8160,0.174944595314402,Anti
wickedskengman2,0.4909486046814493,Neutral
lifeTechnicolor89,0.2005780726625635,Anti
simonharrisbcn,0.298911573640082,Neutral
misssuziemac,0.273075838807951,Neutral
katyzski,0.30434747893076,Neutral
Virus4762,0.3520054138917144,Neutral
ysangkok,0.56219590989591,Neutral
the_girl_who__waited,0.30129418544486164,Neutral
sgtm17,0.5553711450633346,Neutral
Startupdonut,0.459286995711145,Neutral
AnglebertFunkyDink,0.42363048042054363,Neutral
politicscurator,0.4083028723703855,Neutral
ohohButternut,0.4978033663814817,Neutral
mrstody,0.0703316195374994,Anti
Petrusa,0.27837450437212,Neutral
TwistedAero,0.40486393532587583,Neutral
TheEmperorOfNothing,0.06789018983076132,Anti
Futurelord,0.266822201585418,Neutral
DavidHall1,0.22513490075821063,Anti
Paul_BlueChief,0.52175490212552,Neutral
TheDJFC,0.3866448618023806,Neutral
timotski,0.5307025898056829,Neutral
kodysatdown,0.405872257479033,Neutral
ArcadiaXYZ,0.4010777734905156,Neutral
gropbot,0.5209457921185465,Neutral
chrisjm225,0.271529218148355,Neutral
Mr_Sticky,0.721443136522157,Neutral
Sam596,0.3870916701208304,Neutral
frr149,0.3943580528565065,Neutral
THinchey,0.4362647980909925,Neutral
HorseBackMongol,0.4763033176039513,Neutral
normanbatesmotel,0.5121560017970279,Neutral
rickwhulme,0.116452333332037,Anti
thatlazyedwin,0.4849033123154335,Neutral
Angela1122,0.36264727670233105,Neutral
junction13,0.517794352097037,Neutral
Baapkaabaap,0.3197058320311925,Neutral
dansteele38,0.568378259309458,Neutral
PottedNick,0.10520008629945019,Anti
phpadam,0.46763653583640713,Neutral
hjhkhkhk,0.40369403204811,Neutral
HarboringOnALament,0.28233452251080926,Neutral
lc1456,0.438576974462549,Neutral
holtacus,0.5181017615629634,Neutral
lewisdragonslayer,0.5262641011647515,Neutral
DTHI-Demitrios,0.5614075443257719,Neutral
AlMcElroy,0.469091347736219,Neutral
ratimbum,0.3071761698101559,Neutral
irlnpc,0.0779382851232661,Anti
Vailhem,0.485603402024973,Neutral
qtcv,0.506417025154545,Neutral
ffngg,0.465721463912144,Neutral
all_the_keks,0.2820848290348208,Neutral
rubblaz,0.9904580884080506,Pro
ajla_v,0.322349089290028,Neutral
dylanatstrumble,0.347618776493227,Neutral
essanchezblanco,0.190635565560842,Anti
RalfN,0.0670850452597552,Anti
Halvthedonkey,0.688808332988586,Neutral
thesqua_re,0.180030903052453,Anti
Kimonokim,0.0826232966144012,Anti
Unic0rnBac0n,0.7109198352273485,Neutral
ideainside,0.5884642955187975,Neutral
beingdude,0.0982261918227155,Anti
AnswerMeNow1,0.5214306705410909,Neutral
spoofynews,0.213296437101229,Anti
Alsep,0.7885074331723194,Pro
DrFreeloader,0.401686458168753,Neutral
bertiiieeeeeeeee,0.5,Neutral
akirby1,0.2698162517576867,Neutral
AlessioPires,0.195684982221726,Anti
lovingcello,0.263668818546625,Neutral
Elirantus,0.25363389645509204,Neutral
Zettian,0.339922519434929,Neutral
Alexneilestateagents,1.1923795021245702e-09,Anti
znk3r,0.22723860052209843,Anti
PersonWhoLikesReddit,0.0720392502727965,Anti
cfist1,0.663736120604688,Neutral
Showmeyournews,0.492746570524414,Neutral
thedubrovniktimes,0.591370785072076,Neutral
dubvision,0.514480147566616,Neutral
kcrazykid,0.246533720027703,Anti
kickeminthehead,0.460463093880248,Neutral
3lit3n3ss,0.4019919945548665,Neutral
slimguydave,0.284423472654854,Neutral
GREY_SOX,0.37853990777310903,Neutral
tank4931,0.5343452899619054,Neutral
akejavel,0.391080099823692,Neutral
QuestionHere101,0.5238868358443004,Neutral
StateraVitae,0.6984975578040358,Neutral
Pranav1999,0.0368673026844962,Anti
David_McDonald,0.223787885374134,Anti
sebs303,0.48728120148398724,Neutral
FNisforbobos,0.5836090744631852,Neutral
RedTerror88,0.47543556272304704,Neutral
WhyYouShouldCare,0.05574282519152117,Anti
johntechservice,0.169803759694523,Anti
LilacPlains,0.676356867286475,Neutral
DavePenguin,0.4538663396551683,Neutral
sambufe,0.20149569785073906,Anti
TheMicrowaves,0.322990726790121,Neutral
TheFarTooLateShow,0.465141642416711,Neutral
Bulldoguk201,0.704267153286106,Neutral
dougie173,0.679788913480172,Neutral
samswann,0.328562191306883,Neutral
eggfarter,0.0110403542617226,Anti
sweetredberries,0.4185524876267696,Neutral
notesforspacecadets,0.399574729184181,Neutral
N1njazNutz,0.597234812343907,Neutral
timetoshine27,0.595933707182631,Neutral
Brumcar,0.5400116426910305,Neutral
medievhistories,0.5564058347964186,Neutral
eliotman,0.5069749204161991,Neutral
secondsniglet,0.34823488297436095,Neutral
fredus29,0.366935698778712,Neutral
prpchannel,0.217776498034614,Anti
_Happy_Camper,0.44227714088726516,Neutral
CostlyWrath,0.505171150287211,Neutral
elliottherobot,0.202083337378639,Anti
Andrewpd,0.22707326628022095,Anti
BrexitFears,0.0083978046021185,Anti
nw-uk,0.269324804769565,Neutral
Abyssthatstaresback,0.452470216854968,Neutral
alexoc2016,0.626004507882635,Neutral
JakeyB91,0.7395490962731209,Neutral
Illidaind,0.692249972355562,Neutral
adjaniisabelle,0.40394220510983503,Neutral
cubechris,0.400230594308682,Neutral
SeeCrestHulk,0.258500743811785,Neutral
Jimmy88745835,0.39028220204842756,Neutral
danvg1985,0.0567869607796402,Anti
DANNwIZ,0.5491615777365821,Neutral
Shalalalasha,0.29001160797818887,Neutral
GodofPrimiludri,0.0406585569204085,Anti
Leocto,0.6863696000315386,Neutral
Thoth_the_5th_of_Tho,0.32209151289210547,Neutral
ScotJockSweatySock,0.5101492912456375,Neutral
gimlet-nosed,0.33641555349494356,Neutral
Clerping,0.3009804527211202,Neutral
CerysGreen,0.999999943743227,Pro
fractalvoid,0.3240669131194958,Neutral
odwdissertation,0.362778324297962,Neutral
SameerCrowdinvest,0.296567905477855,Neutral
CouldBe2,0.387277151374486,Neutral
0Grapevine0,0.50300361792889,Neutral
chrisstaniboi,0.429951020789759,Neutral
potato_scale,0.12570231215428762,Anti
OtherPeoplesPolitics,0.400552249400922,Neutral
conallkeenan,0.364102294482175,Neutral
APB2710,0.35332964276860873,Neutral
Mr_Bearding,0.391656165016963,Neutral
sinamatthias,0.38550174455562175,Neutral
Notsonicedictator,0.5033146964929794,Neutral
Neidrider,0.608279223509209,Neutral
shinshinuk,0.387471783261698,Neutral
investnews1,0.0894269827810261,Anti
rco2112,0.467940517076184,Neutral
SU_UK,0.231693830044827,Anti
braapstututu,0.399530284012432,Neutral
Outu,0.5057006374731687,Neutral
xatian,0.6656357995829764,Neutral
pierre_maynard,0.68243323722633,Neutral
rafhelp,0.614114057774482,Neutral
raihanstar,0.4014254507782512,Neutral
computersaysnoooooo,0.3768678370593995,Neutral
BigJBGreen,0.202087188519471,Anti
redittaddict,0.711269613274975,Neutral
mynewsfilter,0.37156359625774854,Neutral
DoctorProffalternate,0.24947695814545243,Anti
lex25288,0.5102637172038624,Neutral
Al3Ska,0.4195670332636417,Neutral
BaconCatBug,0.47183221441578105,Neutral
_yourekidding,0.6493618365859225,Neutral
drunk_intern,0.5,Neutral
andfinally1,0.37853326307158,Neutral
fussballprofi,0.262379055410278,Neutral
Bootscum,0.0005392569935735,Anti
rsigroup1221,0.2830811841024683,Neutral
mr_j_b,0.3636028319019577,Neutral
radarnews,0.263549074648765,Neutral
whichbrexit,0.442287510272517,Neutral
Thezenstalker,0.5213283402223858,Neutral
montyxi,0.316165578484146,Neutral
TaintedBeast,0.62010825416147,Neutral
buffylovr,0.508635448652442,Neutral
j1sy,0.49336040127919795,Neutral
LtCmdrData,0.325146819954514,Neutral
vinokess,0.4887670743592227,Neutral
bitzer_maloney,0.635177857402333,Neutral
RashaAthamni,0.0256493714550192,Anti
HoppyHenderson,0.107110309715301,Anti
Be_Judged,0.399528627004537,Neutral
DancingDisco,0.492488898900382,Neutral
EURef_Research,0.1567880298628855,Anti
d1l3xitDm,0.528476737511203,Neutral
irinatmm,0.5349882758445338,Neutral
JoeLopy1,0.35053406183638863,Neutral
Heruss100,0.444164907519344,Neutral
andrewalkerpage,0.428541938221691,Neutral
Voyager87,0.5357780380410428,Neutral
CreativityResearch,0.05149110260834319,Anti
ottiiiiiiii,0.619360310046772,Neutral
fgeach,0.121733299901633,Anti
wordmuff,0.352555356846835,Neutral
EconomicsGuy1,0.345384475387947,Neutral
RichterRicochet,0.263832900833503,Neutral
Tardent,0.15108912167399896,Anti
MrPuddington2,0.389377916425817,Neutral
PLanPLan,0.44622847708016505,Neutral
dingusydingus,0.841208347151275,Pro
tur2rr2rr,0.4185930790603838,Neutral
running_over_rivers,0.196313823759602,Anti
MASSIVEGLOCK,0.3856302477223122,Neutral
TheLegend0fLeo,0.3883449810895143,Neutral
Amy-lewww,0.318241329232185,Neutral
polaris64,0.15543646124281346,Anti
mguzmann,0.5083187723401247,Neutral
helen-marstonnn,0.470605093107324,Neutral
Ippreview,0.553058730136236,Neutral
iknewit4sure,0.801522807552944,Pro
williammarkson,0.0296769812257127,Anti
feildingcage,0.146269174847945,Anti
ikinone,0.31585104537037273,Neutral
ziemen,0.5472923440351343,Neutral
gruffnutz,0.5529270830082074,Neutral
theflanimal,0.850228559429793,Pro
gensokolsky,0.37853326307158,Neutral
moomoocow88,0.46571623500542164,Neutral
Mutayshun,0.113976218640784,Anti
GeePee29,0.44007859403223193,Neutral
misrdanskellinika,0.4847748734880971,Neutral
lindobabes,0.7033665722899496,Neutral
pastorgatorcoot,0.137925859131445,Anti
brent_mused,0.5796365739458323,Neutral
000MIIX,0.560066941836832,Neutral
bronsky1,0.4167022362702055,Neutral
aahaspliff,0.3790463505773085,Neutral
MoMoMcJew,0.5944520361313804,Neutral
ILLUS10N5,0.14377756427502333,Anti
twikko,0.376796317234243,Neutral
tupungato,0.617119155147489,Neutral
DrivingideaRu,0.4776393230159648,Neutral
nujiton,0.32578790614759967,Neutral
Spacedpokemon,0.51955686759856,Neutral
Quetzacoatl85,0.43127647928988216,Neutral
1oad-more-comments,0.540743182289902,Neutral
mfajardon,0.5399817534278056,Neutral
anievesfin,0.4312287382484505,Neutral
EUNN,0.19728185944815602,Anti
nc28314,0.22399080312791256,Anti
Roble30ttt,0.5158696062404008,Neutral
m1ll1bug,0.312005797438154,Neutral
andylockran,0.32580514315035447,Neutral
myhighstreetdeals,0.254653553732814,Neutral
Fiishbait,0.497013566061444,Neutral
Abimor-BehindYou,0.45745198732825887,Neutral
ecalc,0.46798543448712243,Neutral
IsraelNewsOnline,0.81938258871339,Pro
drgat,0.38120206766593717,Neutral
jgbaggins,0.435022440172623,Neutral
Slojanko,0.736630123476893,Neutral
Sophia_H,0.586935218456734,Neutral
twat_and_spam,0.316960203110829,Neutral
Jonny-J,0.4598748975351908,Neutral
LeHappyAccount,0.396749004884537,Neutral
uberdavis,0.45697364554617775,Neutral
Superlow1ey,0.5677220426004659,Neutral
SadrinaCsITall,0.659431331509874,Neutral
tonyfitzgerald,0.44044141241941304,Neutral
Archodechie,0.6551610483570144,Neutral
polic293,0.44079621577183836,Neutral
Yabberdabberdooo,0.6029338015688,Neutral
mohaimin398,0.598811650907597,Neutral
arsetalks,0.0735765976580025,Anti
SpaceEngineering,0.3513272621335645,Neutral
RunAgainstTheWind,0.3223999335552985,Neutral
johnny_briggs,0.6751711412312044,Neutral
Nicepix,0.6147543752988652,Neutral
kpatlong,0.0022073596536702,Anti
changedespair,0.5905155925639313,Neutral
Kiaronkiaronkiaron,0.3727989829283579,Neutral
danmakessomevids,0.4424714346735194,Neutral
Fuckyousantorum,0.268493701395366,Neutral
throwawaystuff00,0.0341386673343592,Anti
Khawarshehzad,0.05549287365299,Anti
fabbu,0.300900221422908,Neutral
autogaz,0.221457559430062,Anti
pasalposuk,0.5,Neutral
Fortituda,0.2526159812364963,Neutral
Drachsi,0.350323685733456,Neutral
essaywanted,0.178522490413952,Anti
abudj,0.3973282234493463,Neutral
justconstantine,0.0006008030833872677,Anti
kippax7,0.806807817596576,Pro
just-amazing,0.484992425625311,Neutral
blah-blah-blah12,0.5131348379228861,Neutral
markrowney,0.382144262553727,Neutral
1973porsche,0.308077812882772,Neutral
fuckmyneighbours,0.5,Neutral
salwaaq,0.0550640028415547,Anti
B_2800,0.227468548493558,Anti
prinex,0.5237862945146688,Neutral
JSAlberts,0.2389539903044472,Anti
vilifiliauto,0.42523976005849373,Neutral
EatArtDaily,0.534925354998338,Neutral
Menamena1,0.520647206605733,Neutral
johnjohn2222,0.203411985493746,Anti
anievesecon,0.66404321198098,Neutral
kaneebo,0.19467672123434426,Anti
Danielanthony85,0.300869931704583,Neutral
KingCamembert,0.994882051678254,Pro
Jesaul,0.5402341369039981,Neutral
marius571,0.400067617908792,Neutral
Veeck,0.692268503181287,Neutral
CliffWM,0.43952839679951305,Neutral
WHY_DONT_EU_LOVE_ME,0.41539389217629,Neutral
raynescc,0.5308497498184318,Neutral
ezequiel-garzon,0.42179836388615954,Neutral
SniggeringFool,0.7064145406999273,Neutral
ScarletIT,0.4922405132084221,Neutral
StrixTechnica,0.2563821863343343,Neutral
Bazzax,0.6054399361171401,Neutral
coincrypto,0.0040613719746117,Anti
yacc143,0.3910993106668791,Neutral
OfficialJKRowling,0.261355807198806,Neutral
DeadlyDamo,0.2790737217645799,Neutral
dx1012,0.4649144601253153,Neutral
woodyallenpages,0.5207999203625351,Neutral
punkthesystem,0.3142996541541451,Neutral
pourous,0.347679343357166,Neutral
SideburnsOfDoom,0.4166455783479475,Neutral
marmaladeontoast,0.599965239586242,Neutral
apkaapnaac,0.495184207939635,Neutral
DesmondLast1,0.5824707969009295,Neutral
Gillibrand,0.47461044205319775,Neutral
jennifarmaria,0.347376298474576,Neutral
kreinaeg,0.27565586630751365,Neutral
hnewbs,0.37326204678123365,Neutral
myothercarisayoshi,0.27841820794097066,Neutral
168hoursofreddit,0.7680070409829903,Pro
ArchbishopMegatronQC,0.4213319730700385,Neutral
Rynu07,0.3436299786544641,Neutral
sebastienne,0.4743437197077022,Neutral
poopatine,0.3545630286115018,Neutral
agreatbecoming,0.398406961606079,Neutral
wtpayne,0.443263916863782,Neutral
TheOriginator98,0.585000548157164,Neutral
cudoe,0.07904117093528365,Anti
mr_el_,0.390058549799095,Neutral
negativebastard,0.232919835771757,Anti
basketstuff,0.25068075708370124,Neutral
Greengoblingogo,0.3332889940301331,Neutral
hansfrance,0.0030816520668146,Anti
the-slasher,0.537903303971512,Neutral
Gulliveig,0.3794552977337401,Neutral
eurasiantimesnews,0.485548768143339,Neutral
zizou92,0.2128650288024816,Anti
hanseknight,0.565621660094623,Neutral
BlackCaesarNT,0.12304262987271054,Anti
jetpill,0.5083189398157522,Neutral
JHAMBFP,0.248919468921991,Anti
benaston,0.4832548141629149,Neutral
redpillshark,0.668009785786119,Neutral
LeChuck85,0.543019876688045,Neutral
sandersteads,0.320806320509106,Neutral
U03A6,0.4051176338344018,Neutral
city_as_landscape,0.549910433244265,Neutral
mattjstyles,0.2604279270286642,Neutral
Knowledgia,0.322549641186636,Neutral
YuYuHunter,0.625466733209411,Neutral
throwaway_0002000001,0.5693380145356128,Neutral
Populare_yt,0.5467047787393428,Neutral
EUjourno,0.3271560868095265,Neutral
cycle_gardenvisit,0.5074992704072178,Neutral
Persetheseus,0.5469926824423803,Neutral
dailydonkey,0.863160115543857,Pro
finisherino,0.209256597084152,Anti
JMR_RMJ,0.06015373168992983,Anti
CillBosby210,0.216534260841526,Anti
pvn11,0.99999999999662,Pro
remoaner,0.20355092415705,Anti
Akavenn,0.16455879584424546,Anti
Elses_pels,0.4554476534277072,Neutral
OudeStok,0.29709495261319285,Neutral
fauconpluton,0.5165672831374251,Neutral
skepticalspectacle1,0.266516031067434,Neutral
Dubbeth,0.5621262782546327,Neutral
IHeartEU,0.527289293147934,Neutral
Trot__Trot,0.304056486884896,Neutral
theN64generation92,0.503852575618892,Neutral
Benchen70,0.49980805584678306,Neutral
md81544,0.4370249226388057,Neutral
DrStevenSpielberg,0.577897761517057,Neutral
donlisten,0.519331255070911,Neutral
manda_zukic,0.41125120242167,Neutral
GarethPW,0.240849633915634,Anti
hashdev,0.3428602546093267,Neutral
Pickett800T,0.2441423517071919,Anti
LOCBrexit,0.559174334998857,Neutral
antyg,0.0600570712841899,Anti
Johnnewton146,0.7832948983152794,Pro
akmur,0.36885695298768423,Neutral
ZarathustraSays,0.881957666794413,Pro
DutchWarDog,0.402602585035071,Neutral
K_Lawlor22,0.0096106721392959,Anti
Erewhon1984,0.699069738360567,Neutral
BirkanG,0.36589317597096,Neutral
sxh967,0.46839115875406173,Neutral
frankster,0.4368996744934206,Neutral
bla5er,0.384848403455742,Neutral
Stevenrweiss,0.547355534768555,Neutral
alexd_ricci,0.358269678151863,Neutral
WasauDude,0.43610212771965595,Neutral
postingmycomments,0.6028641524298025,Neutral
britboy4321,0.5275364543260209,Neutral
paulnorth,0.445223553472008,Neutral
manish6,0.41718785076405834,Neutral
brexit_really_sucks,0.367394079087169,Neutral
Wearsider,0.4008492781790666,Neutral
Recruitment-Synergy,0.4095311176973865,Neutral
AmericanStuff,0.3162246980318809,Neutral
SaulOGrady,0.24811040168069534,Anti
arrangedmarriagescar,0.3750283715164675,Neutral
decisively_unsure,0.5899787244230279,Neutral
Anti-Global,0.47191807826711674,Neutral
Haduuken3D,0.3015431032088624,Neutral
ilovebohoclothes,0.388885673952053,Neutral
eld00d101,0.46602003984405355,Neutral
emma_charlotteb,0.24611487506647775,Anti
Gav4President,0.5773647529248885,Neutral
jandendoom,0.48957974525349196,Neutral
oharkaifa,0.474213083358495,Neutral
Evil_Jee,0.23826219175259936,Anti
raffu280,0.712313576005766,Neutral
i-touched-morrissey,0.574808049374275,Neutral
fedepiz,0.3541269924623378,Neutral
feelix,0.0906189478834734,Anti
fullmoonbeam,0.47057492013045693,Neutral
bohotribe82,0.329149355718957,Neutral
Bumbibonki,0.2582970090915154,Neutral
lententab,0.745712379713806,Neutral
d4rdrdr,0.30414610032866846,Neutral
goeie-ouwe-henk,0.3636130865727561,Neutral
gregortree,0.4697956423640832,Neutral
kempnaomi,0.999632890045242,Pro
sunglassesatmidnight,0.126633789145037,Anti
Xatom,0.42625340259924643,Neutral
9kd0a_3r3_vb_a,0.46207474715559893,Neutral
FiveBooks,0.08241952484259614,Anti
minieggsman,0.7898503617189303,Pro
Yamamba78,0.3585620255358307,Neutral
wander4455,0.46105786064975357,Neutral
tupeloms,0.4884248737052454,Neutral
namedontmater,0.432185063766136,Neutral
the_dailynews,0.6090165423898224,Neutral
AssimilativeMays,0.353325633407144,Neutral
Herbstferien,0.6367992861512077,Neutral
TTGamer2001,0.4720965733094513,Neutral
Eponius,0.3956472950591918,Neutral
SirJoePininfarina,0.3595140744597995,Neutral
Iancairns01,0.196331587796644,Anti
tendentiousb,0.28707786918735,Neutral
alshaw,0.0856120843895508,Anti
mikedep333,0.402857383282078,Neutral
americangcadmin,0.577032844059539,Neutral
AnomalyNexus,0.46699232230991516,Neutral
MsRebekar,0.321708206819326,Neutral
Veganpuncher,0.426740201608892,Neutral
TUM6266,0.0020864647527564,Anti
coinpedia,0.259907282793555,Neutral
Nelly_the_irelephant,0.30654013478915926,Neutral
Rosta_Roc,0.27188348423294,Neutral
slartybartfast_,0.5383937252797178,Neutral
newsgards,0.417680759082088,Neutral
creamiceandcakes,0.378641395266447,Neutral
Typewriter392,0.0382018178165215,Anti
ytrewq45,0.49921534907470516,Neutral
paulkimian,0.5278890767545765,Neutral
daithaic,0.657173355561739,Neutral
Druss_Rua,0.33144089483403605,Neutral
BrooklynShatterDome,0.193469763818393,Anti
spetrovwh,0.3986834006139549,Neutral
Unionduck,0.11491272364439,Anti
stevenmeyerjr,0.3517034501757744,Neutral
BIGSEB84UK,0.371019923139573,Neutral
hojdog,0.46779406831232273,Neutral
MatthewThoughts,0.40086012967876405,Neutral
squidboot,0.613289689430963,Neutral
havanabananallama,0.45726869487571936,Neutral
CESRAN,0.356999708922466,Neutral
isaacsmile,0.4609756205870351,Neutral
Hacket4Jacket,0.0162711692671221,Anti
captain_goodnight,0.46406397302548985,Neutral
Cheekywinfordabois,0.43460615302633915,Neutral
Joseph_Cooper,0.109058849629486,Anti
Archimoldi,0.16413007074598,Anti
georgeb97,0.37376253336228343,Neutral
Robert_Jarman,0.6180664090317064,Neutral
anooname,0.2637499014103763,Neutral
ghidorah221,0.5343147720889835,Neutral
jo726,0.4487413116218304,Neutral
Frecoplo,0.5685301207615766,Neutral
EuropeCharlie,0.3069165121454823,Neutral
nextr,0.3290640499279895,Neutral
Austifol,0.4561330083245625,Neutral
rishabhkabra,0.429491527909773,Neutral
ajehals,0.20264902358842332,Anti
Hermanlvill,0.143833092821733,Anti
living_with_mumNdad,0.45622916100026495,Neutral
King_Prawnchowmein,0.776259847381446,Pro
TheGlobePost,0.343413921130505,Neutral
shieldofsteel,0.38736180479291693,Neutral
Xantanna,0.47747757763417,Neutral
deiphoebus,0.5,Neutral
potter-lad,0.461878742275709,Neutral
adam_weavers,0.512731524163911,Neutral
Thecrazymoroccan,0.418529912496676,Neutral
Total_Z1,0.5507576432625755,Neutral
eucommunist,0.7464623999697727,Neutral
JoostvanderLeij,0.45463403197852453,Neutral
Jim-Goldberg,0.7105119873354324,Neutral
MartelCharles,0.5987506812914235,Neutral
lindymad,0.21394572809237097,Anti
NBPolitics,0.806906524047794,Pro
CharlotteBanks666,0.0820595533814982,Anti
CudaWianki,0.463881641284418,Neutral
OlesenTuition,0.350000922487673,Neutral
EUropa101,0.106963921855665,Anti
tTenn,0.490795364458015,Neutral
pa-ul,0.35089952757838,Neutral
StoopedTooLow,0.436661465879635,Neutral
Jst_curious,0.34366145971400064,Neutral
happybird6,0.221028343339642,Anti
charliemakescartoons,0.267320984164065,Neutral
confusingly-curious,0.446273875469822,Neutral
bcthrowaway87,0.245808148553146,Anti
alziebop,0.4745065069622772,Neutral
Da11ey,0.227553799162302,Anti
JSimplyT,0.430397775177195,Neutral
The_Radical_Centrist,0.185536941689601,Anti
inkompatible,0.553004102786519,Neutral
joefife,0.47596238407879704,Neutral
EverythingJuicy,0.22761881580382148,Anti
smh_not_unicorn,0.761006171128821,Pro
careerhelp80,0.1112560970014854,Anti
daann81,0.2596249941222961,Neutral
YatoTheKing,0.39601801113809,Neutral
kathrynkirren,0.387525745676611,Neutral
Ciceroni_EU,0.0131102395161247,Anti
jasonwhite1976,0.48974403918904896,Neutral
brexitisbrexit,0.3868931607701067,Neutral
timlshort,0.653422219271192,Neutral
universitystudent975,0.369526589284879,Neutral
KlownKar,0.4982781346038246,Neutral
doshermanoos,0.6051613164357227,Neutral
TheWitnessExe,0.73391316585381,Neutral
JohnnyDeppsCareer,0.466090883124507,Neutral
gbear553,0.368284370642399,Neutral
Vivalo,0.3068497426638365,Neutral
uninone,0.203680412131156,Anti
be_a_st,0.4280126776350316,Neutral
JDS150k,0.711489259720614,Neutral
dapansen,0.6047762388216656,Neutral
UnmixedGametes,0.49672791883778056,Neutral
ultimatesearch,0.497673636184803,Neutral
TypicalAssociation,0.17002750519357016,Anti
Drethetruth,0.386222186757867,Neutral
Joncopal,0.41027841589172126,Neutral
wbillingsley,0.33193167362623893,Neutral
Ninefiftyinthemornin,0.5982052251663242,Neutral
carolwhite123,0.491520073945191,Neutral
Kross_B,0.3235922265519628,Neutral
theonefourseven,0.5813998154199574,Neutral
JaswinderSchaggar,0.498260138953608,Neutral
silentsoylent,0.3306957211179336,Neutral
Pilast,0.794257456749671,Pro
RickHornstein,0.36712974691356304,Neutral
KentEcho,0.1011820493116,Anti
wiziwiz,0.40204034178423714,Neutral
jamiewoodhouse,0.33734406943600503,Neutral
LadenNucleoplasm,0.3766291562274506,Neutral
FrageMeister,0.389628951978793,Neutral
jkitfc,0.01574832124615,Anti
Sylocule,0.4461179701505518,Neutral
TrentCote,0.0001922633193279,Anti
diddlydedee,0.5350803360457707,Neutral
despairing_koala,0.46598400743923546,Neutral
JackiePollockBrown,0.24500361926908548,Anti
erinmoomin,0.24633666813946264,Anti
jablunka,0.21244120501705,Anti
PostcardPictures,0.355768376057373,Neutral
xslatzx,0.7498926541562625,Neutral
Ophiestale,0.3326906583924609,Neutral
getrealitychecks,0.26966721095801827,Neutral
kingnixon2017,0.6150188703161922,Neutral
wanderlast999,0.42579398344850977,Neutral
ThatCRAPPYPLAYER,0.6324546370860722,Neutral
vincchensko-123,0.5520474095281911,Neutral
libreality,0.23396294409482157,Anti
Danolax,0.410161841041592,Neutral
SolBunny,0.5921134401247778,Neutral
Boxxy_runner,0.29408378789336315,Neutral
OnlyCommercial,0.37043051614183764,Neutral
hlrk3,2.5572345529969e-05,Anti
baraznji,0.22335393001638842,Anti
Kylel6,0.45470726268643447,Neutral
awless,0.57739607420887,Neutral
OliviaJames1,0.463054281976417,Neutral
Lustenberg,0.4224503989842868,Neutral
tur2rr2rrr,0.5141552662839783,Neutral
Aishii,0.407303678116491,Neutral
EdwardKoshcheneRed,0.356901185375779,Neutral
dgpking,0.348219293616841,Neutral
Tissener,0.265961652266183,Neutral
alfred84,0.45991470746707275,Neutral
JoeHobbit,0.37608619107754604,Neutral
doananhcuong,0.196832358644425,Anti
KlemenKocjancic,0.39147474319894354,Neutral
Zooey_K,0.37438382568064654,Neutral
joaoBeno,0.5324767200928883,Neutral
hoojar,0.46221563086330986,Neutral
r00ddit,0.269037257267114,Neutral
internalocean,0.5841914908418506,Neutral
LizaTheMalamute,0.286859834725344,Neutral
ProbisPateo,0.40033151635804165,Neutral
daneslord,0.5538177035154709,Neutral
preeti2017,0.559820130688638,Neutral
Duwstang,0.322241850738745,Neutral
annarellaa,0.43538539166069123,Neutral
arrivist,0.3064866983452701,Neutral
Spirit_of_Starhop,0.5229531775497206,Neutral
jacobjake43,0.3460297332186172,Neutral
TheLocalEurope,0.29371155873411875,Neutral
barrystanton,0.7999593927324895,Pro
ArmineM,0.264428498118655,Neutral
GIS_Reports_Online,0.12511904300161428,Anti
MaDDeuss,0.3258245562608226,Neutral
selection_v3,0.6133500624437944,Neutral
Universalcull,0.4575768534749285,Neutral
StudentThesis,0.0003922023985041,Anti
dexterfartpants,0.520569177055259,Neutral
leatherhelmet,0.3744057628342865,Neutral
Bestguitarapp,0.14833033062659576,Anti
GosuBen,0.4474235989111729,Neutral
Satansyngel,0.734906646271226,Neutral
Arthendrix,0.262995645194495,Neutral
flyblown,0.3141908255319036,Neutral
shopwindow,0.5022286961693759,Neutral
satimal,0.4408782182218033,Neutral
Guybrush-Threepwood1,0.46292063366083,Neutral
terryj30,0.320305713832428,Neutral
pbircham_,0.508481156586979,Neutral
alanjwager,0.221685500378657,Anti
cbelford97,0.509559832258974,Neutral
DamTheTorpedoes1864,0.5706133609588407,Neutral
Patrif167,0.6444338504822588,Neutral
AnxiousLogic,0.45411778503634326,Neutral
FranBacon,0.3875452618864851,Neutral
RedPillDropper,0.34564814600884597,Neutral
JesDir,0.38747290316715044,Neutral
HairAndBeardGuy,0.3720234124328216,Neutral
k_man,0.250997273973517,Neutral
georgecollier123,0.3812252527509368,Neutral
Grhabyt,0.2838315832427417,Neutral
Rungoblin,0.3601782993085704,Neutral
lauraraphael_,0.46303039320678135,Neutral
politicsworldwide,0.5039002176129836,Neutral
Printed_Paradise,0.262741690899111,Neutral
Whataboutthetwinky,0.48791221627353687,Neutral
Tinkers_toenail,0.5396026672806107,Neutral
sqadir111973,0.371902639478806,Neutral
1123581321db,0.344196345934279,Neutral
rico-flores,0.4707470182795001,Neutral
Ssjkr7,0.40062175225728724,Neutral
tldrnewsuk,0.33490991012207666,Neutral
Mikdasa,0.558788555665086,Neutral
guy_incognito_mode,0.49824676996485584,Neutral
cun2nn2n,0.49705285123958437,Neutral
fake_news_aw,0.747756052310797,Neutral
CombiP,0.47328094557709,Neutral
bowbrick,0.21700649643512945,Anti
yerkhunt,0.730235220275311,Neutral
koavf,0.3569656463188675,Neutral
plusaplusminus,0.418165064248783,Neutral
girishvg,0.49124328529006195,Neutral
WookieWarrior417,0.358038265313943,Neutral
dshicistan,0.602368738836909,Neutral
TheBritishEgmo,0.644225204736259,Neutral
PrinceM17,0.214430232589286,Anti
criostoirsullivan,0.43385711846399505,Neutral
alo_blake,0.0363392755442623,Anti
throwway666685685658,0.085962105359661,Anti
Mickharp,0.400711848927916,Neutral
antesocial,0.45985513526631067,Neutral
Simplevwefwefwfdcsz,0.4895725244069275,Neutral
NickHearnPsych,0.36316051476934635,Neutral
IHackIncelsAndRuinEm,0.26298628275885,Neutral
iuhoifwef33,0.737026804733587,Neutral
BannedfromRGay,0.2197311323206498,Anti
dubman2017,0.506029068603362,Neutral
DirtyNortherner,0.47442873422477294,Neutral
Schles,0.347315881550049,Neutral
ITCNews,0.183213621900202,Anti
joeypreneur,0.248559296807722,Anti
Nabo07,0.238829481526292,Anti
NikolaosKost,0.24788894001361,Anti
iamnotinterested2,0.5315247122161545,Neutral
Morrisey117,0.525544351184291,Neutral
AdventurousReply,0.3913731354702563,Neutral
3legged,0.4456726831674347,Neutral
NecessaryDiscipline0,0.3914261551030662,Neutral
foamforfun,0.532636810050773,Neutral
Peter981,0.367440963709446,Neutral
MarkHennessy,0.26616167349835695,Neutral
jester-01,0.5572708973746422,Neutral
VisualPersist,0.62500516306578,Neutral
s1k3n1,0.5257352674590323,Neutral
theresamaysicr,0.5233104748644631,Neutral
itsmybike,0.0015652730483872,Anti
Dr_Jorge,2.4084084336104927e-12,Anti
mas1469,0.4743828348159625,Neutral
Brexshite,0.756521966063554,Pro
BananaRepublican_,0.200044163067311,Anti
International_Review,0.0597688217920043,Anti
2_Genders_I_am_1,0.5077360576247383,Neutral
dishwashclothsmell,0.150742014857376,Anti
weeteuchter,0.753024494132111,Pro
Alan_Longbon,0.31988876972172603,Neutral
JerryOrange,0.4668360143168675,Neutral
snomimons,0.48581535220898053,Neutral
sneakybifta,0.154121503093874,Anti
protothema,0.33212525726122244,Neutral
JeffTaylorBrexit,0.6098605842548237,Neutral
jimbowee,0.5311706650286446,Neutral
boppinmule,0.37019293797615677,Neutral
moham225,0.735317657902427,Neutral
Rip_natikka,0.48691140519423476,Neutral
paulszaszsebes,0.4819782963745927,Neutral
ImRightYourWrong851,0.646372406834295,Neutral
wunsumgtsum,0.0253362635722488,Anti
WordTweak,0.417513420711626,Neutral
GISanders,0.20041373409027716,Anti
lwatts1,0.1415053456445914,Anti
Woodahooda,0.46300863077136767,Neutral
garymgoswellmunro,0.5457232634421624,Neutral
SKZCartoons,0.39317338937940527,Neutral
talkradiouk,0.5259834221687422,Neutral
ThorsMightyWrench,0.38357472951773386,Neutral
cexij,0.236558636210811,Anti
AskrWodan,0.476877512776644,Neutral
doublemp,0.40743287139058154,Neutral
Rafa_strat,0.5041972862675816,Neutral
Onii-chan_dai-suki,0.445787249044737,Neutral
Hawsa,0.348059889339527,Neutral
Hjoerleif,0.4521481486464645,Neutral
commande1,0.25727272116525,Neutral
FrontPageBritain,0.786431606418965,Pro
BlunderingFool,0.6687512943320422,Neutral
brexitfirst,0.3810846063286864,Neutral
rikayla,0.5263202970458943,Neutral
a_la_bonne_femme,0.5593720273060695,Neutral
prewokephase,0.0275544717912982,Anti
Sherlocksdumbcousin,0.5062519465426605,Neutral
logicry,0.804889818941326,Pro
gantonmaz,0.5124087066800211,Neutral
England-Til-I-Die,0.859117003234954,Pro
TheBritishWillRise,0.853233375050383,Pro
Kumarasingha,0.253998568838344,Neutral
Lermonth,0.40310189254353757,Neutral
Smoeey,0.5448236056812836,Neutral
StayConnectedVirtual,0.7076265512028835,Neutral
-Dose_of_truth-,0.401153615666979,Neutral
justtolearn,0.510111307179859,Neutral
permadad,0.45788408756627336,Neutral
gfmag,0.578847610873616,Neutral
AnonAnni,0.4199147962917453,Neutral
Omnizoa,0.8104497741879377,Pro
MerxUltor,0.43489583233096923,Neutral
bludditwizard,0.0095413102646788,Anti
wpo1408,0.3245142626850785,Neutral
valentingalea,0.0002507452397925,Anti
Rose-lemonade,0.359494662177172,Neutral
DavePernod,0.157471171138389,Anti
daedalus_dance,0.4520119033411429,Neutral
Eurottoman,0.3770874908211517,Neutral
wannacumnbeatmeoff,0.433747042375887,Neutral
mattjameskelly,0.534799856136278,Neutral
SpicyCurryAward,0.039375660005661305,Anti
yauami,0.4819862980508441,Neutral
Taenaur,0.3140899621461435,Neutral
sproket999,0.610983630970034,Neutral
JamesGleaveShow,0.387871829186574,Neutral
ByGollie,0.4262565247434735,Neutral
Solokingxrobert,0.8666811572959033,Pro
Glancing-Thought,0.43713120279026324,Neutral
TheJaffer666,0.688834709884334,Neutral
ToHigh4You,0.11394191328152205,Anti
santa_avb,0.1043321642139728,Anti
Online_Papers,0.35384963185549645,Neutral
beauty_dior,0.430833965023257,Neutral
grympy,0.5145773213701239,Neutral
KieranDavey92,0.117048718061414,Anti
AlanCrowe,0.5421033130364132,Neutral
sarasustelosantos,0.0043388686495418,Anti
boringcarpets,0.48640057146670274,Neutral
prezTrump,0.4561503498070124,Neutral
JKanuck,0.511375090418511,Neutral
R0ot2U,0.4543006769600479,Neutral
nationchanger,0.633568575884634,Neutral
jabellcu,0.46985469001114144,Neutral
verrucagnome,0.16555520933772772,Anti
PaddyFlavell,0.511190116010716,Neutral
laserbeam4000,0.3632460879361741,Neutral
8thunder8,0.425546705251582,Neutral
oTYL3R,0.44686459318025,Neutral
Redditor6512,0.08499970041283095,Anti
WAWAVA,0.4154429615516345,Neutral
PythagorasJones,0.4171593698329901,Neutral
grimlock4693,0.524794049895816,Neutral
King-of-London,0.639992585350594,Neutral
FGNEWS,0.16777154102259234,Anti
digighoul,0.0070942016593893,Anti
Ochib,0.4810602184345542,Neutral
miju-irl,0.4356992097941789,Neutral
proudbriton,0.5141945695976641,Neutral
ganivelle,0.5039646263465529,Neutral
mecpaw,0.4844751632849472,Neutral
Mway1,0.503110391645402,Neutral
GoGoaGone2018,0.856984283296077,Pro
NemoOfManyColours,0.547956250425236,Neutral
heinrikbonnevil,0.294281496170678,Neutral
krsvbg,0.605290865041661,Neutral
Mook315,0.5849981102573817,Neutral
Cat36,0.5,Neutral
supjefe,0.4664386239185502,Neutral
jmoouk,0.3324356296555445,Neutral
MrLeadFlow,0.356774700951248,Neutral
TurqoiseDays,0.522490904750927,Neutral
omichalek,0.510138827581205,Neutral
Ambitious5uppository,0.5510061082460826,Neutral
2323-23,0.33743047223685807,Neutral
WhooisWhoo,0.356278758798397,Neutral
Peter2334,0.4490141938252015,Neutral
Sporadicimp,0.288115490152935,Neutral
hughescmr,0.35735645115962866,Neutral
Battle-Flag,0.5710410592402285,Neutral
sitonio,0.668002159172916,Neutral
uhfrankensteinmaybe,0.3896997511157609,Neutral
basalona,0.333777415290099,Neutral
NightingaleHealth,0.264446519464953,Neutral
faux_artisan,0.536016239063464,Neutral
blackmetalkaraoke,0.5548509951172738,Neutral
Mazza111,0.852647748265078,Pro
BloggerEnt,0.859444240403221,Pro
L44KSO,0.5218661484611262,Neutral
willo494,0.6718378862460125,Neutral
PaddingtonBear90,0.257706022803411,Neutral
kakaya2018,0.486466776903654,Neutral
jasper-ch,0.0306332340825362,Anti
Pepes2003,0.192912949356307,Anti
softlad86,0.5241346692544756,Neutral
darkdeva92,0.400701221155062,Neutral
GirN3li,0.472226515607648,Neutral
Scantilly_Mad,0.49100802105284025,Neutral
wottsl2,0.107139081460293,Anti
CoherenceEngine,0.607488356663058,Neutral
Poolijs,0.40593763022152174,Neutral
strand179,0.5238261634972695,Neutral
bobzillauk,0.751061255975491,Pro
aiicaramba,0.4566615750478962,Neutral
HelenHorne11,0.26578519984927473,Neutral
NSRedditor,0.409952038007331,Neutral
25limes,0.2847381306923199,Neutral
Dwights-beets,0.395646740237151,Neutral
Rebel44CZ,0.4549894212320049,Neutral
stayasleepinbed,0.200325015139753,Anti
KurrganMark,0.6160943998076642,Neutral
PeterI,0.450534032159614,Neutral
johnsmith----,0.511937378398785,Neutral
Technodreamer,0.5521535716096452,Neutral
AceStarkiller,0.6898375291502561,Neutral
thomasdublin,0.5157646737507089,Neutral
ydouhatemurica,0.24750038676027833,Anti
natashadevan,0.586516482503854,Neutral
N33nor,0.5024649710715878,Neutral
wasanoob,0.5083044917927367,Neutral
tveloq,0.21709207418658902,Anti
SGC1,0.30788419535578004,Neutral
christopherbw123,3.0175156656282833e-05,Anti
Youvab,0.263911274455757,Neutral
abigold,0.2057316246009316,Anti
eulenauge,0.46503658272137294,Neutral
dotter101,0.4293691122671004,Neutral
SeraphHS,0.5378168889963825,Neutral
Mimonster,0.5400273913718213,Neutral
Veldron,0.5313342773919427,Neutral
Jacinto_Amaral,0.999432661368286,Pro
Gizzy-Mo,0.551511197814523,Neutral
JollyEnglishman,0.397393642799446,Neutral
dnaevans,0.337149344729739,Neutral
errminator,0.173915983871746,Anti
Account1890,0.4191189033565807,Neutral
TaurusSteve,0.5657221097748033,Neutral
TheWonderSwan,0.4473168534102079,Neutral
DrZharkov,0.4583056412190223,Neutral
hey_kiddo_ya_fuck,0.6809278940128918,Neutral
Loakers,0.350031094795307,Neutral
_szs,0.38096909412784097,Neutral
MaunMan,0.460594398674619,Neutral
RehabMan,0.5529646427600996,Neutral
spacepotaytoe,0.121135984130432,Anti
CoinnessPress,0.2699558626079764,Neutral
user_not_permitted,0.6645069640713335,Neutral
taboo__time,0.4341479577902952,Neutral
fakeplastic,0.337400449530006,Neutral
blackwizards,0.4149759081062675,Neutral
Wizzybrizzy,0.0469996665861802,Anti
echonote,0.5558024639789788,Neutral
thean86,0.5,Neutral
segsabase,0.321904215503205,Neutral
mo3245pu,0.5010318351580663,Neutral
sirgwl,0.4857917838517621,Neutral
lardos123,0.3092835339254411,Neutral
wozzax,0.37853326307158,Neutral
Cestraig,0.7722816672443891,Pro
ReadTro,0.644028331148178,Neutral
RenramSelrahc,0.42068490719666374,Neutral
PixelNotPolygon,0.4489016316294869,Neutral
jpawan23,0.276851547879195,Neutral
saynotocancer,0.4930770006072405,Neutral
Aldebaran333,0.5735803553642537,Neutral
dtheme,0.758298670209299,Pro
CiccioPasticcio88,0.325527023254453,Neutral
Shuweafaw,0.373854152327887,Neutral
TheKinginTheNorth20,0.5622075906218255,Neutral
Flutterbee3,0.528414688124182,Neutral
RARERUBBER,0.569892817850982,Neutral
shiny_boson,0.498844401200648,Neutral
snakesandwich,0.8137710755394404,Pro
hamstersanus,0.6652255934705121,Neutral
5DEGREES101,0.431147211086258,Neutral
Non_Liberos,0.65730158407491,Neutral
ExcellentPerformer,0.583183093632063,Neutral
deadlifting94,0.13321982942876928,Anti
Candid_Cryptographer,0.37373601785610555,Neutral
TechieJunk,0.209157757654813,Anti
Ste_Vege,0.40244328125549644,Neutral
psyllogism,0.436347008668653,Neutral
ourtown2,0.5439965483715749,Neutral
WeRegretToInform,0.41654386341761634,Neutral
MrTweedys,0.4884814035749854,Neutral
timangus,0.4502472786812432,Neutral
JDNM,0.03441240430629605,Anti
rdavis414,0.473431653804155,Neutral
SmokingMonkeys,0.42019908768413416,Neutral
DewyneLindsay,0.38586184036755,Neutral
jjoojjoojj,0.4498060594777532,Neutral
Lolastic_,0.3087861662915438,Neutral
FreshLilaced,0.467305374742133,Neutral
SupaZupa,0.6231312763857066,Neutral
earlymusicservice,0.520644101304413,Neutral
cun2nn2nnn,0.47380600756847985,Neutral
AshJez,0.6707281675447607,Neutral
Redbubbles55,0.1689369455962246,Anti
ph3m3,0.3695598792514691,Neutral
ljm100,0.11489308792471177,Anti
Dinguswithagun,0.63942646951337,Neutral
morganno,0.37797895169237733,Neutral
FilthyBrokenAnimal,0.3911447505070073,Neutral
GillioC,0.167662522071338,Anti
blablabla1984,0.19798376804022058,Anti
Mmainsider1973,0.46698157386541794,Neutral
thegroucho,0.456047520411731,Neutral
brextit,0.2411026406885175,Anti
ruscaire,0.4156234743660842,Neutral
HardtackOrange,0.4407616444718561,Neutral
samacora,0.36452762050690185,Neutral
helloitsdean,0.3865819658415195,Neutral
CataclysmicEnforcer,0.6022227794378877,Neutral
Shards27,0.2524998688980655,Neutral
kiliandrury,0.6825175319215451,Neutral
incrementally_steve,0.3902915978225775,Neutral
Kafkaesquepaperwork,0.412046655380992,Neutral
Elprincipeoso,0.584950348867911,Neutral
AndyPandy66,0.43798297607818437,Neutral
token-black-dude,0.5238281241687762,Neutral
mhod12345,0.49423493348361636,Neutral
d0epicshit,0.29094594778407,Neutral
Jamma129,0.546613564208472,Neutral
Arannis_Amakiir,0.6675318893646626,Neutral
KenLiverSausage,0.310359514756816,Neutral
Afancoins,0.26813938823117645,Neutral
Silentxgold,0.713700219963654,Neutral
Agentjayjay1,0.5761062066280962,Neutral
Karlosmdq,0.48292450746665305,Neutral
CaptainSwitzerland,0.453423179330772,Neutral
CardinalHijack,0.378533177277419,Neutral
Sudhsy,0.44686459318025,Neutral
mikesreddit1212,0.4568503085082924,Neutral
DKRfan,0.4787909769576622,Neutral
Jennykpretty,0.263928459833895,Neutral
narsesiase,0.0594470277079853,Anti
MMANUTSANDBOLTS,0.5638988212991428,Neutral
MrAniki,0.4516109463594318,Neutral
mattlumley,0.375325948675607,Neutral
zeon40xyz,0.491818464201172,Neutral
RememberThis3,0.3705114023327465,Neutral
mmvs16,0.528798384983052,Neutral
CheapMonkey34,0.4945743626271769,Neutral
funnydankk,0.48258094797164225,Neutral
widobson,0.139387626074194,Anti
absinthecity,0.3585090920385175,Neutral
Binarypasta,0.5114695799351339,Neutral
cidadefalcao,0.2755770902729618,Neutral
Big_Vas,0.36343479063303075,Neutral
mariuszmie,0.4421634439093392,Neutral
dsgsu,0.551460305229171,Neutral
Sunnywindows,0.305618651392071,Neutral
tommaso11,0.40456477234848776,Neutral
PhilBon,0.3577469062405845,Neutral
Alexbrainbox,0.517299620322522,Neutral
Gijs75,0.359436548355421,Neutral
set2121,0.214794483047175,Anti
davidzet,0.600235196752661,Neutral
MeccIt,0.4906974083000818,Neutral
Cyberme4u,0.09810980604060039,Anti
MetaDeviant189,0.40112004434324716,Neutral
hsegovuk,0.158016344355222,Anti
korwinizm,0.621701364837792,Neutral
Newscommenter11,0.430386391701986,Neutral
NeoSupaZupa,0.46084143811626443,Neutral
roscocoltrane,0.505822982516318,Neutral
coldlibrarian,0.5004936301738694,Neutral
fezhose,0.0661181566541777,Anti
vslandt,0.416369409319668,Neutral
cachonfinga,0.5066062093589304,Neutral
theeglitz,0.4975381259813566,Neutral
edgypumpkin,0.6018422108683548,Neutral
mikaelhg,0.4349492840336389,Neutral
Traps_LOVE_Trump,0.5623645080444306,Neutral
markeljerez2,0.140138121567964,Anti
FearlessFluff,0.016699884443429167,Anti
PeoplesNewsEditor,0.500641456623008,Neutral
redinator,0.2798502843553512,Neutral
GR10_YT,0.747750465037428,Neutral
Danielhibbs,0.5490907924068352,Neutral
MediocreGamerX,0.3741769600923743,Neutral
chris-za,0.48580267469527616,Neutral
gg_rl,0.114467991740001,Anti
ZaineUK,0.509903903274495,Neutral
xizion,0.192270537327195,Anti
lordfnord23,0.39047955751396457,Neutral
purplemaster7,0.358104508395858,Neutral
hayhen888,0.19485279500268693,Anti
DerGumbi,0.5054673508015765,Neutral
the_foreign_code,0.4474782000155342,Neutral
Fegya,0.0386631270597094,Anti
West1234512345,0.62150475825898,Neutral
gallopatrick,0.45556396782117364,Neutral
Upper_Canada_Pango,0.42408985762527357,Neutral
luxehomeinteriors,0.4177265126043597,Neutral
justanotherzom,0.5326943559700374,Neutral
elephantrypus,0.34886781225110963,Neutral
iscreammoth,0.49206555179411265,Neutral
Snoop-Doug,0.6559128832385595,Neutral
Marowak,0.445809239644886,Neutral
Webgardener,0.23790699288378472,Anti
badjaman,0.38597302637957714,Neutral
Wavepoolsquad,0.366996559865729,Neutral
BehrHunter,0.4707677723087027,Neutral
pethatestoys,0.762603870654676,Pro
siwade,0.280535604149444,Neutral
badlydrawnfox,0.48504274464722,Neutral
scheerforPMplease,0.0867419457499527,Anti
DigitalWarlord,0.249481640811553,Anti
johnjohnjohn1846782,0.37853326307158,Neutral
konrad_ha,0.443503549460168,Neutral
MrOaiki,0.36358955832734596,Neutral
Cottand,0.59557308534563,Neutral
dhrvptl,0.104412791445587,Anti
ilovetheinternet1234,0.4976926388409196,Neutral
StateraVitaeFinis,0.5545370322040679,Neutral
ProfessorWanks,0.7141276622832945,Neutral
Prometheus1889,0.3407541374993846,Neutral
Kami7754,0.4162351579342281,Neutral
StoneColdCrazzzy,0.5370985576483482,Neutral
autisticbean,0.331625417756567,Neutral
DaoRaven,0.45907214783252503,Neutral
bentlybear,0.323772704372947,Neutral
skyofgrit,0.419726104481059,Neutral
vertexsalad,0.5333823200254604,Neutral
Sneylinger,0.34451045490565,Neutral
yerksmersh,0.3659246746507845,Neutral
BrexitBear,0.5218502131921674,Neutral
elle-jay-mac,0.526093420877179,Neutral
EasygoingCanadian,0.4175919394813731,Neutral
emu404,0.4788529667757852,Neutral
Respondi433,0.339996627209465,Neutral
ToProcrastinate,0.5028967891447871,Neutral
KnowNothingtoKnowAll,0.46936831454380634,Neutral
kelltontech,0.205442175394771,Anti
SubjectSetting,0.628652659022146,Neutral
Big-Mozz,0.5240485420106072,Neutral
sadfishbird,0.32335681587705106,Neutral
todorale,0.441989189809771,Neutral
KING_AJ_THE_CHAMP,0.5920660241558353,Neutral
ISnipedJFK,0.712719847762796,Neutral
ketodnepr,0.233644132386807,Anti
MobileChikane,0.5264190934852356,Neutral
perfectionisajourney,0.4482384296482046,Neutral
m4jicfly,0.503273389083629,Neutral
drhemp,0.3572436375772785,Neutral
balhamfoodie,0.595874873128209,Neutral
Snaptun,0.4953164752782952,Neutral
dimensiongrimalkin,0.435114614940147,Neutral
Bimbamboun,0.3879247957486877,Neutral
Sanchoman1,0.3014920381813741,Neutral
tristanrothwell,0.467142989861619,Neutral
chowyunfacts,0.5580246474757236,Neutral
Mynameis__--__,0.475322352913607,Neutral
247pollscom,0.381618374281217,Neutral
gloriousSchnitzel,0.366554326364075,Neutral
Zombie_Gandhi,0.0770929262063573,Anti
onebit,0.48389237216607367,Neutral
voolist,0.5449333075153333,Neutral
Quicktrickbrickstack,0.5906945255507638,Neutral
RevolutionaryQuit,0.203674367690767,Anti
Phx-Z,0.406844141239682,Neutral
JamesClerkMacSwell,0.4537552919447874,Neutral
AppleCorpsing,0.3025046375748383,Neutral
hwhblog,0.419727674828136,Neutral
Dramatic_Night,0.4879514480025388,Neutral
Frere-Jacques,0.3475342134471254,Neutral
FishyM,0.47460044180979855,Neutral
carrot926,0.528653651433651,Neutral
Greebo24,0.36168442107931453,Neutral
quaked2023,0.48047868399997934,Neutral
beerypete,0.4940380434895578,Neutral
Devchonachko,0.37910306493242535,Neutral
peter_j_,0.48715142605076484,Neutral
EvoTheIrritatedNerd,0.458841073711893,Neutral
llama007,0.5960202465384057,Neutral
thawkit75,0.4338592008821953,Neutral
call-me-mister-vimes,0.5124050264890743,Neutral
Goatman25,0.31468803548218,Neutral
InfowarsOfficial,0.510298576027561,Neutral
Oh-Its-Him-,0.0649351425167388,Anti
dvmex,0.3268049258216576,Neutral
Judge_not_me,0.493539204107504,Neutral
erikdaderp,0.488931858356997,Neutral
Kinglens311,0.15903418072944994,Anti
queny0,0.1603159789748275,Anti
martin80k,0.141222178895799,Anti
AliceTrippDaGain,0.5161514352330692,Neutral
carlbennetttr,0.34393224522456944,Neutral
0fiuco,0.5659213528932123,Neutral
WookieFookie,0.7266939667513674,Neutral
dirtyh4rry,0.322611977613548,Neutral
gar44,0.133191642356068,Anti
Abiggerboat84,0.0775690021475252,Anti
noficcion,0.255208228738393,Neutral
ClaireRH,0.492352588333082,Neutral
Short_Walter,0.36838207063079353,Neutral
PeterJamesUK,0.49635988167437206,Neutral
lhel41,0.0922035100847275,Anti
HumaneReflections,0.24784705034003,Anti
watchmewatchmeooooh,0.406750872340681,Neutral
Thecrowfc,0.3175206463092456,Neutral
houldencaufield9,0.195473915100384,Anti
ukpoliticsbrexit,0.0836428452575041,Anti
kittybeer,0.439846711968716,Neutral
Kupo_Master,0.3983516135885075,Neutral
Siessfires,0.37853326307158,Neutral
4n0nc0d3r,0.4998836500437569,Neutral
bmg_2017,0.6177525573185217,Neutral
CloudOnTheGround,0.5515004836673284,Neutral
Walnusshafen,0.416270834312319,Neutral
oof_454,0.552984620569776,Neutral
brunty13,0.23862001105644748,Anti
marlouwe,0.322549955466228,Neutral
CertainEmergency8,0.788264284839475,Pro
idk-an-ok-username,0.5137987484956446,Neutral
dicklovegate,0.45693105632464953,Neutral
Mutant321,0.2334828620756844,Anti
breaffyboy,0.456967860880169,Neutral
optimisticsceptic,0.114608393065694,Anti
lena91gato,0.6724206932449374,Neutral
soundofalex,0.5,Neutral
bbmint,0.5280313659821567,Neutral
SeedsForBees,0.417235535654375,Neutral
HenkPoley,0.364100223426421,Neutral
Hydrospamgoat,0.124234307835537,Anti
agoesin,0.47219330112797075,Neutral
CiaranDoherty,0.5048170951755713,Neutral
HotDealzOnline,0.5,Neutral
RadicalPoopParticle,0.4476146397821648,Neutral
ElminsterTheMighty,0.5350061272015664,Neutral
donaldfisk,0.37393344884496726,Neutral
TheRockettek,0.531652337460738,Neutral
JosephBw,0.575436589964652,Neutral
croasdell,0.5917189171589202,Neutral
Adduly,0.5998898552478054,Neutral
dale_glass,0.36166208658678833,Neutral
BatmanPlayingMetal,0.4396904000860416,Neutral
nath749,0.499829749362785,Neutral
FineStore6,0.713354752528273,Neutral
monica_b1998,0.462599578849664,Neutral
vocalfreesia,0.5432159303711612,Neutral
Bludsh0t,0.35040819187762884,Neutral
dlrwtllktgrtt,0.21951552566570265,Anti
magicjones1,0.556241899467118,Neutral
BelleAriel,0.42245065796350983,Neutral
ltron2,0.4731575204932717,Neutral
Inferno_Media,0.317718810438214,Neutral
999baz,0.47197097838837887,Neutral
domantaspa,0.188670140961194,Anti
PleaseLegalizeHentai,0.670454223333292,Neutral
Kenshaw912,0.178732756065712,Anti
dgrierso,0.4385408105025667,Neutral
UnpleasantEgg,0.4684931381925157,Neutral
Sipcypnews,0.19074370400718552,Anti
maxfriis,0.0068757686131379,Anti
789qwe,0.5122236076559769,Neutral
Bemuzed,0.423928250778865,Neutral
inowen,0.3591607173194894,Neutral
seaniebeag,0.5171866454097686,Neutral
szryd,0.0811567782236606,Anti
-Chump-,0.36470290245686027,Neutral
RomanticFarce,0.43797209501462214,Neutral
cfox2222,0.5239424956735547,Neutral
VirtuaMcPolygon,0.5341132660979077,Neutral
hendrik_v,0.4662232150128704,Neutral
pharmaninja,0.3954522003889835,Neutral
countpissedoff,0.4538969447437608,Neutral
sierrafourteen,0.171458479136133,Anti
dPolo90,0.4530545069742487,Neutral
StreetEgg,0.3938404082937885,Neutral
trev2600,0.0048998453654404,Anti
juvation,0.662434877945041,Neutral
olidavid,0.505740251600767,Neutral
Rootayable,0.33497456203983944,Neutral
OnnoRJ,0.443205632022718,Neutral
Francomtois,0.33091594999843726,Neutral
svendross,0.135016063209151,Anti
theabhishekroy,0.145149228658832,Anti
lifeishort,0.239298969604211,Anti
SaltyZooKeeper,0.4751029948508737,Neutral
howjames,0.5581459340162195,Neutral
mk4rim,0.4559837255257549,Neutral
Anoncryptosudonim,0.6035847281402287,Neutral
Heartofcode,0.34640822015469147,Neutral
I_flip_ya,0.45079352968145675,Neutral
b_lunt_ma_n,0.4901676996291646,Neutral
grcki,0.51070270531063,Neutral
bubblesort,0.33319669739988517,Neutral
brexitmush,0.495156526481161,Neutral
BrosMcLeod,0.310313846505572,Neutral
wimgz,0.47083638425741603,Neutral
NrthnMonkey,0.54591815901281,Neutral
smashsmash999,0.435911718397023,Neutral
outhouse_steakhouse,0.49271955697438885,Neutral
TwistedHelixis,0.5597320801874148,Neutral
mrhappy777,0.6437957464087696,Neutral
pisangkeju,0.518962701307331,Neutral
ainbheartach,0.46626413229101266,Neutral
TheCryptoCrusader312,0.401954255177269,Neutral
Kahth,0.5353581974001412,Neutral
menab0t,0.155422931992899,Anti
sogerep,0.5414563010423775,Neutral
Consibl,0.4942254374293264,Neutral
kactuscrow,0.665960196987543,Neutral
Beanybunny,0.48162985013858783,Neutral
CodgerConsulting,0.605044200594508,Neutral
Luke_James,0.37390366661308444,Neutral
_wojtek,0.4450337541365416,Neutral
betterpc,0.274662883035441,Neutral
BrexitSurvey,0.0647333150592656,Anti
pslater251072,0.359102214192449,Neutral
Dominic_logre,0.19634425776067133,Anti
neural_uplink,0.4132870827870727,Neutral
VicVideopIC,0.4722224526229841,Neutral
yesnoornext,0.221992664899813,Anti
Jemasu,0.25774438216812,Neutral
Shatnerbassooon,0.922398225264449,Pro
Doc-984,0.176390013959977,Anti
shahjoin,0.692659316823987,Neutral
JoslynJames,0.692659316823987,Neutral
smokemeaclipper,0.6353437979959897,Neutral
europapers,0.642247363193193,Neutral
ldnsid,0.3179492787052641,Neutral
Freedom_Fdn,0.0645058563041127,Anti
homingdove,0.4865728830061713,Neutral
bring_back_k9,0.0823440683894148,Anti
thecompleximpulsive,0.477309863822023,Neutral
bubbler8,0.45094221316072153,Neutral
Callybg,0.150288153417155,Anti
JJ-Redders,0.38696896191223695,Neutral
MrSpaceCool,0.3798342592174148,Neutral
ebizbytes,0.598888607338089,Neutral
jeffbobingson,0.66026878014943,Neutral
PopulusReport,0.662232012476853,Neutral
r0wthatb0at,0.657034144461368,Neutral
sierra771,0.4362871208178265,Neutral
Qukeyo,0.41487705185262475,Neutral
StanDando,0.5994260161226787,Neutral
googolplexbyte,0.3432062480259413,Neutral
TJR_JRT_1984,0.4006377117379791,Neutral
IngSoc_Big_Brother,0.3845273526774072,Neutral
fefwfefwfe2,0.572072164894025,Neutral
bensyb,0.37855784679383453,Neutral
freakoutNthrowstuff,0.0233703445166861,Anti
ScoobyDoNot,0.3999973855706555,Neutral
thrown_a_way_ID,0.388106298707596,Neutral
TheWordShop,0.29439779561295754,Neutral
InASpidersweb,0.410474091311195,Neutral
maxfettes,0.467397290219302,Neutral
ReasonableHandle,0.48669664453406136,Neutral
dan_boresjo,0.446845467920564,Neutral
bigfig,0.48860488305174743,Neutral
Winner2020,0.753740937881606,Pro
TimbukNine,0.4288127991144979,Neutral
terrynutkinsfinger,0.5767456589393963,Neutral
future_lard,0.519908862372571,Neutral
gradschoolabuse,0.295729181092289,Neutral
Dimitri_GRE,0.418464928475521,Neutral
shitstirrereu,0.130615362647036,Anti
zzzseeds,0.345446554090919,Neutral
Saupreuss,0.5968839225708534,Neutral
Herz_aus_Stahl,0.5269290821423499,Neutral
eatabinofbeardhair,0.504812648411743,Neutral
nookkin,0.228927125426921,Anti
PraetorianVI,0.95966209190489,Pro
kolinHall,0.958005643894623,Pro
I_make_usernames_AMA,0.5393491039120851,Neutral
Mike4761,0.6162544346438038,Neutral
MOSDemocracy,0.74011673452579,Neutral
Steveflip,0.5178592971758391,Neutral
vladdir,0.944504174420196,Pro
brainsGoldfishWhat,0.687725194231829,Neutral
coelpodcast,0.392621973427942,Neutral
DukeLauderdale,0.4823792726302154,Neutral
LiamHourican,0.4074902268895,Neutral
philcain,0.458489809494403,Neutral
thelayman,0.5354952488956605,Neutral
-Mwanahabari-,0.49030215430997104,Neutral
johnsmithABC450,0.25774438216812,Neutral
LiterallyBornInCali,0.394247125125179,Neutral
kyberTS,0.277007945550425,Neutral
zet23t,0.398683444463149,Neutral
GaussHogXR7,0.171040760796987,Anti
chris6a2,0.322695825024594,Neutral
m-1975,0.0127832456148488,Anti
NightcoreRo,0.622360101102237,Neutral
IemandZwaaitEnRoept,0.5240943045204239,Neutral
Oscardelarentals,0.46853173976983953,Neutral
agreenerlife,0.38025889802121765,Neutral
woj-tek,0.4499650234837106,Neutral
singing_horse,0.358734684194337,Neutral
spectacletourette,0.31617880188711633,Neutral
lad75020,0.49951264874612256,Neutral
allytibbitt,0.0475340324895761,Anti
wisesausage,0.400355205674089,Neutral
Kernowder,0.3224515422905947,Neutral
DirtyRelapse,0.6378316312190834,Neutral
DankBaguette76,0.682004196255656,Neutral
diegol88,0.099534383158707,Anti
chaos_therapist,0.4200485302788941,Neutral
captain_ankles,0.29284630339830053,Neutral
longleggedsuspect,0.503344687492427,Neutral
aaronmgreen,0.3929459961582569,Neutral
jmerlinb,0.2913917307724526,Neutral
DaveyDave8448,0.460155460218819,Neutral
gate18,0.933525215785049,Pro
ColonelSamurai,0.359809062904506,Neutral
StrippersPoleaxe,0.689463378400133,Neutral
Zain-1-w,0.442775160955101,Neutral
Tappy135,0.6878831739861396,Neutral
QuirkStrange,0.105181183120792,Anti
TempoHouse,0.3850512095977907,Neutral
Seferin,0.0094436227272218,Anti
Ferensen,0.158281594792556,Anti
AdnanShaikh810,0.808059011404183,Pro
Mazzerboi,0.0342299643307543,Anti
JunpeiHarry,0.293015164066172,Neutral
philhistory,0.3328283607610379,Neutral
Mothersbstchild,0.449040764693466,Neutral
wormboyslim,0.46952331533886343,Neutral
tom_stone96,0.0616394338695505,Anti
Davel_Laser,0.543462710555403,Neutral
CA__Mac,0.817371694786207,Pro
Munsterboy92,0.5247809681122892,Neutral
andrewequinn,0.925614717289614,Pro
pugglewolf,0.3862990704272722,Neutral
postgramapp,0.301513175973238,Neutral
Huntermabob,0.3702719257045255,Neutral
LooKahs,0.4205927075047186,Neutral
avoidmemes,0.389846839516909,Neutral
R00n35p15m,0.21182960382032454,Anti
humble_bum,0.5560483950136126,Neutral
tbuk323,0.0005212993629325,Anti
samcornwell,0.4936792120598546,Neutral
flowerpoweranger,0.5118685655117534,Neutral
umichguy,0.45857995220555453,Neutral
bethfox1,0.999999927773775,Pro
ARG127,0.662899492569898,Neutral
jacob_red,0.5554650989908523,Neutral
christonamoped,0.48156751463987746,Neutral
Bo_Jangles_528,0.21204839243713403,Anti
jane_doe86,0.32333638332617,Neutral
enfmsb,0.319564649124822,Neutral
-tayto-,0.49348656353773324,Neutral
harrisound,0.597908830008545,Neutral
ASDante,0.5,Neutral
WhistlingWagner,0.5406068914648695,Neutral
GWhizKatlifa,0.53476447075435,Neutral
daftputty,0.54985398112461,Neutral
Iceklimber,0.4898050715911431,Neutral
plishman,0.653600414240617,Neutral
marsie70,0.0557582627994188,Anti
Rauchen_Verboten,0.49237200785843305,Neutral
bushthumper,0.6529483910024735,Neutral
VisibleBack,0.29535116463986366,Neutral
Kieronymous,0.6006138121752101,Neutral
Tecress,0.176900355559873,Anti
Al_Sahawat_Times,0.5449148597301617,Neutral
fraser_br,0.223506961758079,Anti
b1andf,0.177809997226155,Anti
MadShartigan,0.541035685232845,Neutral
Groundfinance,0.354558169935035,Neutral
dekani77,0.737494834013521,Neutral
Genelecci,0.44686459318025,Neutral
NDemartinez,0.146267023119248,Anti
clea,0.45965323683833065,Neutral
ACueFromComberCoDown,0.324325440124754,Neutral
Dutchlawyer,0.4433552306559477,Neutral
helloomate,0.22554398199888048,Anti
TanBoonTee,0.5,Neutral
Technoclast,0.472157697293839,Neutral
NotBaizuo,0.34032351238664704,Neutral
seandehprawn,0.472705109182262,Neutral
TheSmartMove4Visas,0.566417086149159,Neutral
applewoodnn4,0.27624577801651,Neutral
thedudeabides80,0.42796024869365556,Neutral
noswen7463,0.00421415356537765,Anti
freonbingo,0.5217738186786507,Neutral
DancingSupremo666,0.990823667136021,Pro
mrhouse1101,0.5336137079888305,Neutral
superkaifas,0.3833245019747433,Neutral
PersnicketyMarmoset,0.32207561225628245,Neutral
LixaJones,0.3209518117380408,Neutral
Evoroth,0.3648700530984664,Neutral
guthaon,0.325216876104168,Neutral
NewCaramel,0.5034611483321925,Neutral
cyanocobalamin,0.663017075649241,Neutral
8-Bit_Basement,0.93740243276766,Pro
bepseh,0.37853326307158,Neutral
dm319,0.4590245925133505,Neutral
carl0071,0.42914271266690135,Neutral
grejus99,0.403920317529045,Neutral
Shapiro_fan,0.410231452474228,Neutral
tobeeiy,0.0442224973973479,Anti
Scoplins,0.0923897664019525,Anti
harryvavre,0.40453871210167647,Neutral
jagdishsmart,0.2778892699107275,Neutral
eavandijk83,0.33576932389714,Neutral
ElectronGuru,0.4211745867910623,Neutral
JackyLonghurst,0.677513625330829,Neutral
JosZo,0.4139335847773226,Neutral
mabsmohamed,0.387121401192332,Neutral
ale-koh,0.31923589529696,Neutral
h4rrydog,0.168028697913094,Anti
DAS_k1ishEe,0.439641925981515,Neutral
nocnox87,0.7428853074338471,Neutral
BigMoneySalvia420Dab,0.271083591358382,Neutral
Odenetheus,0.4718962119683098,Neutral
Ciaran_Murray,0.236435405100298,Anti
big-mal,0.5209434484980552,Neutral
Kellermann,0.579946103080164,Neutral
flying_mango_pie,0.4420009001380109,Neutral
CraigCollins,0.435746343692053,Neutral
OccasionalWindow,0.10134737935911191,Anti
chocolat_ice_cream,0.5090712803495047,Neutral
tiredbees,0.540103385314085,Neutral
3rd3mi3r,0.504812648411743,Neutral
fookhar,0.307810661470914,Neutral
mindnoot,0.4564668186576333,Neutral
kaviyarasu255,0.372954920159714,Neutral
hlebvoukau,0.457113952349826,Neutral
drcanislupus,0.4927848800290017,Neutral
OniNomad,0.4323322830472405,Neutral
mikechappell1,0.5654358844872169,Neutral
indeox,0.267188687387629,Neutral
daznez,0.7383065026188634,Neutral
beka_kakabadze,0.545965000816217,Neutral
MrLuther724,0.0301425291748217,Anti
Linika,0.5067601180574135,Neutral
fredecup,0.224495885073059,Anti
dagnabit1536,0.0937189718583514,Anti
no4457,0.320466154412235,Neutral
thundereagle19,0.674523126354023,Neutral
nick5erd,0.4271003770771538,Neutral
acrane55,0.3547408844405641,Neutral
alfredfuckjones,0.4420004920630575,Neutral
lfang1234,0.5812062119979293,Neutral
heyzeus3891,0.3494747400019688,Neutral
Sphillips1979,0.16731582375708515,Anti
shitstorm_delux,0.5384838870803524,Neutral
Pompadour_Pug,0.460404702047413,Neutral
WestRail642fan,0.10176399235656,Anti
Crabbitgit,0.525026582176303,Neutral
mdf144,0.357673648465234,Neutral
Screepts,0.7508656727322641,Pro
wigi1,0.39970220590518013,Neutral
IntelligentFennel,0.27020910210485,Neutral
ukbeasts,0.43531037907429604,Neutral
nihilipilification,0.43618627916808,Neutral
IWMG_Nova_UK_4,0.623174768958249,Neutral
ilzya,0.427245618681751,Neutral
coolbern,0.1031684966295328,Anti
rigdomna,0.38345707256661665,Neutral
Chartsharing,0.5436944240534565,Neutral
LineBallTennis,0.4895433273734125,Neutral
louisewooeez,0.618741736835983,Neutral
SkittlesJemal,0.5,Neutral
tropics9,0.21924029132658812,Anti
12footjumpshot,0.2559448489973259,Neutral
TheBigRidgeShow,0.1607507773606525,Anti
VianinjaOfficial,0.39971150679606465,Neutral
aobtree123,0.48865772812090835,Neutral
An_Ape_called_Joe,0.05751135776537634,Anti
blighttownelevator,0.6717837346338006,Neutral
gorillaz0e,0.3726956003044355,Neutral
Frehley_Fan,0.619059195488445,Neutral
GroundStoneHoldings,7.89651214620379e-09,Anti
freshlysquosed,0.5119122415041377,Neutral
letsdiscussthings---,0.449400578750631,Neutral
likovitch,0.41955002218167,Neutral
meta_system,0.0089470770167686,Anti
IReadOnTheInternet,0.5077834225581354,Neutral
CinderCats,0.381618374281217,Neutral
xljamsy,0.281645303371247,Neutral
benbrown21,0.60723096456675,Neutral
DrtotheB,0.282703339500483,Neutral
annynbyrg,0.4203306962601973,Neutral
datapim,0.547272917073069,Neutral
phi_array,0.4928276727778995,Neutral
Fishchipsvinegar,0.36608851927423064,Neutral
urbansherbert,0.6052351281090969,Neutral
notacultsam,0.704215186988079,Neutral
GrumpyAndProud,0.5163972466968302,Neutral
Termin8tor,0.5325297999847315,Neutral
unknown2beunknown,0.280426537026084,Neutral
PropaWatchdog,0.764682217605871,Pro
aliceMcreed,0.44386022203135495,Neutral
uk_uk,0.6099707498886096,Neutral
ChipGraham,0.168967356314097,Anti
raoolp,0.582563660414609,Neutral
temujin1976,0.4442927273794339,Neutral
bono-,0.25137459485097513,Neutral
casualphilosopher1,0.3831814990394909,Neutral
Danasus1346,0.46401703372531217,Neutral
3421431boom,0.6202645165082938,Neutral
Wantankerous,0.478689239423789,Neutral
paperlords,0.161478334510963,Anti
cosmiclusterfuck,0.5127780275774916,Neutral
Isolde-Baden,0.536316074043756,Neutral
AsABrit,0.178244609096923,Anti
weedpackhugs,0.620258270275099,Neutral
Giantomato,0.29381592086881,Neutral
VGFleet,0.5797694094634945,Neutral
Hassaan18,0.0995514972662338,Anti
macmanzx2000,0.312701036394687,Neutral
Greylocks,0.429852828124165,Neutral
ScramUK,0.43723259394611125,Neutral
M5_mad650,0.673090730649623,Neutral
DP_14,0.859165773715372,Pro
just_a_random_guy_11,0.6904943354537488,Neutral
whocarebear,0.15660116149595,Anti
Tharouet,0.4618530790935148,Neutral
SheriffJohnStone,0.13005707157312474,Anti
Marky-lessFunkyBunch,0.0824713848141094,Anti
Tomco27,0.486019445576221,Neutral
SF-SCARECROW,0.4748037126996249,Neutral
LDLaw,0.617405565127774,Neutral
Rhadok,0.5617581312499147,Neutral
guest64,0.40647409183636923,Neutral
Wwen-Oilson,0.533332093220809,Neutral
SJR-Escapades,0.32105392245554354,Neutral
default_damager,0.4094249446551508,Neutral
ScottMarvelHill,0.2305822113891095,Anti
God-is-alive,0.0053619736202294,Anti
PheonixCraft,0.57338131859008,Neutral
Tiim_B,0.512139185115456,Neutral
BasmaHayek,0.218455893590397,Anti
the-rebel-scene,0.5,Neutral
vaperjimmie,0.5579043626813855,Neutral
Memeulouso,0.49416939627638,Neutral
learain,0.412847454995092,Neutral
wobbie1911,0.6905956947567,Neutral
jesuislight,0.3607209367376132,Neutral
Gnagle26,0.565808107938178,Neutral
emax_pxp,0.44686459318025,Neutral
troniccrypt,0.42862965374144757,Neutral
14fongk1,0.263882193576375,Neutral
Dead_Benjamin,0.40957605335977537,Neutral
Buzzy-Buzzy-Buzz,0.6035138961800177,Neutral
breadillo456,0.4169034419630765,Neutral
PawelParkour,0.47508657439897073,Neutral
brexfactor,0.4578333432898727,Neutral
rorocolcol,0.588205064214542,Neutral
betzm,0.408261775536181,Neutral
sixtynine_fourtwenty,0.5124063387911743,Neutral
coolshoes-bra,0.556102068458835,Neutral
PartyOnBrexitDay,0.7032025924228426,Neutral
Only1waytofindout,5.96919460915389e-05,Anti
gingerbenji,0.42346339643698255,Neutral
EuCleo,0.40675860071603503,Neutral
deadsoldier,0.37148000078280335,Neutral
the-rood-inverse,0.5034492629403129,Neutral
ou812_X,0.834473048190845,Pro
devon_uk,0.0083888270711845,Anti
questionman1,0.0004479432832003,Anti
TemplarLuke,0.5450589246872257,Neutral
formHorizon,0.5087053743100468,Neutral
georockman,0.543530781406757,Neutral
notaballitsjustblue,0.48392697025900655,Neutral
EmanonUkser,0.372369049805667,Neutral
zakkyb,0.5407233989346734,Neutral
kennclarete,0.505655295916673,Neutral
oinionboy123,0.4932956225992731,Neutral
BeccaHutson,0.5421695639805487,Neutral
lolitololinho,0.5802108405251442,Neutral
dieselmachen,0.32828776284021965,Neutral
Moza935,0.574853747195303,Neutral
gh5000,0.5254509615880925,Neutral
mikemc81,0.462255259297572,Neutral
batsfantastic,0.100798894186407,Anti
BaconWithBaking,0.503088840440553,Neutral
Th3Sp1c3,0.36212037613202164,Neutral
Mr_Wendelll,0.5022617568481729,Neutral
exitbrex_it,0.5,Neutral
bitcoinfuture1,0.6478280212861462,Neutral
wilsonator501,0.46202677476666243,Neutral
srwilson777,0.4607796435821833,Neutral
kepasanolose,0.87104741646202,Pro
PalNew,0.5462978467090216,Neutral
-Wattsit-,0.472271593039167,Neutral
tapodhan,0.0548050856076392,Anti
Green-Seven-7,0.694517371544587,Neutral
benjaminikuta,0.40137238316559787,Neutral
JaydeJD98,0.538515378363961,Neutral
bastante60,0.508332950965685,Neutral
ShyBertHerb,0.6392398636235869,Neutral
dinosoar11,0.39295992065680235,Neutral
tinbloom,0.915966521388777,Pro
triplenipple99,0.30535895274749725,Neutral
TheOnlyPorcupine,0.5158998632740339,Neutral
ausernameitis,0.477562942677302,Neutral
Green-7,0.835394953987278,Pro
YaYeet6,0.391080099823692,Neutral
PAUL_D74,0.46799340586011157,Neutral
Wolard,0.164016372278003,Anti
DodgyDoddsy,0.726519001158789,Neutral
familyguy1314,0.3973614419832889,Neutral
Crixusgannicus,0.814225440903265,Pro
RexLionhart,0.686400260441155,Neutral
freakishrash,0.708816680197277,Neutral
180311-Fresh,0.29563551812124306,Neutral
stewbits22,0.6289720575635003,Neutral
RoyTheBoy_,0.5196713924015833,Neutral
SexTechGuide,0.0235520624929312,Anti
jamiethebb,0.29574709097087837,Neutral
Kujimo,0.923591300697564,Pro
RVAbearbonez,0.5,Neutral
mohamed61,0.45037722031942273,Neutral
afhammad,0.479940865370474,Neutral
Fickle_Monster,0.5924655541222174,Neutral
batteran,0.42279314605191826,Neutral
jahiscallin,0.38142477752738363,Neutral
ProudWoman90,0.647477140554496,Neutral
ConanTheLeader,0.5944328446413361,Neutral
schimapan,0.444316948631588,Neutral
ac13332,0.39647153083944753,Neutral
GiletsJaunes,0.570482911269106,Neutral
DefunctHunk,0.458795880284681,Neutral
matej86,0.4851789976373157,Neutral
1990darksilence,0.0008039039842799,Anti
Yususus,0.406687988525295,Neutral
ApathiaDeus,0.396075921880725,Neutral
killblade999,0.509438051346616,Neutral
PSSSSPPP,0.4706791795762426,Neutral
ConsciouslyIncomplet,0.510332347694871,Neutral
coinnewseurope,0.388661341874549,Neutral
Austin7537,0.775511403489749,Pro
anotherprattonreddit,0.213890691870455,Anti
Aicchan,0.0213375071236129,Anti
stockmarketnewstoday,0.0635960557772652,Anti
antimediot,0.4388749763029341,Neutral
Meddeyc,0.145570235112848,Anti
RDHardgriller,0.693211240928416,Neutral
adamhunttv,0.201550786051719,Anti
zpox82,0.364753998844406,Neutral
richjohnston,0.3421542171503075,Neutral
Brad_Jockstrap,0.5272764930075894,Neutral
fryat,0.0849338559929435,Anti
fearcreek,0.547346140298328,Neutral
FinlayPacks,0.325101671560687,Neutral
jandetlefsen,0.5030342049416042,Neutral
ambivalently_yours,0.357950686339632,Neutral
qlose,0.354102531723135,Neutral
cymroun,0.4736621979107858,Neutral
50youx,0.474623139558948,Neutral
TomBendix,0.56457908274703,Neutral
_chocolatemango,0.24165232607280254,Anti
DontThinkIBelongHere,0.5675378732297437,Neutral
Icyjohn70,0.1440580730360255,Anti
Ikbeneenpaard,0.47067921453586964,Neutral
turbonutter666,0.311786510369872,Neutral
PineappleExpressTing,0.411064934037204,Neutral
IndiRefEarthLeaveSol,0.5012695809314603,Neutral
0x75,0.6026770189455688,Neutral
Fridgetofar,0.418483801625293,Neutral
Keyseeker13,0.472111386894162,Neutral
Kilessi,0.5283342436159255,Neutral
evlswn,0.535426858658261,Neutral
cygigl,0.181619110558325,Anti
c3l3x,0.421139301733312,Neutral
markjowen,0.3167217151420576,Neutral
MusingRab,0.558491183409475,Neutral
NetMisconduct,0.47528092662430904,Neutral
SlugTheAmazing,0.5605203471449225,Neutral
dcbull4you,0.0448626375724321,Anti
mcwri,0.862286898529326,Pro
SealRak,0.835192470281716,Pro
PsiCopAl,0.48723383152906197,Neutral
greenrd,0.5490328476637398,Neutral
pottypotsworth,0.5600854485111475,Neutral
charliefury-YT,0.513429098570628,Neutral
eatawholebison,0.669374701985077,Neutral
flamethropalm,0.670232875762022,Neutral
HeyLarry_,0.321412315035577,Neutral
crizz1066,0.201289613329704,Anti
lindwig,0.36254276601846724,Neutral
dry_yer_eyes,0.3225259297380054,Neutral
fthesword,0.245873102809777,Anti
HistoricalPickle,0.5168261289254563,Neutral
FreakyGoodGuy,0.576495144934775,Neutral
bobroberts30,0.3967671395472508,Neutral
IMGNACUM,0.5935102316628209,Neutral
ManOfTheInBetween,0.41578143922075,Neutral
dirtywang,0.433837407813799,Neutral
pornfreeacc,0.649226516575443,Neutral
Daviddavewolf,0.619141999442094,Neutral
GGMUGGMUGGMU,0.8076810918752106,Pro
libreleah,0.34249313179906066,Neutral
Togethernotapart,0.47537919496986575,Neutral
Aharmstrong,0.57014217218562,Neutral
Tythakia,0.284612506536236,Neutral
Steady0n,0.620872505421703,Neutral
MadManRecords,0.195840347476867,Anti
ihutc,0.361591371844303,Neutral
gouldy_ftw,0.511897147933438,Neutral
thekazooking,0.45207980657528,Neutral
Spanish_Doctor,0.3517558362935,Neutral
shafiqalibhai,0.28758717522141963,Neutral
birchhead,0.44810757688241104,Neutral
toccav,0.062099085830360556,Anti
ryanbudgie,0.37312644188733174,Neutral
RamThankar,0.340423834619847,Neutral
newsprovider45,0.189516288213844,Anti
jampickle,0.5395485925912049,Neutral
jimflann,0.46057134977661013,Neutral
astralweeks_,0.50098115283958,Neutral
reynolds9906,0.541689127736363,Neutral
PolarMammoth1,0.4504868740235778,Neutral
travelandcats17,0.454698432308268,Neutral
Skyb0y,0.4864629734031374,Neutral
Kubasmh,0.5204762493480198,Neutral
nc444,0.6756332574860989,Neutral
Indeneri,0.39728781570607274,Neutral
kappac9,0.40633472321665953,Neutral
pluiswezen,0.5957056777511343,Neutral
BagboyGM,0.5932028349330762,Neutral
Oclasticon,0.1380780426049593,Anti
IrishRosiePosie,0.798047183129644,Pro
Sonicjay1,0.4217835268942715,Neutral
kharnynb,0.42729576624855176,Neutral
partylikeits3000bc,0.20456437774727496,Anti
MedievalPotato,0.5356690464303092,Neutral
dxspora,0.44903521901720533,Neutral
_UwU_Wuts_This,0.373162482158618,Neutral
When_Oh_When,0.5737061199556365,Neutral
bogdan9310,0.5571821836729355,Neutral
randomgeekydad,0.4789998262383677,Neutral
carael999,0.66462660238234,Neutral
HawkSYN,0.6626466072391023,Neutral
Janiebellefan,0.5833582964893466,Neutral
Jackie_McMackie,0.5083506675395788,Neutral
boring-goldfish,0.393631945223786,Neutral
Perlscrypt,0.46792651382764305,Neutral
EasyTigrr,0.4283551671465402,Neutral
Philbull,0.5467487408357357,Neutral
Bavarianjedi,0.567104101772654,Neutral
LoopyLuce79,0.563817204929868,Neutral
bostonglobe,0.78770259961318,Pro
nivekwanders,0.132620338234569,Anti
TheChineseImposition,0.0529244538679096,Anti
KarelKraai1,0.48156930827398714,Neutral
neil_t123,0.48128628126814127,Neutral
mangointhenight,0.539210977337061,Neutral
leo_eleba,0.45448690584775475,Neutral
MantaMusic,0.506530730911124,Neutral
Nightsky19,0.4821393963769145,Neutral
fjtuk,0.45115132579215494,Neutral
darthxaim,0.6217022922228344,Neutral
jx8p,0.26606381763119064,Neutral
Ericb2020,0.33294016631259,Neutral
alexgv08,0.562085882187866,Neutral
wonderingwormhole,0.48964331716361026,Neutral
Bakirelived,0.5751628222468519,Neutral
Verymoreish2000,0.098667464082251,Anti
richardirons,0.47185588381080495,Neutral
Ardziv,0.15698451836029742,Anti
Carmonred,0.4388840919265955,Neutral
NiallFraser,0.7098691311678966,Neutral
Siddhant9899,0.192141655813979,Anti
disc0tech,5.7789860272260734e-05,Anti
I_am_Jax_account,0.8964580380662505,Pro
BrianBoyko,0.48461743104710014,Neutral
ToDeemon,0.364436490007335,Neutral
I_am_a_hat,0.5395032208738213,Neutral
realhighlander,0.698821811187071,Neutral
shahfenil08,0.23058257253223066,Anti
ObjectiveVoid,0.4839775368222271,Neutral
Double-Pumped-Ur-Nan,0.571682252417145,Neutral
MinimumX,0.4980666263054904,Neutral
247newstoday,0.37937008541642775,Neutral
wilcon53332,0.4546926692976487,Neutral
EssexEnglishman,0.4769153308986067,Neutral
iLewA,0.543032553252122,Neutral
Teddyrevolter-360,0.5974250951056985,Neutral
Ragnar234,0.5272257706967163,Neutral
DiskoBoss,0.0488067340815948,Anti
Rex_Cymru,0.758643448431151,Pro
lozbudd,0.1876198863953134,Anti
Itrader_com,0.19207739815206068,Anti
jmccr2d2,0.412826285067532,Neutral
9_dani,0.4378690998319865,Neutral
pbrainey,0.155857440408046,Anti
SeismicShift,0.365854143058563,Neutral
EntitySFX,0.5742461266765791,Neutral
Altissimus77,0.5074345794175481,Neutral
BrexitForum,0.25387473368822283,Neutral
PapasmurfEU,0.573170847811843,Neutral
Filmbuff73,0.432181162097371,Neutral
dubrovniktimes,0.570043507499187,Neutral
momoxoxo,0.411314826737017,Neutral
BREXITFUNDING,0.552251874827556,Neutral
likhal,0.4999617764866486,Neutral
Moody699,0.520644101304413,Neutral
fromgr2uk,0.876967974184044,Pro
BonesMcCrohns,0.6103477757620026,Neutral
Kardinality,0.5183487637480821,Neutral
StegtFlaesk69,0.46258711257254514,Neutral
FenrirIII,0.30027473622678,Neutral
panel_laboratory,0.4345593011666289,Neutral
SAPY,0.5802731759606039,Neutral
kulltsb,0.5845195666163524,Neutral
bitking74,0.5071461272964507,Neutral
historypride,0.6890643193047838,Neutral
passivemob,0.0303141629243172,Anti
jukemaster88,0.71483465745313,Neutral
Leeuuh,0.5391817036972881,Neutral
lawrence_revell,0.3552766170847585,Neutral
gingerbread24,0.5,Neutral
ArdentFlogger,0.316496764132363,Neutral
EnglishProudBREXIT,0.733084639585338,Neutral
AbjectStress,0.4705624962785654,Neutral
DJSporanzo,0.5740024360819304,Neutral
happylarry0,0.542643534971282,Neutral
gregThomas777,0.544276624507457,Neutral
Sn0w8411,0.412411647002925,Neutral
Eliot3606,0.5003068479495578,Neutral
Oisin790,0.5574488001492892,Neutral
Jonathan_Smith_noob,0.46755783330212825,Neutral
ReddSpark,0.5011634726968931,Neutral
croKant,0.45714987208761,Neutral
minecraft4life123,0.48403498061306843,Neutral
ZeroA4,0.5059919540624545,Neutral
amoozingmoozery,0.541741711515355,Neutral
kamamid,0.158674362132023,Anti
Vinayak_Sharma86,0.189985225207133,Anti
bulletfacepunch,0.4887521107341398,Neutral
mriaa,0.44963618124519866,Neutral
TalayaWalaya,0.586184408155046,Neutral
cortijoman,0.427676090305807,Neutral
rabidspleen,0.376779862759114,Neutral
londondailyreport1,0.11035116471740725,Anti
prnykhtr,0.33995954136408724,Neutral
unsung_toast,0.439092990570944,Neutral
G2_YoungFuck,0.5420517463998256,Neutral
CHRISTOKROKO,0.531162719130629,Neutral
AdzyFee,0.5,Neutral
Raikken,0.5390780506205765,Neutral
travellingintime,0.5166509524458456,Neutral
CleanCleaningWipe,0.4845994710868857,Neutral
LWTdotdigital,0.323683791203033,Neutral
indianspoiler,0.934054579909676,Pro
HB-JBF,0.4844897715629863,Neutral
tim_hendrix,0.47545663815648326,Neutral
marvinTheMartianPw36,0.383102686748619,Neutral
Oshabeestie,0.622492143505643,Neutral
Hot_Commission,0.590103594866728,Neutral
Kittenmeistere,0.37853326307158,Neutral
timeslidesRD,0.348021879763378,Neutral
Lalakels,0.49244378159810864,Neutral
MaleficentBreath,0.633618696594421,Neutral
ScienceAManifesto,0.32790561811727,Neutral
iluvkratom,0.323914760904699,Neutral
Newman1651,0.4313304690108808,Neutral
rdpenguin_,0.5616136631164083,Neutral
FowelBallz,0.323361759719027,Neutral
Arkatub,0.433873842056651,Neutral
Lvl44,0.407507510438719,Neutral
Sonador_Snow,0.642801486167323,Neutral
DanWExportWorldwide,0.20481253344624,Anti
DuncanIdahos7thClone,0.5361226740537589,Neutral
simbionius,0.4131461505824586,Neutral
tibbydudeza,0.5746247257333361,Neutral
Nora_Oie,0.3815104666494063,Neutral
River_Wren,0.123967177149349,Anti
themacrotrend,0.7457061145639717,Neutral
haribo_2016,0.5107767673926077,Neutral
mogwenb,0.40730166656920846,Neutral
suphando,0.695571733593688,Neutral
Goddamuglybob,0.39496400154123523,Neutral
lovingfro,0.437782356929202,Neutral
_Jaxoni_,0.37853326307158,Neutral
Altruism7,0.483817444641109,Neutral
Obeythecreator,0.4662997618258725,Neutral
specialkey92,0.657411317131624,Neutral
curiouslyhungry,0.4519666762166608,Neutral
GrumpyOldIncontinent,0.6600247580668378,Neutral
bp5678,0.0282461553882637,Anti
aerostotle,0.4731931400692862,Neutral
DanicaParker,0.5557042689540326,Neutral
throwaway87234234,0.0802376424320238,Anti
ahbleza,0.3850535847540663,Neutral
Wh00Dith,0.201519966486882,Anti
kampheit,0.6012125977473779,Neutral
TheeCaptainee,0.5540392918593748,Neutral
wayanonforthis,0.6487610406900294,Neutral
nobody-significant,0.362207527866178,Neutral
PoliticsWithPaul,0.39485920243188466,Neutral
JanonymousAnonymous,0.4632204968729913,Neutral
TerribleBanana,0.3981124535952827,Neutral
y0g1,0.44409739262879366,Neutral
AngelusAlvus,0.6665404738171263,Neutral
Carneym89,0.965187370296068,Pro
EzAndTaricLoveMe,0.5280602908811692,Neutral
JamTap,0.229093615584986,Anti
netscribes-india2,0.187669287879329,Anti
punkmeretro,0.157990885284713,Anti
PeteSerut,0.5060489253978906,Neutral
LaurenHayward,0.1769774964488069,Anti
frindle__,0.133469619737009,Anti
smbale,0.36618603709496395,Neutral
dullestfranchise,0.37842159482917465,Neutral
AlwaysUnite,0.5091143340954349,Neutral
lokojones,0.6084785320373965,Neutral
crippledcamel88,0.497976272949196,Neutral
strangedays101,0.392616673947817,Neutral
Solarizedsod,0.670073085134558,Neutral
vivd24,0.42848909452459594,Neutral
flamehorns,0.37676576007872153,Neutral
mrflib,0.5309654643194147,Neutral
OhGodItBurns0069,0.46120213263783794,Neutral
peakedtooearly,0.47689103135124056,Neutral
richgarrod,0.4286250676127481,Neutral
celeduc,0.4690408053296775,Neutral
RoadByke13,0.554581948446276,Neutral
unlimitedwarranty,0.345384475387947,Neutral
ercam3,0.288010978233365,Neutral
AnotherRedditAddict,0.516667514919467,Neutral
CaptainButler,0.26014182522913,Neutral
Odie1892,0.42234631330312833,Neutral
Fatman2003,0.208371876799756,Anti
Scribble_Imp,0.25446013192837,Neutral
MarbleRouge,0.179714252016445,Anti
amazingkiwipie,0.0800925601929793,Anti
Sir_chilzy,0.851399012207803,Pro
GMO_Trading,0.348796754374168,Neutral
TokenWelshGuy,0.23114600900216,Anti
TygonSam,0.483787051408029,Neutral
Brits4Trump,0.6326870576550705,Neutral
ericnyamu,0.346597730893766,Neutral
FradiTomi,0.5331862744508775,Neutral
laudern,0.716479208238393,Neutral
iwandoherty,0.601038076238391,Neutral
Soundasleepx,0.453759354459542,Neutral
tiagofaia,0.382646703070973,Neutral
_Random_Thoughts_,0.3439523126734996,Neutral
easy-wan,0.6008535533682099,Neutral
bbreslau,0.5288333975727247,Neutral
rainyoranges,0.37853326307158,Neutral
digitil,0.43558668809418977,Neutral
iThib,0.730719977025705,Neutral
JusticeKomish,0.38737288305860595,Neutral
mlud2000,0.5791336446067835,Neutral
SB1n6xl,0.28446899448547497,Neutral
P9_NF,0.294719584550337,Neutral
axlrosen,0.7992082898486566,Pro
bloomberg,0.107821841160297,Anti
MrEimaJ,0.5246176586127843,Neutral
llyamah,0.5062703707736732,Neutral
mephistopheles2u,0.26569017212249446,Neutral
Tzunamitom,0.5633767466803924,Neutral
Subpar_Story,0.595804395548822,Neutral
pyrocattuesday,0.27773991280405935,Neutral
Kronephon,0.4426857335908681,Neutral
the_alias_of_andrea,0.4604205648708862,Neutral
nb2001uk,0.8337596659774453,Pro
hostil3friend,0.8443665433247672,Pro
BullionGodspeed,0.5556440982181763,Neutral
Random_Blue_Zebra,0.42151052921827864,Neutral
Marlon_Biscuit,0.19106238627041586,Anti
watobin1,0.524435823960201,Neutral
stefblog,0.6066589055225523,Neutral
hannibalbarca213,0.49906928022644176,Neutral
Lafitup122,0.210241137026187,Anti
Recklesslettuce,0.5623113320509926,Neutral
CitoyenEuropeen,0.42794184519873557,Neutral
Dar17Mul,0.10707749711455546,Anti
moscow_to_london,0.3934670981178931,Neutral
Matrixblackhole,0.5799438895542549,Neutral
annonCoward,0.588622182772205,Neutral
andytandreou,0.7401995607064319,Neutral
TheKingsPevertedSon,0.509568272707529,Neutral
Cell_one,0.5149455024131115,Neutral
ZaraBizara,0.6499438704738466,Neutral
pipesurfer,0.149365176869987,Anti
acuriousvoice,0.737860326098888,Neutral
Maltinum,0.289289876279405,Neutral
AM_RadioShowHost,0.28600213463159213,Neutral
PresidentSpanky,0.5115444217403923,Neutral
thatguyalex2018,0.5383505315892669,Neutral
kiernan205141,0.153742150401662,Anti
TeHuia,0.44001592889463,Neutral
TaggTagg,0.5001571259618212,Neutral
Giddy4viddy,0.448065073739287,Neutral
Locktopii,0.642537653434245,Neutral
UrbanRedFox,0.3446063632443018,Neutral
AydinHumphries,0.37201178960412623,Neutral
Tranq10,0.464210333168967,Neutral
Primigenia1,0.5105122054304293,Neutral
BlindEye5,0.3353135217804265,Neutral
therisingsun0510,0.578951082155816,Neutral
CatsEyesInTheDark,0.6008395539076891,Neutral
D1rtymaca1,0.5182210142600627,Neutral
andycurry78,0.47470207923094465,Neutral
swengunderblum,0.5051471416442312,Neutral
drammertime,0.572694547877834,Neutral
CredibleAdam,0.5140254203761297,Neutral
maverikou,0.629605310399038,Neutral
wmanwill,0.137325446047066,Anti
chocolateweazel,0.6216152999699345,Neutral
smoledman,0.544445259463461,Neutral
Amstersmash,0.0725035891262722,Anti
AllTheBadThoughts,0.3542201139278101,Neutral
Beanzie02,0.5213398211123595,Neutral
iPaulish,0.54964616996021,Neutral
BassPhil,0.398797893760409,Neutral
wdwhereicome2015,0.548832006448789,Neutral
spaZod,0.571305480024426,Neutral
KelseyBDJ,0.5925323859736206,Neutral
ArthurD4V135,0.5295040009121472,Neutral
Sp_Gamer_Live,0.5977845890529091,Neutral
farrousy,0.460709749576335,Neutral
krisheath,0.491567905814664,Neutral
_Snowy_,0.5746546126712875,Neutral
grahamcottam,0.48414165152259603,Neutral
dentastic101,0.7098001760538946,Neutral
666lukas666,0.4885320311455805,Neutral
Ahgsgdhwuxhbqhdhd,0.210062577375685,Anti
dayriderBusking,0.510347737283408,Neutral
Jonny_____,0.66822821597109,Neutral
phreakyh,0.392598917824784,Neutral
Mr_Sapien,0.410032647836464,Neutral
shiningPate,0.1479498478401742,Anti
SayonaraForeverr,0.7454671295776115,Neutral
gingerbreadmonsoon,0.42780601619819,Neutral
betterred17,0.582451828789494,Neutral
kittycottonpaws,0.37638232651233355,Neutral
Beermatuk,0.40181724448090766,Neutral
Tiltbringeryasuo,0.4296776294470041,Neutral
lantzleroi,0.511853045670586,Neutral
PCisLame,0.46992548045466465,Neutral
Aidenstuddard,0.522232238323268,Neutral
rye_212,0.35793673417605876,Neutral
jacharless,0.51748916110972,Neutral
OnewithPUNS,0.4465011718881683,Neutral
vollcastle,0.630784948835139,Neutral
cheezepie,0.4415818055693115,Neutral
chuck-odin603,0.7137799633099855,Neutral
SoftMushyStool,0.367759658672367,Neutral
Frostiann,0.6181230582792855,Neutral
knobbythwaite,0.702964539495452,Neutral
JanetYellensFuckboy,0.502179007172566,Neutral
UtterDebacle,0.3786524372028526,Neutral
Corbyn_is_a_cunt,0.798301973808485,Pro
myth1202,0.5,Neutral
Hitchaa,0.529777396093048,Neutral
hairthrowaway10oct17,0.763732682646192,Pro
YeYekingpin,0.943553944632035,Pro
luke41lau,0.254616227691071,Neutral
winter_limelight,0.2000755652852303,Anti
Xekiest,0.942490842606934,Pro
FarTooMuchGravy,0.769613729839346,Pro
fshzzl,0.5598173767537756,Neutral
Frank1Tank,0.37853326307158,Neutral
sc00byj3w,0.37853326307158,Neutral
kunday,0.5615892557429191,Neutral
DramaticPain,0.444282774630835,Neutral
TheCrogmentus,0.472605062744697,Neutral
MrsPunkAs,0.952692331222179,Pro
wtrmln88,0.4932187066847798,Neutral
gonadlump,0.557945438236198,Neutral
TheKingOfPark,0.47508043759577173,Neutral
Krexxaur,0.47960359723155865,Neutral
Gentman1,0.4035890108454604,Neutral
Billiboy2,0.570131362108841,Neutral
traveldan88,0.431553596187997,Neutral
dan7777777,0.439532068388388,Neutral
blackice6006,0.325695946208138,Neutral
bennyd7,0.49279079085888,Neutral
jillbederoff,0.504812648411743,Neutral
Topoillogical,0.5,Neutral
wolkenDurchziehen,0.4431191673526245,Neutral
jalbp,0.370385247870114,Neutral
comatose_chinaski,0.713806587072696,Neutral
Propofolkills,0.33023708211606057,Neutral
b_curtain,0.0250639319621952,Anti
distributed_nomad,0.568821381295317,Neutral
ashes911,0.571400420642262,Neutral
ChoudhryDarshan,0.923817783098366,Pro
donald_flump,0.571605593539048,Neutral
willoates1,0.671932802599857,Neutral
SemolinaChessNut,0.538647013923592,Neutral
swearydoctor,0.28945033285010535,Neutral
JLR0309,0.847678119493143,Pro
tacokater,0.3917535727579035,Neutral
lilyinnit,0.46627621945647074,Neutral
thinkofanamefast,0.3596279514280531,Neutral
Ride_Away,0.0012504748170569,Anti
thedagger444,0.5,Neutral
fredoAF,0.304349217192641,Neutral
angelofdeficit,0.341751280515798,Neutral
Crispy138,0.483017018484309,Neutral
STUNSLAVE,0.535732287918822,Neutral
daz1875,0.45536753789808815,Neutral
Erzlump,0.6236037760995596,Neutral
K_DAWG1990,0.445653943550265,Neutral
aghaidh,0.264317688733796,Neutral
sleuth2000,0.42093444609052966,Neutral
Lightning3240,0.5579851190559941,Neutral
LetUsExplore83,0.68064127820691,Neutral
tinimark,0.603015984646849,Neutral
alternativebristol,0.41167345123491955,Neutral
Cybawg,0.515008392858453,Neutral
PlainSprout,0.683327019607305,Neutral
margieinitaly,0.33451395456808636,Neutral
hashtag-overrated-,0.4436975351795493,Neutral
zerohalo,0.372219240738198,Neutral
mojotheclown,0.0243059157114074,Anti
jobinhocrypto,0.21693969773904065,Anti
nihilistporqup9,0.32037064083707123,Neutral
_niall__,0.7160925053082765,Neutral
Paclerin,0.40761371921322237,Neutral
Chipsacus,0.5306593817764076,Neutral
Header1969,0.914550605631121,Pro
Rich7469,0.4269628592776923,Neutral
thfcnut,0.5281575624822303,Neutral
CustomNoodle,0.5,Neutral
nahguam,0.4121792403743468,Neutral
techcontroversy,0.0001733868775726,Anti
PracticalTangent,0.35819542349831,Neutral
TonyToons,0.391827800187558,Neutral
Cocaine_Cabin,0.552230914337801,Neutral
rwpjobs,0.4656503688833293,Neutral
Palkito141,0.41434164538554397,Neutral
Gr3hab,0.180016963840686,Anti
RealEnergyEigenstate,0.46741504741746376,Neutral
duckorrabbit69,0.35356934202472023,Neutral
weedandsteak,0.7275344655045625,Neutral
ztaffylovah,0.44127878397562403,Neutral
Mr_Boombastick,0.47109585711633795,Neutral
Memeaddictbible,0.590465061468726,Neutral
text_fish,0.5340931922857505,Neutral
Professor_Jamie,0.528623204596625,Neutral
JBM94,0.5780921009879746,Neutral
usathatname,0.44378762917187503,Neutral
miraoister,0.38199902555337467,Neutral
redpillbomb,0.6016978435679439,Neutral
BNJT10,0.4546394716657082,Neutral
rawrdeep91,0.3349998076988596,Neutral
Clicbam,0.4600568526077073,Neutral
311MD,0.3566721569439448,Neutral
testtubemammoth,0.43666918576544916,Neutral
aminoooo,0.385449720474376,Neutral
Der_Brazzilian,0.488241899659545,Neutral
FlashAttack,0.647827291392515,Neutral
Downawellcantgetout,0.3794724831812207,Neutral
I-Sigil,0.39426965258856234,Neutral
rosalyndh,0.45852346034110447,Neutral
ariehkovler,0.3180638564876148,Neutral
cecilrt,0.49962750444685367,Neutral
throwawaytheist,0.45142797490263453,Neutral
RobSut2018,0.533798636041739,Neutral
lucsan,0.33689848531342714,Neutral
PhilipYip,0.528294895270608,Neutral
CryptoD1,0.385403923347173,Neutral
PolarMammoth2,0.4834436037033119,Neutral
Saybagh,0.4766292113268216,Neutral
TheGammonFront,0.145463980911662,Anti
puppygeorge,0.321698809502885,Neutral
HotFeed24,0.5857162209750775,Neutral
having_a_nap,0.4661361261146984,Neutral
smallfrymanybalde,0.447167103186276,Neutral
destiny_functional,0.418141806453063,Neutral
Chrismscotland,0.4520269945389247,Neutral
MGBricks,0.5131021691393836,Neutral
davidroberts45,0.444685174544376,Neutral
gugiluc,0.468671301450071,Neutral
sutoko,0.48762011049769693,Neutral
Hellohibbs,0.5057274746623938,Neutral
Leetenghui,0.6162483115093556,Neutral
HyperSaint,0.4451426525451532,Neutral
madlamb1999,0.768224124275487,Pro
JamesOHands,0.308550010844038,Neutral
Rhaegar0,0.5278303658346919,Neutral
Anakerie,0.37853326307158,Neutral
andre-1425,0.387179136156683,Neutral
Learjetdude,0.35134360816080273,Neutral
TheLeccy,0.5549075189539039,Neutral
1zzard,0.5013783099111658,Neutral
mnosk,0.13597259244943216,Anti
MidnightSorrow,0.451800212225759,Neutral
edwsmith,0.48393703245045355,Neutral
ExitioGriffiths,0.0001658215177016,Anti
stuffedproductions,0.501235713490665,Neutral
razaisgay,0.598743529234115,Neutral
Azured_,0.03618527782632587,Anti
elmo4234isatwat,0.6470597978306941,Neutral
bitofboth1,0.6486470258844921,Neutral
Korskall,0.129754020532695,Anti
Norbertabcde,0.41502341163016104,Neutral
ScottOfTheAntarctic7,0.763295037762463,Pro
UnDankWeasel420,0.502704023477048,Neutral
subjecttochance,0.46317082111078606,Neutral
TheHouseCrowd,0.015971288910306,Anti
Booklame-brain,0.696755679518054,Neutral
reesn,0.2316298938993955,Anti
Theon_Severasse,0.4998992351378351,Neutral
Medium_sized_person,0.524649909594129,Neutral
tallzmeister,0.3119157169652659,Neutral
BigTimeSuperhero96,0.4886824684769416,Neutral
DA-FALKLANDS,0.192912949356307,Anti
double_yellow,0.5004946024168556,Neutral
justfoundoutnow,0.151757486744911,Anti
Curoe,0.5928422237518509,Neutral
Hasd_g,0.677185563122378,Neutral
cantCommitToAHobby,0.678051974702092,Neutral
cowandco,0.44304241404651845,Neutral
yaopijiuma,0.460098303861171,Neutral
aMUSICsite,0.5590896731241297,Neutral
sweetredberry,0.43406402770441366,Neutral
RIKKOF,0.9809968357715315,Pro
KeithC500,0.5000355627896247,Neutral
IDGAFifigetbanned,0.313933135932724,Neutral
Brexlamic_Rayguns,0.279057552723367,Neutral
cerealdata,0.760413160517603,Pro
EsmereldaYoung,0.3731226367561343,Neutral
I-got-Airpods,0.568233052230425,Neutral
SvB78,0.3461653380224618,Neutral
thebabyingo,0.4769909232971927,Neutral
dsuk81,0.5185743529480453,Neutral
cappo1234,0.4407423110319735,Neutral
dannyhoodless,0.253590357166088,Neutral
WelshRobz,0.6812180358225982,Neutral
minneDomer,0.019064572279593447,Anti
Ali_6950,0.45687250930395923,Neutral
freeadviceworthless,0.155575442805787,Anti
ruffianrevolution,0.5370000668213933,Neutral
kumawewe,0.5450702703959761,Neutral
juandelakarite,0.597035345589411,Neutral
Daegog,0.5248310216682422,Neutral
JC_Hammer97,0.59502175471235,Neutral
Barryallen125115,0.9098903133695484,Pro
Boudiccathemusical,0.587740733267772,Neutral
SaveAsFBX,0.5610772833083476,Neutral
tom_vin,0.435008125081057,Neutral
LatinAmericanPost,0.2525026445401259,Neutral
pet1713,0.5003146470034147,Neutral
username_challenge,0.45061700528355014,Neutral
Heisenberg_B_Damned,0.4473038906056939,Neutral
scraigw666,0.16154492238273,Anti
ismailparwaz,0.49965683101894803,Neutral
kingdumb,0.5462863635217355,Neutral
tavoui,0.460406852130425,Neutral
julesdg6,0.5280710536277352,Neutral
logicalfool512,0.43906372442942554,Neutral
dmarkey,0.433699459461797,Neutral
lochlann05,0.712122663831664,Neutral
matti-san,0.3257154668725017,Neutral
5ion,0.342997633312929,Neutral
StoneMe,0.49288523674501133,Neutral
may-bot,0.24812216400739748,Anti
aboyeur514,0.4751237034122823,Neutral
Big_Boi_King,0.662573559886959,Neutral
TangoOscarTO,0.3863961007564896,Neutral
derp2014,0.317493397120984,Neutral
montgolfier,0.4950174515662084,Neutral
warp4ever1,0.5052397168910204,Neutral
plbland,0.424979217130735,Neutral
keithnielsen,0.48677963472930064,Neutral
onedayall,0.7041987220731555,Neutral
OSGARIA,0.6469173535135142,Neutral
indigomm,0.4093912466360614,Neutral
Hashcookie88,0.533853318696627,Neutral
crueldruid,0.5092272735673603,Neutral
quiplet500,0.718846198671939,Neutral
jumboairline,0.551290395568943,Neutral
zincplug,0.480152591180468,Neutral
yrinhrwvme,0.3167644627166212,Neutral
HiddenStoat,0.3911435586708899,Neutral
Carausius286,0.511063247945188,Neutral
H-a-C-K-e-R,0.6099798292265876,Neutral
Naighter,0.623679367526987,Neutral
Russell9393,0.37902350224985454,Neutral
ih-shah-may-ehl,0.4167760377128937,Neutral
Flanker1971,0.5717795994775148,Neutral
OpenScore,0.207726816120708,Anti
Alexander0k,0.0001180484165893,Anti
BristolBomber,0.2829514662394173,Neutral
swedenjohn,0.470819110633182,Neutral
daviesjj10,0.44136136437457085,Neutral
britseye,0.444219973122457,Neutral
SaltyQueefs,0.509473914906386,Neutral
nirk,0.96300288961532,Pro
mikcsuli,0.325810986672182,Neutral
AnotherCableGuy,0.5036020147949986,Neutral
Any_Flow_,0.3657376145223975,Neutral
BooHoolifeshard,0.5406799644309521,Neutral
PlanAEarth,0.05884648820712945,Anti
minimalmo,0.203715326893449,Anti
HazelGhost,0.4185818286783107,Neutral
ICWiener6666,0.5020318015121404,Neutral
badhessian,0.4494772617549513,Neutral
a_deleted_username,0.6519411214957097,Neutral
TheRaven476,0.46748354087850585,Neutral
notevenslightlycr8tv,0.2853628163052108,Neutral
ChowReddit,0.40898157897976334,Neutral
tomhgh,0.253125543566937,Neutral
Insomniac_on_Rx,0.4884798906986743,Neutral
pjj84,0.49487337137764564,Neutral
hkjames,0.220204555844884,Anti
Gs933,0.3289660149087437,Neutral
gtdp,0.5684428959723478,Neutral
a4shwin,0.338581078683923,Neutral
ShaneH7646,0.4807830268140992,Neutral
orevrev,0.43113871597218195,Neutral
ffswhythough,0.36957169239872706,Neutral
paulfp_,0.18431448715090348,Anti
thelartman,0.8701725318006834,Pro
Radio6,0.765133602145187,Pro
RetailMaximblogs,0.346429167967733,Neutral
AggravatingCarpet7,0.45350220185089,Neutral
Chickenwire25,0.37446550403330736,Neutral
zacsaturday,0.412042160334609,Neutral
klabnix,0.014281281377102,Anti
Koi-Fruit,0.5441952751322444,Neutral
uhujkill,0.107475333854042,Anti
stevechanyi,0.020209879256406,Anti
samtc75,0.47248575298215706,Neutral
LowBrowsing,0.4924576113475041,Neutral
dylbr01,0.43916942408641185,Neutral
starlightinspace,0.355979022272813,Neutral
nickjohnson68,0.2901891607415862,Neutral
OHooper,0.137073006830097,Anti
JForce1,0.2848894379374142,Neutral
psuedojon,0.4968649235623755,Neutral
G9bar,0.408559915508023,Neutral
Familiar_Salad,0.40254655933975264,Neutral
ElonMaersk,0.4258685934381948,Neutral
ReggaeReggaeFloss,0.49406853285956925,Neutral
notsocoolnow,0.332432440829563,Neutral
tomsmith856,0.3311444515990766,Neutral
Solidus218,0.5583799972689188,Neutral
mayiaskdidyoureboot,0.177845355049288,Anti
Melmokz,0.5944323673070411,Neutral
CptBarbecue,0.4158666935900914,Neutral
theory_of_the_mobius,0.140071584446057,Anti
Kellogs369,0.490622925579331,Neutral
Ken-Kah_Yong,0.4767800769490918,Neutral
onlyaskingmate,0.36667327212288553,Neutral
bahuller,0.4528690403472685,Neutral
BenEadir,0.23957574311326002,Anti
helen269,0.5292982590307304,Neutral
666eatmyass666,0.544149525527871,Neutral
secret_tiger101,0.39052597443182635,Neutral
FancyIT,0.39245074330262025,Neutral
Ninjjadragon,1.33044868895628e-07,Anti
thedaddy71,0.328505208518835,Neutral
distractmybrain,0.352540525200436,Neutral
freddieface,0.0912041662460046,Anti
ToryPirate,0.996887265094397,Pro
tttuuulll,0.0071416752157452,Anti
hansen81,0.483919627051042,Neutral
Asl687,0.38202825960264475,Neutral
neshi3,0.4955887768599571,Neutral
Heidthebaw87,0.635502547205405,Neutral
nowaycomputer,0.219689639758073,Anti
ImJustP,0.584869402779644,Neutral
Acatinmylap,0.39843127571359566,Neutral
mainz5,0.530243275447085,Neutral
Critical_Pin,0.0593876568554562,Anti
Younus123,0.635899853918623,Neutral
SickboyGPK,0.500089062385114,Neutral
DeArgonaut,0.4137853477022033,Neutral
raytoei,0.537115943809724,Neutral
SmellsLikeGrapes,0.5280978724450957,Neutral
trustmeimaneng,0.3944426500266593,Neutral
Fairize,0.283110714848367,Neutral
Jamielukemurray,0.971751470555512,Pro
keatsy3,0.265404175769383,Neutral
resq85,0.0204524411611491,Anti
gazuk23,0.4292444334134816,Neutral
Taynna_Brinati,0.7209336331043346,Neutral
confused_by_default,0.4142309318627486,Neutral
pinnacle444,0.6189919826671515,Neutral
samasante,0.130061355048938,Anti
ephemeralnerve,0.2918898874040013,Neutral
gopnikaz,0.49905967924684114,Neutral
TheGrandDuke1410,0.216290098643495,Anti
rampantsoul,0.4502216299125129,Neutral
RainbowAtlas,0.15737556592650143,Anti
HeiseSays,0.640730710301815,Neutral
Digginginthesand,0.35979418982542766,Neutral
AChuzzwazza,0.4381307891457193,Neutral
Xaltonali,0.0785446255764734,Anti
gotnolegs,0.45680604795225066,Neutral
luxeluxeluxe,0.209390134306662,Anti
stikkit2em,0.3375803395428115,Neutral
unusualmango,0.112714034787263,Anti
Solidsnakk,0.5553332054552004,Neutral
handyteacup,0.732298881859869,Neutral
EuropeWatch,0.732119370869641,Neutral
SlovenianCat,0.25126726104958064,Neutral
MiDiIntellect,0.34615194816329903,Neutral
ReaLBashman,0.658325840918683,Neutral
antonovm82,0.968707068594312,Pro
Homerdick25,0.441919444103279,Neutral
Nemostasis,0.572717908133224,Neutral
smatterbrain,0.40635860697177634,Neutral
CercleRogue,0.3405615810048095,Neutral
amzyanti,0.1957539524423068,Anti
fakenudez,0.4802739295009295,Neutral
Brassbawls,0.636782733016593,Neutral
Roanokian,0.30183383073730574,Neutral
anxietycatto,0.5533935612554831,Neutral
corcyra,0.5528885487950811,Neutral
EmergingSunglasses,0.20958702156867,Anti
rusty_1970,0.617888597879604,Neutral
efedora,0.6168250372470255,Neutral
Forcent,0.877992088642697,Pro
bdakaleb,0.361346279015108,Neutral
urfavnewz,0.708351483097809,Neutral
antondavis7,0.3350392229065055,Neutral
dlab,0.551546933206524,Neutral
kingf15her,0.4646705444476638,Neutral
Josheo_O,0.5419541855401717,Neutral
AusHaching,0.346132700196841,Neutral
LedDevil,0.3182430891545321,Neutral
unamedusername,0.4750164638354773,Neutral
SirDarkDick,0.4921110508136397,Neutral
ShortyEx,0.36787906758183536,Neutral
wildp1tch,0.414884201202761,Neutral
wazzamacca,0.6743304056918644,Neutral
MichvelO,0.918425512439225,Pro
throwaway10119821,0.868150140426177,Pro
kryptylomese,0.34994615738482365,Neutral
FriendlyCommie,0.749555023114573,Neutral
TheFlexigon,0.3193655340110405,Neutral
Dev__,0.48415180420094217,Neutral
ThomasQu17,0.64808221003725,Neutral
ojessen,0.44105982204744903,Neutral
PriorityByLaw,0.7021206903586945,Neutral
AudiFuck,0.552054571290586,Neutral
vajraway,0.339694797566925,Neutral
Ichigao44,0.31631510950575265,Neutral
f_o_t_a_,0.45764355974218535,Neutral
Hexagonpenguin,0.31050026382106327,Neutral
daemuuuuuuu,0.532211231028503,Neutral
Cosy4eva,0.228090531991554,Anti
lsmbx,0.289621369952771,Neutral
tomorrowtodayvids,0.3219510114192147,Neutral
JanRegal,0.5403177730445193,Neutral
gowithflow192,0.4671870761350328,Neutral
rkoote,0.4520035131016797,Neutral
the__pecan_sandies,0.264780621925263,Neutral
opelan,0.4259130410242223,Neutral
AvailableCaramel,0.5054163472432219,Neutral
theambertree,0.198509117673288,Anti
daveydat1,0.6025679617116795,Neutral
Every1sdoge,0.4936607897784387,Neutral
HumbrolUser,0.4248860846386513,Neutral
drunktraveler,0.41181015804565385,Neutral
funk_on_a_roll,0.5464827126502028,Neutral
MarcusSeifert,0.0478482478132716,Anti
pallen33,0.703564500794917,Neutral
earthenwwoofer,0.5,Neutral
ThatOneYear8,0.564776730222848,Neutral
Gemgem39,0.46637604976227,Neutral
hiwet96,0.1512076650723256,Anti
SittingDuxx,0.547035841723598,Neutral
StevieTV,0.32664699325678187,Neutral
silvyrphoenix,0.498216168554354,Neutral
WarbossPepe,0.44166245541854254,Neutral
alexptiigoi,0.589648366922154,Neutral
forfudgecake,0.41001208401184175,Neutral
synonym4cinnamon,0.283309355810875,Neutral
JackOfCoolTrades,0.198340179029412,Anti
jameilious,0.3705826812839898,Neutral
runujhkj,0.444482876675852,Neutral
Bannyflaster,0.5841378606751232,Neutral
MayPostBrexit,0.400149923945717,Neutral
Reading_that,0.664785735799629,Neutral
laryazaytseva,0.403461614116223,Neutral
ImWhiteandthatsfine,0.292232520808898,Neutral
whagh,0.180969078335638,Anti
marshalist,0.5103739025590274,Neutral
KazTrd,0.47174758294970554,Neutral
stinkysocks999,0.410173004994636,Neutral
coleroso95,0.7236351550742635,Neutral
RubMyPlumbus,0.158154343222035,Anti
Kukis13,0.5965848532851364,Neutral
sarairis,0.1753988612164748,Anti
elliotcreeves,0.66032039162756,Neutral
Aussie_Jeff_,0.808840273000963,Pro
tegsnglenn,0.1434401590237501,Anti
milkmaidenaide,0.362157365617811,Neutral
o_biss,0.479590912240616,Neutral
MarshallTom,0.49321383339151703,Neutral
GreenStretch,0.4988367451856951,Neutral
croemagnon,0.3979066164185378,Neutral
aacwang,0.47459932287606704,Neutral
eire-404,0.144343951863051,Anti
JoshBear_1,0.40547825604864934,Neutral
AntoniusMaximus,0.4215288024153916,Neutral
reecestrong98,0.42815485018280997,Neutral
Twilord_,0.3918175764078191,Neutral
laughinggas,0.5549628765754647,Neutral
jmwint,0.48780957908378997,Neutral
iCollect50ps,0.5129153662398153,Neutral
exwasimv,0.6192727286678115,Neutral
IntenseLemon999,0.1904632721683345,Anti
disagreeabledinosaur,0.4000526058045304,Neutral
youdodogidocat,0.5185545691619156,Neutral
WangIII,0.461105514452802,Neutral
BrakeHendrick,0.425163552812872,Neutral
rob54613,0.516079955202071,Neutral
what_a_jam_tart,0.6631939799683586,Neutral
ipodlers,0.501471748647459,Neutral
babymickey,0.479540881906555,Neutral
Marisa_Nya,0.3462535722458491,Neutral
Lunaous,0.5782876056832996,Neutral
wsruw,0.38589412159234415,Neutral
Choicethrowbro,0.6168000616069117,Neutral
DanielOakfield,0.5432701667301463,Neutral
Canuck7777,0.355669972230751,Neutral
Jemorri,0.4205339790296034,Neutral
jomakepeace2018,0.99998981290861,Pro
seaandtea,0.4750260231389979,Neutral
RuprechtMorlock,0.4981817346777198,Neutral
AbiTabi,0.492321569514258,Neutral
SpiritualButter,0.5640003183841438,Neutral
mottypotty,0.18733414540456045,Anti
Socialist_Monarchist,0.884686436382863,Pro
jason123432,0.6673573024158345,Neutral
TheRealJalapeno,0.4198235119255985,Neutral
suchesuch,0.0595288697364765,Anti
JimmyFromFinance,0.5381629436442202,Neutral
oroep,0.305691126474305,Neutral
HelloDarkestFriend,0.4520440457427887,Neutral
VooWu,0.458842952960453,Neutral
sheldonalpha5,0.5367665390192066,Neutral
cmstrump,0.116069996967003,Anti
mrcrosbay,0.472336091917778,Neutral
somePaulo,0.5580486265031935,Neutral
arrpeekay,0.647784345469275,Neutral
cobaltk,0.4931082976075795,Neutral
letripeurfou,0.5022987551903527,Neutral
0gma,0.2956638121346811,Neutral
bristolvegan,0.12307598784991686,Anti
InfiltratorOmega,0.5115415040546262,Neutral
Pan_dBear,0.5073316659473808,Neutral
snoopyskyfox,0.677146963387893,Neutral
2ndGenX,0.4634429516631572,Neutral
Drew1001,0.1334723345953635,Anti
attictapes,0.555173328453698,Neutral
sedge48,0.140822180190981,Anti
mitdai,0.140822180190981,Anti
Paquebote,0.4708106606957077,Neutral
Orcs4TEDTalks,0.144726115802153,Anti
Avreal,0.5246569501241772,Neutral
feelosofree-,0.5606001762063462,Neutral
history_fanatic,0.6569379331217556,Neutral
conkychonk,0.36392067611310736,Neutral
Neutral_man_,0.24607798467449057,Anti
pacificSierra,0.0477953442369065,Anti
ciaranjoneill,0.38857308247066286,Neutral
nfym,0.5184119817110634,Neutral
knoxnaps,0.3810291246301533,Neutral
edvision90,0.386236862727612,Neutral
hookandshoot,0.588997987342702,Neutral
Plastic_Imagination,0.500115281705754,Neutral
bigDOS,0.5597809245753529,Neutral
st6n,0.4452623466042124,Neutral
k3lpi3,0.4430490086094007,Neutral
_Marto_,0.27803531281795,Neutral
kkrau,0.565737777524945,Neutral
coreywatson,0.3736482499957364,Neutral
mebassett,0.337300798794327,Neutral
zakthezakman,0.4316358626787739,Neutral
Ocho_00,0.28990550530595366,Neutral
Jacobum,0.47633080899558894,Neutral
jamesallen1977,0.317589988031973,Neutral
roberto3346,0.818602838624439,Pro
chocolatecustard22,0.174968092969164,Anti
ValidRobot,0.396826774131995,Neutral
Rhauko,0.4367113871131566,Neutral
pukingjuliet,0.074316547893074,Anti
Mr_BG,0.5264134620517278,Neutral
darthniloc,0.3710963390589113,Neutral
sober2ndthought,0.5421664846235197,Neutral
LordAnubis12,0.447180503353289,Neutral
Scottyb101,0.38692571738361,Neutral
thegooglerd,0.966221955193454,Pro
UnpredictiveList,0.3185917246156478,Neutral
Selmer_Mark_7,0.408181607523995,Neutral
Scenanz,0.680286847086567,Neutral
Sofi_A,0.304981656128492,Neutral
Kellhus0Anasurimbor,0.35014783044786385,Neutral
Laviniamsterdam,0.37647081443055097,Neutral
devangst,0.456135849733319,Neutral
Defence_of_the_Anus,0.5267987768947898,Neutral
mick2011,0.393034639562227,Neutral
moscag,0.410832394476601,Neutral
xboyinthebandx,0.4052794410684803,Neutral
frogstarcommander,0.444692366225778,Neutral
subodhgupta2016,0.593320326046638,Neutral
voodooste,0.5746118554023617,Neutral
Krusty-krab-booty,0.604425733654875,Neutral
Scottcorbs,0.5556236833737058,Neutral
t00,0.43683513477620883,Neutral
Spreehox,0.526617175821001,Neutral
100bigmacs,0.4451838790358972,Neutral
CorrectPineapple,0.162149815270345,Anti
Kadelistan,0.448803009095384,Neutral
LallingtonMcWords,0.362681843700413,Neutral
fyfy18,0.3907713895574953,Neutral
NosFeratu_Heliophob,0.40616770426668847,Neutral
simonun,0.6416100524029185,Neutral
d_nijmegen,0.561085767445751,Neutral
antipositron,0.49270844189379565,Neutral
SPhillips79,0.413707371309452,Neutral
Svenr87,0.709152437075042,Neutral
reddituser257,0.4755094879768243,Neutral
abu_antar,0.5202965066437171,Neutral
Andrew_Culture,0.11399431494151,Anti
lorraineisshocbythis,0.429579909340865,Neutral
_ragerino_,0.4899459352873203,Neutral
khalast_6669,0.5612808784944029,Neutral
midnightez,0.29477294461280074,Neutral
grizzythekid,0.6363246496326255,Neutral
thetruearsonist,0.42497217856558916,Neutral
BipedalDigitgrade,0.202173071296964,Anti
voodoo_monday,0.4189602378842062,Neutral
Pyrotron2016,0.5345980327152317,Neutral
MaLiN2223,0.130768999373392,Anti
gateway37,0.370833794482072,Neutral
droidorat,0.4119853922071247,Neutral
BiG_People_org,0.2152344608119042,Anti
Pickle-boy0997,0.387465768017008,Neutral
gimbleRed,0.4425578637646691,Neutral
ForzaFernando14,0.5,Neutral
hashcookie586,0.6120797286967249,Neutral
dumb_fuck_,0.39216440329783453,Neutral
Cratig,0.46893512873297455,Neutral
y_i_k_e_r_s,0.542067403282181,Neutral
smashdash28,0.344102142770859,Neutral
dtwoo,0.3514260535411219,Neutral
xajx,0.5987065416753946,Neutral
Russedge,0.496305065600043,Neutral
sigazcars,0.15461905345727534,Anti
mumubird,0.018326139666778,Anti
Yoursaname,0.3432600333060212,Neutral
sammonkantaja,0.917882286074379,Pro
SerDavos789,0.37853326307158,Neutral
YorkshireRiffRaff,0.558804966889515,Neutral
odd_remarks,0.29733585679748914,Neutral
yvmp6,0.763674765722324,Pro
redditoruser988998,0.457547943195853,Neutral
cldpip,0.37372853957946717,Neutral
empirical2,0.5538807348266487,Neutral
Ambiverthero,0.45818303458134846,Neutral
Twitstein,0.639331661594519,Neutral
blah_face64496,0.8000532707021998,Pro
hippihippo,0.5211838644544314,Neutral
rogerwilcoesq,0.5484112054874049,Neutral
Imapirateboy,0.0562528184173512,Anti
LlcoolRoy90,0.43926663153579,Neutral
Janedoe4242,0.37994557865667583,Neutral
BreddaCroaky,0.5344961278211916,Neutral
isthisacheeseshop,0.362988353187491,Neutral
smorga,0.5673875300629,Neutral
realitysosubtle,0.49669202910245197,Neutral
zuffler,0.3642644501756724,Neutral
BSOD_is_life,0.45345288960091457,Neutral
ReginaldJohnston,0.48260396005684364,Neutral
lupo25,0.25510736654362764,Neutral
Yeldo15,0.6174200534899092,Neutral
Love-actuary,0.236599794698229,Anti
loveandpride,0.4651987342432206,Neutral
Ostinato66,0.46988767330234676,Neutral
expanding_waistline,0.47498436696207424,Neutral
BuckNZahn,0.32649830699608623,Neutral
orchideen321,0.184025294754887,Anti
GladMacaroon,0.486178279184748,Neutral
ceart_ag_na_vegans,0.4676954951313993,Neutral
JapneetSingh,0.345384475387947,Neutral
Edocin,0.5621387906024672,Neutral
antifatwa,0.42709869411136,Neutral
DJPalpz,0.352668635405725,Neutral
litzelius,0.5554416247823206,Neutral
Residentevil93666,0.711536078391195,Neutral
cowtippa2345,0.5,Neutral
wayruner,0.4767603216135696,Neutral
johnsnowsmum,0.245904395493392,Anti
paolar0id,0.529893995894469,Neutral
KidBuak,0.5116575395863531,Neutral
SlidesSlowlySideways,0.4236609054101838,Neutral
what_bear_is_best,0.749611536390067,Neutral
KillAllRemoaners,0.381922191272966,Neutral
calvhobbes,0.49707840345568366,Neutral
astronautilu,0.4514870729146632,Neutral
mordeng,0.39635614076384046,Neutral
10greenbottlesetc,0.4805722696518832,Neutral
SgtRL-3,0.32646217455649307,Neutral
Firecrackerkitten,0.574832619754787,Neutral
-DankNStein-,0.37853326307158,Neutral
antiantimatter,0.4131974995006888,Neutral
ShOtErSaN,0.914341365025227,Pro
pirate3278,0.45612945115836595,Neutral
MarthaGevaux,0.199407583741878,Anti
SolarisYob,0.5669949642683254,Neutral
Frostiielf,0.455096215097907,Neutral
NewGirl124,0.30158456401676,Neutral
greedysausage,0.260874672434823,Neutral
darkmaster_12,0.5985594366771021,Neutral
PosciskBoga2018,0.665845502006925,Neutral
SerLaron,0.608551048235449,Neutral
Head-Radio,0.3169064537995,Neutral
Gongshu,0.39459572206451593,Neutral
pauklzorz,0.4971566410082674,Neutral
mackbloed,0.812930909661753,Pro
buddabudbud,0.13450617982293758,Anti
merelymyself,0.470266969593329,Neutral
rmovny_schnr98,0.397392956507633,Neutral
Superman2413,0.28650511979776,Neutral
PushingTheRope,0.4590885201002089,Neutral
DonatusGrammaticus,0.2987411108552065,Neutral
TheROxley,0.961094247211299,Pro
uepaaa,0.331318037069484,Neutral
supermad1337,0.570178162410011,Neutral
TerrenceJean,0.636363711243547,Neutral
sam-austria-maxis,0.49753682410774136,Neutral
The_92nd,0.5565746599105555,Neutral
AliExpressSon,0.3831582064303895,Neutral
ajvwin,0.6481863137674913,Neutral
GreatBigTiger,0.564615671702199,Neutral
nicholassaunders1997,0.689280751287567,Neutral
niranam,0.5116856010401801,Neutral
Opperdoopers,0.159560991128691,Anti
RobLea,0.0818438598176841,Anti
godoflogic,0.6140640580012829,Neutral
noottt,0.49901031676154534,Neutral
sgianiotis,0.5,Neutral
jozuhito,0.5467385069225388,Neutral
Donaaatas,0.5095016934418958,Neutral
lchanthony,0.673972535106769,Neutral
Ubervlast90,0.467516967595619,Neutral
Ulijin,0.44030512522969556,Neutral
kunlun,0.126011991228662,Anti
tsuzuku_ryudo,0.560793717991163,Neutral
Blooker20,0.49294731136077796,Neutral
aristotle2600,0.1859657184179675,Anti
HugoSimpson92,0.4589640081755229,Neutral
cricketers,0.165824231152981,Anti
Beardie-Boi-420,0.7205611453500778,Neutral
1224gold,0.715310162579265,Neutral
pringledude-123,0.21845234941237,Anti
Bigm72793,0.381161651282225,Neutral
industrywired,0.470538656150158,Neutral
Mahtan83,0.453839247766932,Neutral
handcraftline,0.0581675388230552,Anti
ShortChimp68327,0.4090256289025128,Neutral
sunnyhundal,0.194810805977436,Anti
mici012,0.39920287562138457,Neutral
CovertLawyer,0.330279829097519,Neutral
David_NyMa,0.783107784378243,Pro
Jrob10897,0.6099937911671762,Neutral
spicy_juicy,0.596297599838423,Neutral
TheChosenOne118,0.533469140204664,Neutral
Stannis_B,0.1666290467416053,Anti
Cr7Ronaldo007,0.0578987721178717,Anti
AnitaBourdain,0.5423112137140734,Neutral
gabrielbennett7,0.4537788555101091,Neutral
barkley87,0.5345873036645996,Neutral
AppleWhisperer18,0.128257442488843,Anti
iamdroppy,0.44714352481158054,Neutral
Especially8989,0.5284137576942607,Neutral
bobsdylan,0.6930921296580331,Neutral
blu-milk,0.501055427233925,Neutral
thornyrosedd,2.35101171051338e-13,Anti
kangarufus,0.5412128943099076,Neutral
roythealien,0.5072059429807011,Neutral
RuthGledhill,0.266248415555177,Neutral
RogueByPoorChoices,0.5902806051283648,Neutral
Cleric_Sunlight,0.4054136932185413,Neutral
RodgarThundershoe,0.487116210316744,Neutral
praptolium,0.641447938814717,Neutral
Reginald002,0.40869413184021214,Neutral
fearbedragons,0.37737480145101854,Neutral
sighsighsigh7,0.816019513998709,Pro
walkerscolourfilm,0.724813845530112,Neutral
SavemefromBrexit2,0.378934040099597,Neutral
datesyrup,0.230614367865735,Anti
Amokzaaier,0.5224546983346715,Neutral
hadesasan,0.49387463251777725,Neutral
mookie_monsterrr,0.3528210463406255,Neutral
cameraop24,0.182656218095004,Anti
phil27_hk,0.22545921116356657,Anti
pmyij,0.42737801636132444,Neutral
Krasnij,0.5064400758969533,Neutral
lia233,0.534260794402618,Neutral
Doorntill,0.587662448683099,Neutral
goddamn_sploicer,0.4059297973741994,Neutral
sophs-tit,0.5009798815352676,Neutral
UncoordinatedTau,0.5652111377269968,Neutral
PrebenBlisvom,0.44537653531016597,Neutral
User843548,0.5925523444500567,Neutral
bluurgg,0.283967873398822,Neutral
nellyb78,0.3420965666826632,Neutral
Terry_Francis,0.3762665608935595,Neutral
Morphos1759,0.44315484561791,Neutral
Rhodoferax,0.393291759486434,Neutral
plasticaxe,0.108311447972282,Anti
MindTheGaffe,0.41482148530338325,Neutral
Cybertsotsi,0.186472748168405,Anti
manoprop,0.203771604851267,Anti
fatcnt0,0.611711039716233,Neutral
majabaja19,0.49257464879723023,Neutral
kiew_18,0.601978591579721,Neutral
rebelprincessuk,0.28846946576954724,Neutral
BradEarth,0.329507164746581,Neutral
Prinzmegaherz,0.4744536595636671,Neutral
MarcoElsy,0.61307156487199,Neutral
ChristopherWhiteRDT,0.397031180707595,Neutral
Latest_World_News,0.149350885477499,Anti
littlepixeluwu,0.31881076166887,Neutral
foxtosser,0.4252306812626485,Neutral
Ballistic_Bill,0.8761394691705647,Pro
Crowd_Crusader,0.474022531814073,Neutral
dolphin_vape_race,0.388717123941863,Neutral
really_dunno,0.7632519474529458,Pro
Penghis-Kahn,0.33027659387067754,Neutral
DarkBryant,0.0035909059805752,Anti
ancpru,0.3941052936383268,Neutral
Azgaard,0.80928666294612,Pro
chkVictoria,0.2632924085231561,Neutral
AtlanticDestruction,0.7062566810266909,Neutral
legends-ht,0.299360725382575,Neutral
Jak_Ford,0.7220618540710316,Neutral
FreeSpeechFord,0.5987852975334171,Neutral
gwodus,0.6606886821010081,Neutral
BravePhoenix562,0.533124782755359,Neutral
stoptheplanet11,0.355250053172143,Neutral
Tudsamfa,0.19030229028389356,Anti
vladimir_Pooontang,0.5771727005166503,Neutral
w_o_o_d_y_,0.634840526073237,Neutral
OliverW4,0.0242376133036931,Anti
Milfzilla,0.3962301815420509,Neutral
RowanBD,0.7369090673508409,Neutral
SageMushroom,0.610494517462435,Neutral
newgeekorder,0.459229754343923,Neutral
DrChed4r,0.0741534000221903,Anti
andy_brixton,0.5057742367257981,Neutral
alexfranklin365,0.04439463188510755,Anti
bkalle,0.43177450153239605,Neutral
Fitton,0.21785064357228,Anti
liehon,0.47272481995073085,Neutral
harri_roberts,0.573024056273976,Neutral
zyeus-guy,0.5173705153742769,Neutral
sergio7z,0.463696872381145,Neutral
aandrew68,0.5440984125312,Neutral
ThatBeTheVerse,0.5437366878217473,Neutral
frankly_nick,0.5,Neutral
sccmnooob,0.47776999949671906,Neutral
ngroce841,0.431077821043058,Neutral
Placid_Observer,0.514768852796222,Neutral
technical-petzl,0.30810495147908196,Neutral
dingdingbloop,0.5973081976327288,Neutral
cosmic68,0.43860214897047484,Neutral
Okput8,0.4684377547158919,Neutral
Pakislav,0.7298280514809976,Neutral
falcon601,0.0569406635550215,Anti
kill-dog,0.5779853620604326,Neutral
FierceCrescent,0.3355158838792289,Neutral
raff009,0.2715422593083877,Neutral
RationMyRum,0.4832404121867695,Neutral
SezFrancis1,0.206168295193643,Anti
drproc90,0.0395992908886562,Anti
leo-nidas18,0.5243367048477185,Neutral
S1ckJim,0.989579000023249,Pro
ItsCoooolToBeKind,0.451941223139422,Neutral
EggInPain,0.3846607625004617,Neutral
TieDyeShyGuy,0.49123609655014955,Neutral
tremorpheus,0.393479370042545,Neutral
jloll1,0.47643512337276406,Neutral
esjaycee,0.422294598622649,Neutral
DoomGuy66693,0.711399154906802,Neutral
DotKomma,0.4083765911121999,Neutral
NorrisOBE,0.493145224619086,Neutral
All-Mountain-Rider,0.324550404522542,Neutral
qpzm7678,0.6549847728383213,Neutral
AlwaysCertain,0.3541660406865037,Neutral
drakioned,0.0707746383127125,Anti
Happy_Pizza_,0.38898833648942904,Neutral
mannowarb,0.4225206847116411,Neutral
floorspeed,0.357069324389069,Neutral
forkliftface,0.435416142473933,Neutral
Wingo5315,0.5014731413256759,Neutral
moom,0.453015147135005,Neutral
steviedeaks1,0.116527748088478,Anti
Vargurr,0.5290661602222865,Neutral
DigitalMillennial,0.2760859339255973,Neutral
keepthepace,0.4451842058239519,Neutral
Budget_Tap,0.5074790880469995,Neutral
darthaugustus,0.4861090809275314,Neutral
mpdenny1984,0.7801290320011774,Pro
QazCetelic,0.2619713545596055,Neutral
historytoby,0.445860191868503,Neutral
Sir_Marchbank,0.5326497708449199,Neutral
MoreLimesLessScurvy,0.48057453981275494,Neutral
peternile,0.460238403441051,Neutral
Oh--possum,0.4125010001544745,Neutral
Rickster242,0.541585754042779,Neutral
NeuroticKnight,0.4809366456249245,Neutral
Andrew_Cryin,0.6744493455283165,Neutral
AnnaComstock1,0.7258628587942665,Neutral
UnlikelyAstronomer,0.316270747882429,Neutral
lobas,0.428779279428657,Neutral
textposts_only,0.6070918800695327,Neutral
Mummitrolden,0.746412974278566,Neutral
ostyslavska0777,0.40756344781359233,Neutral
Kembell,0.430872922919731,Neutral
markANTHONYgb,0.550782368533374,Neutral
StonedZombieUK,0.3209742872343603,Neutral
Gorzke,0.211267551872618,Anti
U_LWIAY_U_LOSE,0.5683577734152666,Neutral
_LizardMan_,0.8487918928829394,Pro
screenprinteddeath,0.651999516543049,Neutral
iloomynazi,0.3789342767947524,Neutral
Benjimon__D,0.43622153617354154,Neutral
yyyounggg,0.492147125070824,Neutral
tcptomato,0.5552859483891368,Neutral
uktraveller18,0.566217498055716,Neutral
Far414,0.47460981071599284,Neutral
EatingMyInsides,0.496910097877811,Neutral
fixed1t,0.314058882935051,Neutral
rohitgupta010,0.333562589523714,Neutral
Johnwil451,0.2590714003665925,Neutral
archieaustin14,0.47889938158167916,Neutral
dotahalpthorpes,0.5427957746528911,Neutral
Gerard54321,0.4200480633131845,Neutral
Germi75,0.5121121738319603,Neutral
SamGewissies,0.471317729892494,Neutral
TheMoneyRoller,0.524435823960201,Neutral
jspinelle_psu,0.0602422288672102,Anti
RichTea88,0.5111109279338295,Neutral
thumbelina862,0.22689232550896898,Anti
collinsN,0.377402202675268,Neutral
TwoGapper,0.76584758066685,Pro
DerEwige,0.5607739964272964,Neutral
ctoldnes,0.11002439337374569,Anti
blaas_4_life,0.705209346247277,Neutral
mrsdennistein,0.529920020034238,Neutral
brexitnews,0.211496051730506,Anti
beegeezus,0.156573987567483,Anti
althalusian,0.509905950092727,Neutral
ThucydidesOfAthens,0.6001848146335296,Neutral
iwishiwasamoose,0.5827115659270247,Neutral
FornicadorImplacavel,0.512124439908723,Neutral
nomadicj81,0.507217383574094,Neutral
d1ngw4ll,0.550400407357837,Neutral
trix2705,0.527961510531829,Neutral
Kaiserlongbone,0.5895662043184411,Neutral
faktory244,0.542852062318466,Neutral
DrNickW,0.222359558875441,Anti
andylamb2018,0.5765662603415325,Neutral
22CoPilots,0.503842036464353,Neutral
HAL1001k,0.32809797568535765,Neutral
rezz1198,0.430817475820312,Neutral
seximaster,0.369317588815527,Neutral
tomto35,0.110901471753583,Anti
ProjectMud,0.2832649560982991,Neutral
Real_FarmYard_Gaming,0.719845849880557,Neutral
MrSam911,0.529771624031522,Neutral
ghzk,0.5744642271538041,Neutral
cincuentaanos,0.4476035803270701,Neutral
atlantaresident,0.9261534597104051,Pro
niles_f1,0.102751240186243,Anti
analogHedgeHog,0.5429084494568047,Neutral
Viva-Hashtag,0.55057465602459,Neutral
dataisok,0.594056895987709,Neutral
darrendelaney,0.419958008908471,Neutral
ashboio,0.580364729704125,Neutral
Eternal_Redshift,0.206325812774081,Anti
AcceptableCream,0.5040585470017441,Neutral
ThePoarter,0.173916467395611,Anti
scottaq-83,0.6063910335152258,Neutral
SheWhoLaffs,0.5057309505282426,Neutral
schmerzapfel,0.4250077816910567,Neutral
sneglsuper,2.55472514186676e-07,Anti
Leiservampir,0.5640435552107904,Neutral
AxhrafYT,0.591828096030584,Neutral
dzgvn,0.4951841276888465,Neutral
nkid131,0.506363623946398,Neutral
kenblaue,0.193827654629249,Anti
splinteredSky,0.503315978341299,Neutral
TheFuckingSupreme,0.568799783300274,Neutral
Smidday90,0.451071953888786,Neutral
welliamwallace,0.33763715739167405,Neutral
radome9,0.3940236820205107,Neutral
jameseeb0i,0.483169620606415,Neutral
ShieldsRe,0.274200627693549,Neutral
Irish_Interests,0.5568200158501913,Neutral
K1778,0.558305558440559,Neutral
sgtcarrick,0.224299297210265,Anti
aefawfwa,0.5421870408425359,Neutral
GeoffB94,0.579083672304735,Neutral
EuphoricAbigail,0.501509001484003,Neutral
tacotruck7,0.32440456255418365,Neutral
storyofedd,0.3929120299316085,Neutral
Shollyer,0.5309296277999669,Neutral
gronlund,0.5399661258175252,Neutral
coopy1000,0.5094726387989953,Neutral
frozen-dessert,0.47434046860475626,Neutral
LMCGraff,0.48673934852058154,Neutral
Uk_Negotiations,0.81744675934061,Pro
Coinbelievable,0.9084396984615486,Pro
Sampa4,0.4899812966259235,Neutral
luckisking,0.39185431998789966,Neutral
whiskeyandbear,0.575963643076395,Neutral
Sysiphus00,0.47744607553487733,Neutral
ellicen,0.4093050292764105,Neutral
goudaxiang,0.544894288932143,Neutral
#NAME?,0.4340709494180909,Neutral
cybot2001,0.5371877152907985,Neutral
That_Other_One_Guy,0.43873059065160447,Neutral
Aaron6567,0.5425883206314999,Neutral
dunmif_sys,0.32801041755735183,Neutral
terribleliarsnevrwin,0.148721195098729,Anti
water193,0.13964137915830188,Anti
RockStickXanax,0.60293194354413,Neutral
gasolineprice,0.405970457560179,Neutral
Jaeger__85,0.5405354834207213,Neutral
honeybadgerfh,0.404430266746445,Neutral
Darkoveran,0.5905214970308428,Neutral
BlueMonday700,0.5156630691280466,Neutral
bananaphophesy,0.14017433366896087,Anti
NobodyOfNaught,0.630601729403659,Neutral
deadarmy1986,0.447691115424794,Neutral
TedCrunch,0.647129328398668,Neutral
VarilRau,0.7081706290820903,Neutral
youngcharlatan,0.37853326307158,Neutral
Urabutbl,0.999990846269177,Pro
Hawk1141,0.6957601248297253,Neutral
tittoassini,0.489809591286388,Neutral
paratoxica,0.3872025044951927,Neutral
HavestR,0.36869784544359285,Neutral
sprocket314,0.42542177205321324,Neutral
Astruix,0.370430761533187,Neutral
petazetas7,0.321414308743896,Neutral
Grizzly-Bear-89,0.174087980449159,Anti
FitBit123,0.6131029431792414,Neutral
arcticwolffox,0.48305335883962053,Neutral
thirdratecad,0.29571032799032976,Neutral
tightfade,0.4666004869298844,Neutral
ceproastaimata,0.6721614892463599,Neutral
YoungLaxative,0.37853326307158,Neutral
most_wanted_guy,0.47468340503485834,Neutral
keanwood,0.4652242044266788,Neutral
splinkio,0.753539480962327,Pro
TheWouldBeMerchant,0.522912634185182,Neutral
awitue,0.6940559536418656,Neutral
MrSquav,0.37853326307158,Neutral
useless_sselesu,0.66501693086781,Neutral
uwumaru,0.524066053710078,Neutral
Pneumaville,0.656029429966119,Neutral
MrNyet,0.784744169683194,Pro
CrankyBear,0.42589151736597053,Neutral
jedijps,0.606466630199838,Neutral
matthewanndersson,0.46167725902212936,Neutral
Guzle84,0.322549553038239,Neutral
FSI1317,0.7960525580238667,Pro
MrXian,0.5706662027318418,Neutral
Wavymiik,0.39429888298103044,Neutral
Chaseung,0.3427542513691175,Neutral
gandagandaganda,0.442861583417042,Neutral
reddit_666,0.5610155146323248,Neutral
BanzaiTree,0.248734665011668,Anti
GustoHeat,0.28710049665660947,Neutral
bobbacon985,0.41188304896479,Neutral
AutyNotNaughty,0.6735462041491714,Neutral
goshi0,0.5445775463665247,Neutral
xiited,0.5587491962802125,Neutral
stitch1294,0.258244184117252,Neutral
kivumbig,0.758200958081401,Pro
maqish,0.6462819217898943,Neutral
Zeenomaker,0.183489261752013,Anti
_XeduR,0.24052085171314752,Anti
teri_seika,0.8630303492926653,Pro
jakethepeg111,0.4711086882131794,Neutral
IamCaseSensitive,0.18565586590945615,Anti
Ehawk2014,0.365032396115219,Neutral
Fisher212121,6.87066524290037e-05,Anti
tracyislander,0.416004853527179,Neutral
gup_wit,0.752161028635198,Pro
coughycoffee,0.547189701894519,Neutral
mentalimaginationdre,0.711217619209069,Neutral
Dem0nC1eaner,0.648304623416621,Neutral
Conrayde69,0.241617196769561,Anti
paulyeates,0.28765369237111277,Neutral
thefirststoryteller,0.3557667800311911,Neutral
BobTheBoozer,0.409073126992789,Neutral
GotLost,0.2784540887398205,Neutral
pradeepkanchan,0.49686449892885154,Neutral
Polbag,0.5667762121067884,Neutral
yacoob,0.4279879012930307,Neutral
John_Thursday,0.5,Neutral
Darkstar1988,0.562272555689846,Neutral
Whitecoffee1,0.4169031000700916,Neutral
darknight447,0.368764422417082,Neutral
keirplaice,0.805224277232912,Pro
omopomogomomogopomo,0.138073489885757,Anti
Labov,0.5447240986223508,Neutral
ProjectVRD,0.5579691974193028,Neutral
ExploreEdinburgh,0.43610339875170384,Neutral
wamake2019,0.393679417644204,Neutral
BoralinIcehammer,0.3433336990713523,Neutral
-i3arty-,0.0265891812352979,Anti
GideonRav,0.4211592931310197,Neutral
osam2001,0.262834011044799,Neutral
jdehjdeh,0.3703442326365444,Neutral
ettlesthegreat,0.398423294538925,Neutral
Maceve,0.579382286417545,Neutral
TheMartianDetective,0.6472485473852218,Neutral
mr_kusakabe,0.332678489705135,Neutral
MarkAALERa,0.5350961302540655,Neutral
Harry_Mooo,0.6402228452140563,Neutral
Carolus94,0.2564211922983513,Neutral
ctoau1,0.6544419236612035,Neutral
LuciusOctaviuss,0.84664863667256,Pro
AlxMcLiam,0.0599567445705824,Anti
mckhrt,0.538857246721925,Neutral
Deafcon2018,0.6476979395371819,Neutral
Hungarianhotdog,0.345572573852339,Neutral
realdabba,0.270602722273779,Neutral
Raisingaquestion,0.7471354894740609,Neutral
Swiths,0.537672291828978,Neutral
antonym1988,0.6565185452578625,Neutral
reckoner1_1,0.3392016473742134,Neutral
YouWouldntStealABaby,0.723070428193434,Neutral
someonefar24,0.5312491394849234,Neutral
Up_the_Down_Steroid,0.470968783819713,Neutral
GreyFox474,0.5707744937542016,Neutral
HaveSomeStamina,0.569741692239421,Neutral
stonedwander303,0.52086136483542,Neutral
wearestardust95,0.5414793445787677,Neutral
Simon_Drake,0.4712857651347718,Neutral
Tudfbarley,0.3710981557143975,Neutral
kanzenryu,0.6292077311131254,Neutral
Tynepod,0.5204181097677429,Neutral
QueenFreek,0.5708306426965738,Neutral
scubalorne,0.6229664146960535,Neutral
Aarondobson1,0.5708354536946285,Neutral
Lignojmik,0.431345114353518,Neutral
userunknowne,0.4630281818122637,Neutral
p0tatochip,0.5201816681499738,Neutral
richuncleskeleton666,0.7604462116651941,Pro
Veenty,0.48000299720867,Neutral
jimbotwhite,0.336079308430764,Neutral
shredderroland,0.5050013230692499,Neutral
CryptoHodler888,0.745303265333518,Neutral
XAznBeastX,0.20990547688489047,Anti
Naumacia,0.155411929247258,Anti
Pete47,0.5112648358126123,Neutral
changleosingha,0.440335583241351,Neutral
ralphcochrane,0.141749113781628,Anti
spampam90,0.702846606026717,Neutral
connorgabriel75,0.1246564300294019,Anti
sneezyartichoke,0.4126413763565298,Neutral
chrilo001,0.5059876765773339,Neutral
Kayla9393,0.680510896976241,Neutral
Jimbrodemo,0.532917381236618,Neutral
Bahamutalee,0.0138946417733304,Anti
cdrewing,0.5467241572680674,Neutral
yelaw96,0.38721474190642124,Neutral
Journey2theWest,0.29948111250906184,Neutral
Pal2x,0.562879754699294,Neutral
Carlyphleb,0.5401592133334592,Neutral
Giannnnyyyyy,0.0030028242898859,Anti
WelcometoSpaceRage,0.44045811165121,Neutral
atacama59,0.48554838618046936,Neutral
Irish-Guy1,0.0641786503660766,Anti
sylvanscarface,0.5735584193535712,Neutral
creepyclowns,0.433999509367297,Neutral
rightsinfo,0.231888251843148,Anti
adrianhrjunior,0.294094224707873,Neutral
thememealchemist421,0.547078731718769,Neutral
errge,0.4814445618469131,Neutral
justaprettyturtle,0.4722001560865808,Neutral
Jtw0812,0.985282984849281,Pro
RainbowRound,0.5155689883043345,Neutral
krupisa,0.555698622859767,Neutral
GrandeBlu,0.4461776571039493,Neutral
fletch743,0.541951088866047,Neutral
robdub1,0.47336340770305596,Neutral
LidoPlage,0.5067830764616884,Neutral
andy_hindle,0.5254936317791449,Neutral
harsh2k5,0.461863306125031,Neutral
highonred,0.504171560070433,Neutral
qwertyson96,0.5467799889066021,Neutral
LegoMovieScenes,0.159294248443303,Anti
dennis7991,0.340297375582412,Neutral
Zombie_Hands,0.46799817787619263,Neutral
nicosemp,0.402518435776637,Neutral
Word-News-Monitor,0.14972173745214062,Anti
thebritwriter,0.0280891001992966,Anti
TooMarmite,0.47431242438776755,Neutral
helledi,0.135754308742922,Anti
BigWillyWizard,0.462728849711977,Neutral
Im_Not_Greg_,0.709359169698924,Neutral
Naife-8,0.4023250900145716,Neutral
carracall,0.4592965195152476,Neutral
Awo0,0.5498134613243317,Neutral
HeadOfBengarl,0.136366042364669,Anti
Dezib,0.749629440631877,Neutral
theoneeyedpete,0.745219781616955,Neutral
becauseiliketoupvote,0.5571183720656921,Neutral
Kupacopa,0.328897366066905,Neutral
Willowcp,0.524555318200319,Neutral
lamborghini2408,0.5091346758513069,Neutral
ham_croquette,0.421415988744535,Neutral
Blesevin,0.6009618911724178,Neutral
DocktorBoombatic,0.548242591042851,Neutral
Jumpingmanjim,0.4130153785056676,Neutral
Cosmo-_-,0.569985228568504,Neutral
wealthsuccessful007,0.676514809066257,Neutral
Rannasha,0.44659705899963414,Neutral
ArtJourneyMan,0.490782056875672,Neutral
martinlewis96,0.462205305958431,Neutral
Selvester47,0.593797335559274,Neutral
showell_IBC,0.154418913420469,Anti
karanbhatt100,0.36562289720111785,Neutral
bulgrozzz,0.4250331938478325,Neutral
MrWiskis,0.35561894523083765,Neutral
gluckyungfella,0.497925342212469,Neutral
PazenLibertad,0.124603429999835,Anti
KrissKross6u,0.114351653396357,Anti
arushaBerlin,0.3961656688196474,Neutral
NeekoAYAYA,0.49294686744494176,Neutral
Mescaline_UK,0.525293248701323,Neutral
johndoe111112,0.0641985815165213,Anti
iPhoneShock,0.5324784113067712,Neutral
COMMMISSIONERGORDON,0.220711536104138,Anti
yurividal-br,0.5114900256161505,Neutral
ladyrohmon,0.667670888149027,Neutral
Kazing88,0.609396916393623,Neutral
Infektus,0.20780461819069768,Anti
mzol14,0.5593722106491005,Neutral
enricotuosto,0.242650979708795,Anti
NovaRom,0.28391346634203,Neutral
WinterOw11,0.804372989427822,Pro
RustledJimmy94,0.669745726406768,Neutral
fuckeditrightup,0.292160792389653,Neutral
cozzicon,0.713279281709816,Neutral
WaveyDL,0.545464280745983,Neutral
that-mark-guy,0.509202778562313,Neutral
BlipNews,0.282336004341865,Neutral
TheRoach,0.247007408430302,Anti
MyNameIsNotGeff,0.433427241807797,Neutral
prithiviramdu,0.469556759916175,Neutral
maximum_effort101,0.4875711704742017,Neutral
RoastKrill,0.49130443278375796,Neutral
Honigwesen,0.838545823184063,Pro
Sammodt,0.39380862001810657,Neutral
TarrifWho,0.370441378937134,Neutral
BlianEmo,0.425518943333371,Neutral
ellisellisrocks,0.5052372918160574,Neutral
jferrier25,0.6020217613873325,Neutral
liamsuperhigh,0.2754633220759085,Neutral
Infiltron,0.404868094410912,Neutral
MiG21down,0.801137461846522,Pro
FreedomFord,0.6412993189647865,Neutral
dasbene,0.37853326307158,Neutral
EnergeticRedditer,0.789421894531308,Pro
dmingod666,0.5031944173109749,Neutral
georgeRgr,0.314894802108136,Neutral
reddit_charlie,0.477287316179204,Neutral
Corrsarz,0.5255421125799526,Neutral
OrneryView,0.542637137986557,Neutral
blakey094,0.5073018151865479,Neutral
jshepherd415,0.799343711629992,Pro
thefirstdetective,0.48905507838026535,Neutral
vitalconsular,0.158681357756676,Anti
paulmaunders,0.41386052788659455,Neutral
quelarion,0.22007795445765213,Anti
sparkvital51,0.335772847077652,Neutral
Norcan987,0.610395128982531,Neutral
1m00,0.168534488956114,Anti
JackGoldfinch,0.19466559928903965,Anti
UdanChhoo,0.672280591797999,Neutral
Redditcraftian,0.1706953505512255,Anti
abaggins,0.43324762459768784,Neutral
lflamarion,0.6033901917331851,Neutral
Cellbuy,0.370471675247718,Neutral
7elevenses,0.7098307686201045,Neutral
Chewii3,0.454706145396143,Neutral
Rickofrock,0.569182110074182,Neutral
smegabass,0.42388272827309104,Neutral
fat_lazy_mofo,0.359432332904183,Neutral
ranterskanter,0.430518270233755,Neutral
Korvrex,0.48611071038328135,Neutral
gmarkerbo,0.39510278299669077,Neutral
jimiffondu,0.467343847138046,Neutral
Cherish_Dipp,0.5850481992607289,Neutral
michalb8,0.12887404129640098,Anti
nova75,0.4411793726291187,Neutral
SebastianDoyle,0.3778482648402178,Neutral
badkarma12,0.0618150233732965,Anti
clarets98,0.5,Neutral
filets,0.5867703350544967,Neutral
purplevelvetish,0.0015148423223751,Anti
reyvax89,0.554624496520106,Neutral
2tired2care2day,0.3820814285586253,Neutral
helliouch,0.0003782291159891,Anti
Toonling,0.399245221657967,Neutral
lownzey93,0.43191778370543704,Neutral
ZenPad,0.51019458034381,Neutral
sigvase,0.28017424274234276,Neutral
doogstar13,0.389904244728604,Neutral
ChilledMato,0.666466144889779,Neutral
Jabes,0.4289313191807108,Neutral
MurrieCurrie,0.552720934675252,Neutral
robogeekoid,0.40464080059047103,Neutral
TJohns88,0.0907807549510288,Anti
sashabobby,0.437370336049748,Neutral
PringlesBurnMyMouth,0.41755717475858,Neutral
squiggyfm,0.528546254852775,Neutral
Heady1890,0.110036900037747,Anti
Kildafornia,0.0360319839888278,Anti
MGoeppl,0.2868434868969835,Neutral
CardinalCommunist,0.351730583128764,Neutral
TheMidnightMemer,0.6392472335375193,Neutral
NotTheConvict,0.654126858026979,Neutral
naeus_agricola,0.989052723655915,Pro
LionKovu,0.48006762403069003,Neutral
asaint86,0.5127634311763863,Neutral
loafers_glory,0.43819734158456297,Neutral
cjms85,0.624199960643982,Neutral
shinerboy23,0.196062433991907,Anti
MrBearSir,0.46136912462084245,Neutral
jcxmoomin,0.05838962118269777,Anti
kemigu,0.453658040710247,Neutral
SoulGlo76,0.685430318141157,Neutral
Herr_Golum,0.4169241242851855,Neutral
sarajw,0.31234517000399603,Neutral
ui_marksman,0.6337560539761193,Neutral
vanillacreamfrappe,0.0358524414653039,Anti
North_Tea,0.4603502745465083,Neutral
ptdcarroll8519,0.1143055882402195,Anti
robinhiggins3215,0.408081264373791,Neutral
cLuddy,0.42514880413493233,Neutral
Col_Telford,0.2670481265501768,Neutral
gCerbero,0.507584243430383,Neutral
Templar_Apparel,0.552571993077156,Neutral
MrRedditUser5000,0.48835442102398935,Neutral
pxlkaotx,0.5,Neutral
foxpoohurler,0.391827800187558,Neutral
Vertigo_uk123,0.623762713868692,Neutral
boganbogen,0.760865105095078,Pro
MarlonFord,0.45200998824857674,Neutral
volibeer,0.0484483348057639,Anti
pryoslice,0.1537412130675279,Anti
withoutmotive,0.392956237789834,Neutral
DoctorGilder,0.402826372143957,Neutral
dodonerd,0.348370154469393,Neutral
Arnistle,0.361880825773705,Neutral
driven2it,0.682259758838734,Neutral
OOMdomski,0.462205305958431,Neutral
Diimu,0.5142941290407741,Neutral
LordMogroth,0.664912489390142,Neutral
kalen1994,0.419110529088101,Neutral
sroweh,0.5058038101998964,Neutral
sadomaru,0.5326880230707027,Neutral
LeviathanPWN,0.677212895098049,Neutral
PraiseStalin,0.416006362774585,Neutral
eddyinblu,0.6362445909562988,Neutral
tomasz-w,0.0668545137967678,Anti
fucksinglemoms,0.328959645830201,Neutral
mcbain23,0.4031397703295143,Neutral
suur-siil,0.496824967548649,Neutral
KEFumpl,0.6478536919189992,Neutral
hugith,0.6297585515404952,Neutral
MedievilMusician,0.5861191036323273,Neutral
leonardozorzi,0.3382336754364,Neutral
Superbeastreality,0.628669291765784,Neutral
ShadsDR,0.3853103099671335,Neutral
Coraxxx,0.589969602305544,Neutral
Dutchmondo,0.4178126525811407,Neutral
EarthlyStranger,0.3023132344593205,Neutral
Agent_Smith101,0.4584710036707,Neutral
ewrdad,0.603718174277381,Neutral
nooriyamo,0.353195803654777,Neutral
sephipop,0.539544169005329,Neutral
PkmnTrnrJ,0.886834488672951,Pro
Criegan1979,0.4845495170549357,Neutral
piblhu,0.887439872188255,Pro
wbeats,0.8366829103260305,Pro
jumqqer,0.561317220871144,Neutral
RoseQ2k18,0.633045804099513,Neutral
westopher,0.4594302462563525,Neutral
ellepelle27,0.858139403799111,Pro
godito,0.649086679796339,Neutral
myspookytale,0.6167616588901107,Neutral
KingNerd64,0.68982816021003,Neutral
TriceratopsLincoln,0.347370636819771,Neutral
Mr_Defox,0.43911862450368544,Neutral
kulath123,0.3426913653742097,Neutral
DeferentGecko,0.2829175517264775,Neutral
calucifer,0.4385097756597539,Neutral
Garthark,0.7010568761432817,Neutral
Imthebus,0.44138382772230644,Neutral
benward98,0.378934040099597,Neutral
ImmoralChaffinch,0.5,Neutral
mcattini,0.763990152115205,Pro
Yachtbum,0.59426037381574,Neutral
Packatrix,0.0365013110336509,Anti
melousniper,0.525505343009392,Neutral
Cafuski,0.48076763904093067,Neutral
atticusthe2,0.35248763102293157,Neutral
OfficialMLK,0.889639851589098,Pro
allcityd,0.68059839526369,Neutral
BinaryCommiFemCunt,0.39704957194221,Neutral
AcerBurke,0.50011367721925,Neutral
wizardshiner,0.49893865809714855,Neutral
fliiddy,0.22377728836535996,Anti
Awesomsauce0,0.492402973081144,Neutral
PaulBrexit,0.47107217678174,Neutral
jadfromlebanon,0.676007330186659,Neutral
MatthewPageUK,0.5480171436748054,Neutral
OldManoftheNorth,0.5970006355435357,Neutral
CrocodylusNiloticus,0.5991368139479251,Neutral
Geevers,0.4513473474313897,Neutral
AsmodeanUnderscore,0.5978995784019626,Neutral
shalam1,0.8256233279873135,Pro
jlpsugus,0.507036988236225,Neutral
akathekam,0.7746096708526922,Pro
adi_mrok,0.51030866444907,Neutral
saqademus,0.6171523587726889,Neutral
Fuckitandfuckme,0.6500192940894626,Neutral
GlitchedGamer14,0.521356620693497,Neutral
OsmanSG,0.3921746012085043,Neutral
KaleidoscopeLotus,0.5651034035710327,Neutral
7,0.8647674504619852,Pro
need_caffeine,0.4115191001435041,Neutral
Specland,0.5644772758799258,Neutral
Vastaux,0.5348109604191399,Neutral
UnOpenedCan,0.8878563520069477,Pro
JohanStenfelt,0.386662817932806,Neutral
abobbyc,0.561576294730654,Neutral
Eco1892,0.483478541887276,Neutral
lordelph,0.45682585457505,Neutral
ArgentumAzure,0.46857746535751493,Neutral
quantumfux,0.4398025824701303,Neutral
dismantlemars,0.476214445728795,Neutral
sergeypetrovich,0.608490548425578,Neutral
adhisethi,0.6173327568169467,Neutral
LlamaCollective,0.4252053818951128,Neutral
behibaba,0.5970984002876409,Neutral
MrFilkor,0.218426246032904,Anti
SaneFive,0.229100329406773,Anti
21PS,0.473428157494592,Neutral
rafastickanoodles,0.612417624116824,Neutral
theantjackson,0.3092507621580165,Neutral
RxAmsterdam,0.6076849439481538,Neutral
okwu,0.256620314062125,Neutral
starsoftrack,0.47000286333249885,Neutral
alrightchest,0.335508055935763,Neutral
JFK1980,0.5176508742072582,Neutral
Boro2018,0.634669456981201,Neutral
Jeiia,0.685450540846772,Neutral
mynameissjjjejejfefj,0.384277286553891,Neutral
user4847378942,0.5146994945544506,Neutral
RandomStranger79,0.978245543692203,Pro
palmtree1000,0.538339432691002,Neutral
bpmy,0.663008797397788,Neutral
Over-Score,0.46362408167811325,Neutral
walrus04,0.2686643635907015,Neutral
cadelaide,0.903691596085492,Pro
framethefame,0.645323769073625,Neutral
Eggberti,0.44970016974869426,Neutral
iFlipRizla,0.5891087347046466,Neutral
ukmale49,0.412894209799587,Neutral
DRJ2311,0.0887552322051276,Anti
FUGNGNOT,0.4691053212014059,Neutral
Last_Dov4hkiin,0.311668100269293,Neutral
Creherald,0.293741149867159,Neutral
vincentoliver,0.0303218088451762,Anti
llamedos1977,0.591828096030584,Neutral
planethood4pluto,0.5596505271911603,Neutral
mr_machiavellian,0.6807076874881415,Neutral
bonerOn4thJuly,0.6146662343051424,Neutral
AugustusWiddendream,0.595096819259933,Neutral
RAXSx,0.58917946449737,Neutral
ClassicExit,0.4289491159950749,Neutral
StackoOTB,5.00382751502668e-05,Anti
lisnika,0.269118274172798,Neutral
chrltt14,0.191515831771197,Anti
mja22,0.09564327610160905,Anti
OssianGael,0.49151842184975303,Neutral
smit-man,0.6504948262482464,Neutral
chelsea9898,0.6487254088512926,Neutral
chezgarando,0.4693618370395,Neutral
BasicReader,0.171980043338048,Anti
migwellian,0.291961795225798,Neutral
ManofMorbihan,0.48737933812733447,Neutral
Angrynoodle25,0.5297183988293838,Neutral
neilloc,0.435836238660906,Neutral
KaloyanP,0.3108119247156801,Neutral
swimfellow,0.19793997784569645,Anti
jellybrick87,0.47197769919646215,Neutral
dannylenwinn,0.86148868411814,Pro
Propagation931,0.4825517507753995,Neutral
CheapAttention123,0.393143798406085,Neutral
teepacattack,0.529225725409228,Neutral
Vivinator,0.384974935296437,Neutral
Yetts3030,0.58588371229608,Neutral
zon03,0.2262715255157442,Anti
BenMcLean,0.7671001526967552,Pro
guccimanesosa123,0.6910335386138625,Neutral
OlleLemon,0.380213843270499,Neutral
heavenlydigestion,0.630915052655068,Neutral
SarahJrandomnumbers,0.5675779610507047,Neutral
SuggestedUsername3,0.40829433260657605,Neutral
marytrouble,0.3704491558073845,Neutral
PM_me_your_roleplay_,0.38870152512922257,Neutral
Skincaredog,0.5,Neutral
sammanc,0.568406219987182,Neutral
Innovateasolution,0.450782269094088,Neutral
Walshy71,0.4449221193942319,Neutral
homosapienfromterra,0.5075812883701221,Neutral
Bluedrago967,0.38595115148441267,Neutral
Wantoliveoilwiththat,0.4423911074673752,Neutral
stygger,0.44140958878280695,Neutral
aardvark888,0.455783898053802,Neutral
Azan_X,0.376011176928125,Neutral
Upthetempo011,0.4231170586387109,Neutral
Fahkinsupah,0.534203109993591,Neutral
CamZhu,0.402978233322184,Neutral
photographerey,0.188560984285264,Anti
BeefBagz,0.556865624283619,Neutral
Press_Start_Play,0.5399986365205427,Neutral
DigbreamerBrady,0.45815631356210923,Neutral
DM_FOR_FREE_CODES,0.195067042393821,Anti
StarMonkey26,0.5875772945928305,Neutral
Bibo193896423,0.6336044269804048,Neutral
schedulle-cate,0.506295337916073,Neutral
tonys3kur3,0.177859295583291,Anti
Mediumcomputer,0.353622791506857,Neutral
DeltaDan69,0.5067903696762195,Neutral
joshygill,0.622657210677144,Neutral
mister_squareyes,0.603998961856697,Neutral
Vitabis,0.2839203412334645,Neutral
Kruaal,0.45398556495645237,Neutral
something_social,0.255618265672069,Neutral
mobyplum,0.574928083529646,Neutral
Cloin1,0.5052400070717147,Neutral
TimeForTiffin,0.6633254424245968,Neutral
S0ylentK,0.49535801461819584,Neutral
BenVenn,0.1762561632814531,Anti
EffectiveEquivalent,0.3953938374421333,Neutral
Scouse420,0.448669926119223,Neutral
Kizilmaske,0.19178184517282418,Anti
Potential_Platypus,0.25217645468585,Neutral
noballmurali,0.592976587516614,Neutral
krncnr,0.351625267657716,Neutral
bogeyman4,0.5694008846423545,Neutral
robincb,0.5434723503569431,Neutral
finer_life,0.317041561527417,Neutral
wickerman93,0.490732721065096,Neutral
iateyourdoglol,0.438568718678067,Neutral
jcvargast,0.454083060431121,Neutral
thatSafariGuy,0.561228862402846,Neutral
AlarmedTone,0.121644815119398,Anti
PupRush,0.485121773690514,Neutral
grzzlybr,0.372523267377245,Neutral
grittygatorr,0.357505200742121,Neutral
toyg,0.473559087702866,Neutral
DanielOnFire101,0.37619698748734776,Neutral
IllumiNamiNate,0.45304223600931304,Neutral
cantonaseven,0.6070454949403892,Neutral
Hazhod,0.740234716451031,Neutral
control-alt-repeat,1.92277742998385e-06,Anti
ASuddenHeapofRandom,0.59174190539376,Neutral
tinker_tinks,0.632352694396352,Neutral
MRJKY,0.5089676556431432,Neutral
jrph05,0.591952641616558,Neutral
The-Nicky-Nev,0.6247566813787279,Neutral
joehamster99,0.501806409648452,Neutral
ULTRACHEESE-,0.33844660717836206,Neutral
cobcat,0.507346313686711,Neutral
dopplerdog,0.472913797136456,Neutral
anon702170,0.7655561849049283,Pro
Pure_Golden,0.49738768521406934,Neutral
TheL00ter,0.198386676349877,Anti
mynameis_neo,0.174067944688707,Anti
Nabugu,0.40620387140018144,Neutral
ThisIsMarklar,0.48375473163671234,Neutral
risky_halibut,0.5558207340634627,Neutral
ConnectedInnovation,0.964583320899315,Pro
jackd5,0.6862051239453321,Neutral
JKlanc,0.276159135656419,Neutral
antiniche,0.1729371449888832,Anti
Magikyann,0.606696173517107,Neutral
ConfusedRainbow,0.437355378229273,Neutral
sdavids6,0.49558951398283985,Neutral
hooruntheworld,0.39281777100669224,Neutral
CoolAfricanDude,0.4613523943552195,Neutral
AustinEE,0.1349715832799255,Anti
Siebolt,0.61682291085546,Neutral
kiyuri7,0.0655756406468623,Anti
Aricpokey,0.999862686642093,Pro
1tepa1,0.5080312543924672,Neutral
icatone,0.535232240652676,Neutral
strange_tangent,0.728056488593668,Neutral
titanucd,0.3935549881596202,Neutral
Homer00025,0.30246663113685296,Neutral
icantbearsed,0.7510828501887213,Pro
mk1971,0.49190539145553536,Neutral
elizabethsacha,0.194645382324193,Anti
momis45,0.5525343092420062,Neutral
papika003,0.18307691283977837,Anti
OutrageousOutcome,0.547538542714764,Neutral
goatofmischief,0.5206516197530762,Neutral
siriirl,0.365294039587458,Neutral
UTRML,0.488549387640319,Neutral
GrandVanilla,0.097439607273811,Anti
letsgetbreadlads,0.65770053212788,Neutral
srilankanbruh,0.362124690330391,Neutral
JustNicked,0.52133448950716,Neutral
Adambrooks017,0.44433909720983067,Neutral
Theo_Cult,0.48698797741801975,Neutral
4waystreet,0.371185255383282,Neutral
ThatDanPurdy,0.6521312715618914,Neutral
NotAWiseMan2,0.194637695833573,Anti
JohnyClash65,0.12857404803609046,Anti
readdit77,0.756774754345099,Pro
coolbiscuitLOL,0.5384828936147108,Neutral
vanderwhale,0.5,Neutral
MatthewJohnBrownEsq,0.0224962034847426,Anti
ruiamgoncalves,0.346585658642725,Neutral
edzomac,0.297652960508682,Neutral
Mastx,0.5,Neutral
corvidcourt,0.5551248341322608,Neutral
mojo1287,0.435091051401862,Neutral
Xeaven100,0.321525158756697,Neutral
Resplendent_InChrome,0.463615849422797,Neutral
Irish-Observer,0.726096708276669,Neutral
charlie--marshmallow,0.5,Neutral
Cotteneyejoe22,0.5916059912017452,Neutral
carmat71,0.4988296227290041,Neutral
SBWNik,0.5381605934396676,Neutral
Gizzagazza,0.5601076681264989,Neutral
gunna-f-u-up,0.323399193344849,Neutral
dippy900,0.380006325357543,Neutral
kattappanakaran,0.300792662464375,Neutral
firstprimemover,0.107407998082715,Anti
-420K,0.5803897236907358,Neutral
seraphim2703,0.053433707501896,Anti
iamfromatlanta,0.112999736068662,Anti
discoverysar,0.27176534410481856,Neutral
vondy88,0.135032487570595,Anti
MareTranquil,0.6094562408414652,Neutral
SynarXelote,0.5008942182912479,Neutral
KipperSkipperDipper,0.788096814794636,Pro
MrC99,0.5665199277880795,Neutral
Sir_Kirky,0.4056410431226469,Neutral
beckarecka,0.5772605293458987,Neutral
ViciousKiller102,0.39933368138695247,Neutral
ch8zza_p,0.504812648411743,Neutral
KTobi,0.479256416317893,Neutral
thrlucas114,0.315167287740795,Neutral
Dprglendinning,0.5038399381856405,Neutral
cuttyranking,0.6926929842135334,Neutral
martin_italia,0.16304026138045202,Anti
ChokingRhumba,0.540574533512856,Neutral
bipolarwonderlust,0.45204662987351557,Neutral
revutas,0.5352124950450841,Neutral
Rodion-Raskalnikov,0.584711420128576,Neutral
Sastien,0.0010163980466727,Anti
wexford-beef,0.6477188831146434,Neutral
the_01983,0.464348314896634,Neutral
Randal-Thor,0.578097382462706,Neutral
zThief,0.661002862557376,Neutral
kacholoo,0.4823426941794585,Neutral
RYANKGWGM,0.3971575190774064,Neutral
manywaystonomad,0.30859513020493806,Neutral
josvehv,0.417000386307834,Neutral
jaybo1988,0.49766008487400776,Neutral
cogitoe,0.3590012653412264,Neutral
RRJStudioo,0.174932506639012,Anti
mythosapiens,0.656427209823437,Neutral
Rizzokit,0.5879184243775565,Neutral
GlensGoo,0.491575548723144,Neutral
JERRY-MANDRING,0.517021793274255,Neutral
Nanojack,0.15515336382649453,Anti
JamesHumphreys93,0.598174660852373,Neutral
rabidstoat,0.4506731994328666,Neutral
brenski,0.4836415624903615,Neutral
CaioTorino,0.617446473911223,Neutral
leprocastrinator,0.9998193976871222,Pro
fredrokk,0.4799617594253395,Neutral
vikingtemplar,0.383234201045433,Neutral
Linolayer,0.321698809502885,Neutral
trupwl,0.5919449896225083,Neutral
qirafanos,0.556791538648054,Neutral
Madness1642,0.584038114355226,Neutral
Matt6453,0.47225580407751977,Neutral
richneptune,0.6450163700744992,Neutral
yebaryearbar,0.4733709829201605,Neutral
smokey3801,0.553705920195027,Neutral
TheHolyKey7,0.442734177181771,Neutral
h0lb0rn,0.270957312980093,Neutral
m0rd0ck,0.40403438148890003,Neutral
pchouinard187,0.5436079324597402,Neutral
PWRenboy,0.51788124871501,Neutral
gudkrish,0.5474561075485576,Neutral
Undaunted_Dante,0.467349541512108,Neutral
L0L303,0.6394884476224727,Neutral
BuddhaMC,0.3262476459661175,Neutral
SixG,0.8813534182085984,Pro
crazy-in-the-lemons,0.4568152527421203,Neutral
rishab8,0.769090971465328,Pro
homebluston,0.517081862470341,Neutral
SuckMyNose,0.421667368556712,Neutral
horrorhiker,0.43192784488068603,Neutral
ElderHerb,0.45880598786461896,Neutral
HoggletonPWildebeest,0.250206435898456,Neutral
pixiekinsfurs,0.48695771363108,Neutral
killswitch247,0.5287198432581897,Neutral
Baslifico,0.3871080286093894,Neutral
KoningAdzuki,0.509856665514986,Neutral
AbsoluteArchie,0.116239742594396,Anti
superduprcooper,0.494287057508937,Neutral
skyehammel,0.6614792534568403,Neutral
Floor9,0.255825776401703,Neutral
Jiper69,0.4175501728386848,Neutral
jsdrayne,0.4451839165264467,Neutral
johnnyrockard,0.47038822432546,Neutral
Arowx,0.35596213061467213,Neutral
planetdropout,0.547401686016058,Neutral
BitterProgress,0.5299849475867922,Neutral
pit01789,0.16892834221313,Anti
notauniqueusernom,0.5811985538221386,Neutral
Throwaway4Brexit,0.505948616426999,Neutral
Hoop618,0.162166120605559,Anti
eynol,0.3768024764405383,Neutral
PVRS_Productions,0.47676844035725324,Neutral
OCELOT525,0.672922452242211,Neutral
ricryd,0.637332852937522,Neutral
eventhorizon125,0.5923196240892793,Neutral
Dannytt777,0.5271677772802247,Neutral
enimeeze,0.5210724413541993,Neutral
rharman410,0.37853326307158,Neutral
ScafellPike,0.167318483328543,Anti
dooptheloop,0.47623250871974654,Neutral
Corkrebel1,0.390870586442898,Neutral
SmArburgeddon,0.6370840024931113,Neutral
warp4ever,0.616595749178557,Neutral
redeyedcyclist,0.564432701637127,Neutral
FastJames01,0.675344065581429,Neutral
Embaucador,0.30750440534105,Neutral
aka_liam,0.1564313951901721,Anti
Redditidderess,0.565557468878001,Neutral
GbGb456,0.40440713133577083,Neutral
bevel,0.294960418032022,Neutral
MikeShaughnessy,0.316487764553527,Neutral
GoodNameInnit,0.510675057770758,Neutral
bordin89,0.334523011952722,Neutral
Kingteranas,0.12967582733375455,Anti
Markwhite01,0.536044278519963,Neutral
Losawe,0.3734569286256382,Neutral
franzzilla,0.773795655063677,Pro
dhsiam,0.0029832064812375,Anti
dubonautik,0.571981395541676,Neutral
upcyclingtrash,0.481289288422753,Neutral
n0t_your_username,0.29525147650781186,Neutral
muczachan,0.524940288333149,Neutral
penguinopusredux,0.4926157790714094,Neutral
thyexorcist,0.292592101025959,Neutral
dynamiccarrots,0.433428620290939,Neutral
jaqenhghar2000,0.642440743219971,Neutral
scudobuio,0.30179050811683666,Neutral
JLD201,0.37853326307158,Neutral
8050221,0.4338885631229395,Neutral
MJF_forever,0.462534454157103,Neutral
kitkid,0.4278263478204265,Neutral
SuperEpicD,0.634209545552292,Neutral
Political_Lame_Swipe,0.3862284328448082,Neutral
BetaKeyTakeaway,0.3936873951445965,Neutral
ErenYagami,0.676954317583388,Neutral
10001010000,0.5832762921050348,Neutral
VCABCVC,0.275713070384906,Neutral
Rarevectna,0.592357960094245,Neutral
Confungled,0.731619503411409,Neutral
maryshelah,0.428980359852013,Neutral
p1066,0.743571722289946,Neutral
Ozdoba,0.5538753258519716,Neutral
AaronHeaton2603,0.517629376081461,Neutral
mcfirepantskol,0.443027634467531,Neutral
let_me_rol,0.6004473247282286,Neutral
DanielColchete,0.286678599015657,Neutral
H0T50UP,0.516209401524424,Neutral
Maradona-1990,0.5723555838136595,Neutral
The_HairyFairy,0.255220641067387,Neutral
sarahaguiarr,0.58059778481892,Neutral
cougarsommelier,0.475709219503907,Neutral
charkilo,0.6099283457209732,Neutral
Meyymes,0.6277803016012404,Neutral
motteco,0.64924899717157,Neutral
king-kore,0.5778926102437147,Neutral
villiere,0.155034900206843,Anti
Stackfault67,0.41324476752464295,Neutral
Philly2_1_5,0.0969253481046168,Anti
rhoderzzz,0.271285907743053,Neutral
AleanderGG,0.49838229560186975,Neutral
Sparkle1975,0.317464290250067,Neutral
ptalka,0.31268110349821,Neutral
politicsnerd111,0.45658840017920665,Neutral
pro_reason_ooqiw,0.24302919959403302,Anti
a-haan,0.4826371544346068,Neutral
monealiza,0.504812648411743,Neutral
harrr53,0.62352206744591,Neutral
YKNA-Saf,0.5753091745385207,Neutral
Gurfaild,0.37370408250080417,Neutral
In_der_Tat,0.2704041526712185,Neutral
meepiquitous,0.4862395734896104,Neutral
SoggyItem,0.5419032475746823,Neutral
Samuelpackmusic,0.788373876894402,Pro
lick0the0fish,0.4643517273587482,Neutral
orville_ritz,0.664955090180453,Neutral
Jay_CBSBrex,9.63460033543928e-06,Anti
BluTide,0.3558424170744062,Neutral
Gwilra,0.097439607273811,Anti
JustAnotherBloke707,0.116743087284315,Anti
Woozie77,0.5291929541709187,Neutral
arbenowskee,0.3815752049646907,Neutral
InkyScrolls,0.4746210814602385,Neutral
Apfelstrudel911,0.2783712057673016,Neutral
avatar_of_prometheus,0.6753635096351976,Neutral
banqu0s_gh0st,0.4200785120561318,Neutral
Wanuke,0.271432779468933,Neutral
castawayz4lief,0.5828552596293061,Neutral
Matt3018,0.61770392683465,Neutral
acsecnarf_ecila,0.237094204927506,Anti
Gemali1617,0.2721579109437545,Neutral
cryptoplatforms,0.273122094114254,Neutral
Kborn,0.6113549943746324,Neutral
yaddyadd,0.4346614852780688,Neutral
Pduclosknott,0.6688623491969701,Neutral
Gingrpenguin,0.593878493512886,Neutral
plasorak,0.525856227844448,Neutral
bullett007,0.8065291661693774,Pro
Cyclopher6971,0.28625045258402576,Neutral
amandajinx98,0.383072499113567,Neutral
Polly_der_Papagei,0.0408744715355776,Anti
itak365,0.184191007661604,Anti
baycommuter,0.5410494696178607,Neutral
wrong_girl,0.4781262415780281,Neutral
TheTragicTraveller,0.142128048863012,Anti
RawAim,0.5171697711673938,Neutral
marleyrowell,0.272355708333841,Neutral
Sherak,0.33876324324444396,Neutral
The_Randster,0.5684716482809481,Neutral
Silverlining02,0.411357441865632,Neutral
the_elon_mask,0.557228571684545,Neutral
slothlifetv,0.291280430608222,Neutral
RuffneckFlex3,0.3263040105015689,Neutral
9law0,0.573225695355774,Neutral
Kraherte,0.607488356663058,Neutral
antonotna,0.4400034272262955,Neutral
weebster420,0.437371871895887,Neutral
rydious,0.5389058189137185,Neutral
KevvyLava,0.46030823519076286,Neutral
IBrokeMeBack,0.38689303798314445,Neutral
Lcb444,0.5761521694605134,Neutral
Prituh,0.5201895510122333,Neutral
eliotlencelot,0.269830223195831,Neutral
THE_FISA_MEMO,0.5397664955118152,Neutral
alastair_hm,0.230706037098994,Anti
BrexitAddict,0.40179156399196625,Neutral
cjhreddit,0.47329789880461287,Neutral
123patos123,0.5587080985605443,Neutral
EyesToTheeAbyss,0.168429069451645,Anti
marek3177,0.999973423400487,Pro
ecrowe,0.329146557726717,Neutral
old_white_dude,0.975700501453331,Pro
dafyddtomas,0.5934634081150407,Neutral
Prince-Tidy,0.30543192772739947,Neutral
somefish420,0.361893572512143,Neutral
samuellbaumgartner,0.561323796571227,Neutral
cavveman,0.7659796475423354,Pro
0_will_to_live,0.630907521431305,Neutral
qualitystreet,0.129303941672985,Anti
akadrbass,0.4142351244341498,Neutral
denimbastard,0.387167522540295,Neutral
LJKToday,0.472055763350347,Neutral
IAI_Admin,0.535885451925014,Neutral
Poufpouf21,0.407561475402762,Neutral
bonnabr,0.231049847735519,Anti
Lililapolie,0.4634932559521073,Neutral
all-those-rats,0.536706227910784,Neutral
frozen_tongue_guy,0.5719232490411088,Neutral
stepbacksnipeer,0.815046979910615,Pro
OrciEMT,0.4380856551427334,Neutral
PokeMyLoveless,0.3733475038099315,Neutral
Albert_BrexitStein,0.217372719614884,Anti
Eintalu_PhD,0.33604233560868396,Neutral
CustomNamee,0.218539856394557,Anti
Pumifero,0.245729786114127,Anti
Redfield2,0.747336975840202,Neutral
FogLegHornHorn,0.4985909774614426,Neutral
Gaynbow,0.46070408105024735,Neutral
BobTheB2Bomber,0.579100111349788,Neutral
compoundedinterest,0.5198001455623968,Neutral
wtfycbs,0.5934476247680097,Neutral
Skraff,0.4708918573555834,Neutral
mkotechno,0.4780130651817805,Neutral
Tottim,0.184567436534214,Anti
KJtheGinger,0.0004229241932154,Anti
whatthefucktruck,0.597811859101017,Neutral
Kopytostop,0.8372902022264,Pro
march011,0.4830337146000968,Neutral
rugeba,0.297260361204133,Neutral
mateybuoy,0.689236352895332,Neutral
rbnc,0.636003689730138,Neutral
zemafore,0.126771011221418,Anti
uB166ERu,0.49868508034359876,Neutral
Metabog,0.37811965027418,Neutral
ThePreditorX911,0.606808598180355,Neutral
rudimentarypolitics,0.5,Neutral
PM_ME_HKT_PUFFIES,0.5163864614174952,Neutral
KingStoph,0.524301509730025,Neutral
Bboytweed,0.5124514778510181,Neutral
jado5150,0.5181758130451269,Neutral
flasharnold,0.340030127034508,Neutral
banestyrelsen,0.930647382270267,Pro
notinmyscrapyard,0.426317003465847,Neutral
IritantIguana,0.901027426689191,Pro
slightly2spooked,2.46390410224313e-05,Anti
Neighbourly,0.028741219416304,Anti
EUBanana,0.48696647198869064,Neutral
XerTech99,0.702416439769162,Neutral
jlit0,0.5899190427239664,Neutral
moqingbird,0.509911709637705,Neutral
cja,0.8326301297667624,Pro
MrDrypebble,0.938677253390776,Pro
DeepBlueMoon,0.0428903947175783,Anti
tusksrus,0.5501609547305331,Neutral
Jelly_Jim,0.544840708621434,Neutral
Jammybrown11,0.476198322444974,Neutral
LocutusOfBorges,0.47869111522130964,Neutral
MentalitySquared,0.586721447842746,Neutral
neoLibertine,0.370856881345659,Neutral
ChefBoyAreWeFucked,0.5580854102200471,Neutral
ShutUpHeExplained,0.05198199402220075,Anti
rocknroll237,0.5,Neutral
moosepwn,0.326038164047026,Neutral
onceuponatimeihad,0.397758302081742,Neutral
Tubb64,0.73565410701734,Neutral
LazarusBethany,0.768277156785959,Pro
bp_,0.524064987484843,Neutral
FressshAttire,0.58335574962371,Neutral
Meknasa,0.509772785921617,Neutral
MoreCowbellMofo,0.97564919440807,Pro
ArmouredSpacePanda,0.5294394541142103,Neutral
ThunderBluff0,0.238611809774652,Anti
jalla2000,0.5195559531667016,Neutral
BritTorrent,0.219472423724028,Anti
wowmanfuckmylife,0.267671490394649,Neutral
brexit_leave,0.548264881363817,Neutral
kiradotee,0.22154224675973244,Anti
tdubs86,0.937515887422599,Pro
bensa02,0.4917347651926267,Neutral
EU_citizen,0.49548550124954943,Neutral
HappyHipo,0.5560458370053922,Neutral
Koorah,0.4106674694121682,Neutral
photekq,0.5848511999192805,Neutral
WillyPete,0.4283378453669903,Neutral
Poddster,0.6299446306434667,Neutral
CynicalRobonaut,0.528603176747599,Neutral
CILISI_SMITH,0.38547493546699135,Neutral
HonkHonkSkeeter,0.610361968758289,Neutral
boblarian,0.905186745759947,Pro
tocano,0.21966689330019698,Anti
Snowy1234,0.8830615946293234,Pro
WhyNotPokeTheBees,0.646792812846589,Neutral
titania53,0.4958753237587219,Neutral
aoide12,0.6668114047214998,Neutral
DissentiousRogue,0.49389973653248,Neutral
igncom1,0.10595532309685675,Anti
iNEEDheplreddit,0.4825940438581125,Neutral
Hartyy,0.0956795565505392,Anti
hbcal,0.511304377831492,Neutral
choochoo62,0.369474325849713,Neutral
ElCerebroDeLaBestia,0.0442855821148209,Anti
rpgmaster23,0.271627165095508,Neutral
matt8821,0.662505449856447,Neutral
azureharri,0.852150815335008,Pro
EarlReginald,0.674953139344129,Neutral
Retoeli,0.5756894751064681,Neutral
in_my_life,0.545376537786557,Neutral
itscalamani,0.6964688896945993,Neutral
Bel1sar,0.588918558859078,Neutral
juan-love,0.46892111384307095,Neutral
Oerwinde,0.0180994367712869,Anti
CoreNecro,0.4570137469639619,Neutral
fuck_off_and_dye,0.5113057420474485,Neutral
abrosis,0.43434057015398353,Neutral
danytnt,0.37156234630452606,Neutral
dirk_anger,0.36077399333825405,Neutral
locks_are_paranoid,0.5687149217772015,Neutral
AliThePanda,0.5982463077378871,Neutral
bifr05t,0.5,Neutral
zangerinus,0.6945005702596422,Neutral
PhoenixEvolve,0.6660707866479034,Neutral
FriedTesticle,0.291241335606304,Neutral
uknowhisbrain,0.78942031272753,Pro
youtubefactsbot,0.3604305072597559,Neutral
zushini,0.276930911148495,Neutral
AccidentalConception,0.3186989753896304,Neutral
jimdidr,0.722495012550634,Neutral
_theGoat,0.7348007504223225,Neutral
burn-it-alive-kit,0.706859889922819,Neutral
cloby,0.923764930579537,Pro
Dragomiz,0.523027626629557,Neutral
stuwoac,0.5950662226938778,Neutral
xopher_mc,0.0272433962467935,Anti
Im_Not_A_Loser,0.511681814387841,Neutral
gifv-bot,0.2960119835934779,Neutral
GnarlyOz,0.374102909891603,Neutral
Redstar03,0.5208949414441211,Neutral
Jonscot,0.0525201777662399,Anti
samedreamchina,0.468758820137724,Neutral
devnull791101,0.7562056222639525,Pro
Bruised_Apple,0.6428070147260495,Neutral
S4mb741,0.53067689193873,Neutral
Diabolicus666,0.599920942667781,Neutral
blueskin,0.6623177799380985,Neutral
JackandhisShyte,0.680625684046199,Neutral
smidsmi,0.5526892411282971,Neutral
l3lC,0.287178159940043,Neutral
Teth3r_,0.153542699083128,Anti
reltd,0.468996350976248,Neutral
Walt_Jrs_Breakfast,0.413433361136472,Neutral
agentapelsin,0.44690687551301045,Neutral
idrinkirnbru,0.4131455457852258,Neutral
ANUSBLASTER_MKII,0.6564776472087446,Neutral
jeanjean53,0.559545088952537,Neutral
Passionofawriter,0.4897814968068701,Neutral
Hillary_Antoinette,0.6228020266113984,Neutral
csdigi,0.7764785434430825,Pro
ploxxman,0.41399843805208897,Neutral
autotldr,0.022469730953093354,Anti
thalos3D,0.191523037566875,Anti
sjrickaby,0.8539212625206836,Pro
starlinguk,0.458327773430669,Neutral
enjayaitch,0.545955331758108,Neutral
wet_sparks,0.776492338748857,Pro
nbc_123,0.4347057150873623,Neutral
dapperedodo,0.556598939588014,Neutral
lmolari,0.5310060425011229,Neutral
Bande_nere,0.09933026784846753,Anti
article10ECHR,0.870395463819881,Pro
littlesushibox,0.6321769775105475,Neutral
quarky_uk,0.4881210046949139,Neutral
J591,0.314272922110012,Neutral
Drnflood,0.431077821043058,Neutral
marra1996,0.637565357946397,Neutral
CSANADI,0.394447409496319,Neutral
warsie,0.212560624416263,Anti
Xais56,0.5312503341593895,Neutral
Urgullibl,0.7031045984398595,Neutral
poo_is_hilarious,0.46275086899120466,Neutral
Don_Alosi,0.5508223450152404,Neutral
siamthailand,0.946043430735331,Pro
GrumpyOldBrit,0.7205045039653523,Neutral
ChuckSRQ,0.36464100114539616,Neutral
Morlaix,0.729599021103393,Neutral
Innuendo69,0.6004257005726235,Neutral
leyou,0.2505777009200673,Neutral
CancerOnACob,0.6818938094906191,Neutral
Adam_Marx,0.4963781244046304,Neutral
TheCrendraven,0.549150819877002,Neutral
TimothyGonzalez,0.660264792573942,Neutral
knud,0.6043370851480674,Neutral
ManderTea,0.611009678229701,Neutral
boxfaptner,0.130876417105037,Anti
ArisKatsaris,0.3882019757353155,Neutral
TiggerTheTiger1999,0.723347545029065,Neutral
SG-Icarus,0.0491095999408036,Anti
thaxu,0.447066762518459,Neutral
G_Fil_24,0.3486914062193412,Neutral
AnalogueWaves,0.537796244603671,Neutral
Noddy_Helsinki,0.842535341277353,Pro
Krek_Tavis,0.304012777911905,Neutral
9413478,0.4614358571435313,Neutral
kingmikeRM,0.8421085321783061,Pro
clockwomble,0.586452133927551,Neutral
andy776,0.288633326984299,Neutral
GeezMoney,0.867961406534315,Pro
arch_holdew,0.43905406812033243,Neutral
Dunhilda,0.7581406556622833,Pro
claudybunni,0.305998455029313,Neutral
Pielover19,0.41510585961229046,Neutral
NewAgeOfMan,0.688736253724091,Neutral
MaxTheMidget,0.662154158790837,Neutral
Cybercommie,0.5697893084290909,Neutral
FieryXJoe,0.139124241393168,Anti
UKd00d,0.106959568072531,Anti
bovis000,0.34624377817905405,Neutral
LLP88,0.5871061892993372,Neutral
oh_nana_whatsmyname,0.8112095655524061,Pro
wordup834,0.0006720644063567,Anti
thongman47,0.501614469215544,Neutral
Firstasatragedy,0.23945952600730824,Anti
6rooker,0.43311529730921,Neutral
easyfeel,0.5151310419065741,Neutral
AlexTheRockstar,0.482391575413084,Neutral
PanicOnReddit,0.63082508199801,Neutral
carrotTop92,0.7345533195165436,Neutral
Brachiosauru5,0.36199948690272965,Neutral
motchmaster,0.5,Neutral
ancylostomiasis,0.649241690965075,Neutral
swearrengen,0.732346492022584,Neutral
8Bit_Jesus,0.4131503027535233,Neutral
Shaper_pmp,0.5314932609002725,Neutral
NotSoLoneWolf,0.724378347531534,Neutral
129828,0.56779410514591,Neutral
cartmanbra,0.5,Neutral
rbobby,0.829680343407841,Pro
randumb_user,0.257850708883172,Neutral
_tangible,0.73078259289943,Neutral
ingibingi,0.659766113066253,Neutral
TitanSTHLM,0.559983356498301,Neutral
AntonioCraveiro,0.9185978408474291,Pro
ASeriouswoMan,0.463824424429237,Neutral
Overhighlord,0.223953469755674,Anti
moth3rfunky,0.58642333864922,Neutral
A_Politard,0.44732770344528383,Neutral
Cross_of_Coronado,0.5254330400486426,Neutral
NebuchadnezzarJack,0.295212631218962,Neutral
Camus145,0.6498310814843379,Neutral
AngryFace1986,0.3825721341165133,Neutral
Lumpy_Custard_,0.5651980746895379,Neutral
ALWAYS_ANGRY7,0.459516028633992,Neutral
Putin_is_a_midget,0.0307002260540534,Anti
Northmaster,0.6213850815068701,Neutral
throwawaybremain,0.516735171200829,Neutral
ebola-gay,0.592076064172628,Neutral
daneyh,0.5480732092968169,Neutral
poipoiop,0.667125601320946,Neutral
KirkegGerfubbler,0.916620976285616,Pro
DalimBel,0.1982660897416989,Anti
TyMack0,0.45942709013996597,Neutral
joebobmadole,0.610417523792596,Neutral
ParkerTheDog,0.275516814218597,Neutral
HaltRedditCensorship,0.438001858711603,Neutral
nogdam,0.753158575885855,Pro
mrbewulf,0.334745102380368,Neutral
mrradan,0.998384918104078,Pro
endelikt,0.6471267930819936,Neutral
GodGunsGuitars,0.916681252683927,Pro
kramit,0.567071037939359,Neutral
dsfdsfdsdsadsa,0.45996823337726,Neutral
NeverHereAgain,0.486414154318227,Neutral
lionreza,0.600469783260854,Neutral
bucket888,0.999974868433662,Pro
leeroybrown81,0.273377679450397,Neutral
MTGPeter,0.6753557473535629,Neutral
Hithrae,0.40128791784318846,Neutral
ricknice,0.80378706034162,Pro
fitterhappiermorepro,0.635147698366879,Neutral
Gilljant,0.5368770943954688,Neutral
FullBirdColonel,0.989532539500589,Pro
novass_cz,0.610396714395657,Neutral
leefee1,0.358165141534719,Neutral
lxjuice,0.44482044304971136,Neutral
JackTheStripper_,0.006430233917745,Anti
arvr,0.708951455956234,Neutral
Trakko55,0.609897365301704,Neutral
insecureguy1786,0.352104010746087,Neutral
michelmx,0.833146127209887,Pro
windstreampeak,0.565609583352734,Neutral
NakedSnakeCQC,0.747238439199901,Neutral
emmadobad,0.3838015997415812,Neutral
FXpert,0.597432149339313,Neutral
Shanerion,0.8200489429840553,Pro
Piekenier,0.770196431260604,Pro
tnucasisparts,0.635911069704736,Neutral
GifACatBytheToe,0.261187276660505,Neutral
Expiscor,0.390032199475922,Neutral
Fochinell,0.8070098726916037,Pro
kingmanaz,0.680185594894912,Neutral
Neon_Knickers,0.42123233305118,Neutral
mygoalistomakeulol,0.552108223597799,Neutral
cogimelon2,0.5,Neutral
ungov,0.5385896540109473,Neutral
Asgard26,0.692268503181287,Neutral
jiggy68,0.970180939847555,Pro
marmk,0.560384150552668,Neutral
OriginalPostSearcher,0.12126584697004006,Anti
error-prone,0.3520108677684952,Neutral
enriqueescobar,0.41710544672803,Neutral
kodtycoon,0.808545143572049,Pro
ifisch5,0.697156336865017,Neutral
TheMeaningOfLeif,0.3643373290056687,Neutral
henrikrh,0.161461838721185,Anti
K5000,0.241043967919902,Anti
schadavi,0.549634381437367,Neutral
SistaSabuda,0.5632190209012871,Neutral
Noz007,0.252892640980389,Neutral
evitcele,0.486294481580034,Neutral
thatsitbacktowinnipg,0.5,Neutral
aaMeerkat,0.277883933424523,Neutral
n1ghtstalker,0.599799574099621,Neutral
ikeaEmotional,0.632267788838818,Neutral
cronos844,0.6697068926974055,Neutral
ReMarkable91,0.8662415724567897,Pro
Slippery_Johnson,0.0188744815242329,Anti
MisterToolbox,0.0741866239433743,Anti
DwellerMike,0.694565256784478,Neutral
olican101,0.6646807201307016,Neutral
CTKShadow,0.154770118509445,Anti
Koozii,0.10088364358989901,Anti
HitMePat,0.117957057055834,Anti
Islander1776,0.453174758114682,Neutral
Drslappybags,0.48598390917219103,Neutral
MacBeetus,0.5339092240378427,Neutral
TheRingtailed,0.357229707705232,Neutral
Track607,0.855531941807786,Pro
Rakatonk,0.976084484331309,Pro
ohreally468,0.5935479504437123,Neutral
_holyhand_,0.6360199654502541,Neutral
Puff_the_magic_luke,0.46242948032242404,Neutral
WeevilsInn,0.839449515557408,Pro
arhanv,0.82445755844879,Pro
Kingh32,0.635887396597106,Neutral
Jaggent,0.823143952093348,Pro
reubenbubu,0.274683551149836,Neutral
MeshesAreConfusing,0.513098320575641,Neutral
ATACKFW,0.707503361104035,Neutral
qrhoo,0.919553562801327,Pro
Mooretex,0.607315403327672,Neutral
Fim0458,0.996254445657643,Pro
bedel99,0.461610525765934,Neutral
gregolai,0.6732553665790044,Neutral
Shinranshonin,0.388624957552856,Neutral
ElvishCopter,0.48095836033056505,Neutral
DuplexFields,0.849906902456466,Pro
TheUSofGermany,0.7828496721844569,Pro
diskiller,0.920498280374045,Pro
iamsmilebot,0.576726528951428,Neutral
TheCydonian,0.741038533981735,Neutral
AmToasterAMA,0.0363179203048392,Anti
note-to-self-bot,0.437560626462745,Neutral
hopeseekr,0.40961401560573835,Neutral
tylem_syk,0.617861908326097,Neutral
peachesgp,0.273907928386947,Neutral
smallpoly,0.448103542434872,Neutral
gggracez,0.4357384772047546,Neutral
riversilver,0.4903675497882851,Neutral
MightyManlet,0.579854382642992,Neutral
swiftexistence,0.791676690656785,Pro
jonos360,0.6029760211387984,Neutral
Yedd514,0.0034386456001583,Anti
meoxu8,0.437608222183159,Neutral
DugtrioTheFinest,0.395820060774359,Neutral
Rothman27,0.28646633304215,Neutral
zamehan,0.342678198927162,Neutral
donald_cheese,0.41065603052350796,Neutral
Linuxdirk,0.4630446911711412,Neutral
ls-4,0.550522915672584,Neutral
lvl99SkrubRekker,0.7200034665969045,Neutral
ekobeko,0.7206865140470007,Neutral
brd989,0.547844219979185,Neutral
AgentErgoloid,0.412263798528472,Neutral
sam_efg,0.790135199169025,Pro
TRexMakingABed,0.7100938669508485,Neutral
PsychD90,0.47775317233314957,Neutral
naptakerr,0.8033567360499185,Pro
dynastynyy,0.695705048686808,Neutral
dkaywantstoknow,0.41669886714881005,Neutral
vapecloudsmoke,0.357672029215305,Neutral
reddit_propaganda_BS,0.600900193755965,Neutral
btcmbc,0.526978691276259,Neutral
ssillyboy,0.6096100984406326,Neutral
mwilkens,0.523407535990779,Neutral
durdyg,0.555885151606016,Neutral
ramzixp,0.780063170836937,Pro
DownvotesCatGifs,0.521106341633821,Neutral
rydan,0.7143769204694175,Neutral
Throwaway58748,0.374552708779166,Neutral
mesonoxian_,0.43314934627931817,Neutral
aji04,0.767131830389702,Pro
GasCartidges2037,0.5,Neutral
Tatsuhiro_Sato,0.840047852627681,Pro
nmotsch789,0.4813470232987817,Neutral
rubyaeyes,0.535947689875868,Neutral
mrpugh,0.262472997197601,Neutral
tigersharkwushen_,0.553925342918886,Neutral
emotionalboys2001,0.37488609151311,Neutral
serialflamingo,0.341264716175801,Neutral
OryxsLoveChild,0.675348259505837,Neutral
theferalrobot,0.950485812327126,Pro
Traim,0.323953403722278,Neutral
Luca_Sideri,0.442822004963554,Neutral
ep0nym1,0.5010470762229511,Neutral
Al89nut,0.250353432050646,Neutral
FrozenBeer4U,0.8874788066701135,Pro
arynx,0.45740060573768504,Neutral
pseudopsud,0.5252208614448256,Neutral
sqrt7744,0.402523044653381,Neutral
spurs-r-us,0.302935941219149,Neutral
mrxovoc,0.773621675031165,Pro
MountainManStan,0.544639778782706,Neutral
oddcobb,0.349393803104102,Neutral
NeumaticBark0,0.5453206091855487,Neutral
Canada_Has_WMDs,0.637986895225295,Neutral
Ramshaw97,0.35150454037318757,Neutral
FLORIDA_FLORIDADA,0.6875307055797149,Neutral
blankblank,0.000116094093551,Anti
BruceDoh,0.5,Neutral
JustAintCare,0.758922433074121,Pro
arbivark,0.4313190282516638,Neutral
nitroedge,0.35377832214419863,Neutral
eloel-,0.61520429886202,Neutral
OffbeatDrizzle,0.5633268133682092,Neutral
Anxious_Sherlock_2,0.41837862336196696,Neutral
luhkomo,0.576790364463759,Neutral
ihateblizzard,0.494113530003949,Neutral
CaptFrost,0.42729598074690256,Neutral
bohr12,0.511019617272099,Neutral
flukshun,0.501655958432833,Neutral
ward0630,0.341522819932399,Neutral
Evilbill101,0.379292751155703,Neutral
Alphadude007,0.14845890687710056,Anti
tcappas,0.4654164500611943,Neutral
ebow77,0.12791921066586,Anti
luaciego,0.547238641135006,Neutral
Atlas_Alpine,0.519447128208654,Neutral
thejellythatwobbled,0.5794965007057072,Neutral
IAmShittingYou,0.487883018996763,Neutral
fixradio,0.5215906380002441,Neutral
MrRoyce,0.568139471181544,Neutral
balifore,0.39228089877710626,Neutral
Lepryy,0.451650796100008,Neutral
CireT,0.524394806744393,Neutral
philmatu,0.0026886344338278,Anti
TotesMessenger,0.035555322433943,Anti
Wrobbler,0.3893238764660255,Neutral
czarrie,0.2690098877212861,Neutral
AccidentallyHeather,0.217291770893388,Anti
childofthekorn,0.303387355287342,Neutral
ekimunited8,0.22211565015438,Anti
futuregunsmith,0.49470319572514465,Neutral
GoonerDMC,0.79557733294445,Pro
Idontneedmuchatall,0.813926032904346,Pro
pricelessNZ,0.284840359184375,Neutral
notasqlstar,0.45185647197376844,Neutral
Tallonius,0.768335492089733,Pro
ret3p,0.666905671319835,Neutral
mangleopolis,0.2979389469351237,Neutral
wyrz,0.806133382276799,Pro
Swordthrower77,0.1505562173154891,Anti
dungdigger,0.583199942897594,Neutral
habeas_corpse,0.711616698077688,Neutral
PatrolX,0.6261324565698564,Neutral
U2_is_gay,0.34766267991234423,Neutral
kungfu1,0.446669673146374,Neutral
Ranhgfac,0.560643171125805,Neutral
Tearing_you_asunder,0.37391496182724,Neutral
hydeman11,0.4077302264319484,Neutral
deondre,0.525601368322917,Neutral
parvicus,0.324937448204867,Neutral
ntw3001,0.6843746528510194,Neutral
UnderNatural,0.312915368859953,Neutral
allthe_gundams,0.528095757200728,Neutral
Cheese_the_Cheese,0.4551159780397792,Neutral
Magikarpeles,0.4757040915178918,Neutral
Cuckleberry,0.815230400914396,Pro
Waedo,0.822471678464793,Pro
8738273223,0.8890650944489971,Pro
meliss1324,0.692268503181287,Neutral
Spidertech500,0.697503063522511,Neutral
wenchette,0.207163659186886,Anti
messy_jen,0.414277340824103,Neutral
SonicFrost,0.468185003603065,Neutral
ValidAvailable,0.95165100361208,Pro
soaplord,0.5628250798887754,Neutral
StopFightingTheDog,0.873882136993116,Pro
Hannyu,0.15998078824343778,Anti
Cheddar229,0.387049984342491,Neutral
September1Sun,0.0060940580924902,Anti
CyrusB1ack,0.682059092205149,Neutral
Gibslayer,0.2557085045209435,Neutral
itsmecyrus,0.953808063945683,Pro
boonies4u,0.27539612543915687,Neutral
printers_suck,0.6890461588841594,Neutral
S1GMA,0.5,Neutral
FleshEatingShrubbery,0.23136773186467,Anti
rhythmjones,0.137915791438311,Anti
maxfromcanada1,0.177760566959716,Anti
scoobydoobymutley,0.6653625353713158,Neutral
AceSLive12,0.372615062390519,Neutral
norenberg,0.937086989667302,Pro
moosepile,0.252839922718875,Neutral
patio87,0.901323243161929,Pro
zieger,0.776496312367933,Pro
ragtagmofi,0.696350286045286,Neutral
rohishimoto,0.696350286045286,Neutral
mrnicefelix,0.681662739539245,Neutral
SOLAR15,0.565670980228531,Neutral
emrickgj,0.258797825989855,Neutral
Butt3rfli3s,0.726543792133977,Neutral
CowboyBigBoss,0.549684813467919,Neutral
GimliGloin,0.891920739473277,Pro
peakfoo,0.653500574271528,Neutral
higuysimonreddit,0.566869210132823,Neutral
holderofthechalic,0.701718338807576,Neutral
TheOneMavado,0.4082793868673858,Neutral
pikachu_2015,0.809779118200436,Pro
CrEaToXx,0.8445179456493971,Pro
penguinjuice,0.30515206577154,Neutral
Montaingebro,0.5194764373201219,Neutral
whiskerbiscuit17,0.810993663983362,Pro
Caffeinetank,0.5639790537517805,Neutral
JohnbagSupreme,0.3776174444594686,Neutral
muethos,0.45957771959826016,Neutral
dzire187,0.487003396835672,Neutral
GreedyCrusader,0.31542170482965276,Neutral
JDLancaster13,0.820800137773385,Pro
HagzX,0.723316723142226,Neutral
paradoxcydal,0.894295396764847,Pro
spartanburt,0.48026607538208466,Neutral
oscaralphakilo,0.410604033888585,Neutral
ThEGr33kXII,0.462657272407956,Neutral
captainburnz,0.4507104682049908,Neutral
dawizard2579,0.689245556303102,Neutral
Tiggerrdrr,0.672713389034881,Neutral
Visionexe,0.685501999924366,Neutral
NachoKong,0.773887639460064,Pro
NeoSizer,0.685227506545243,Neutral
KyleG,0.3965393949615363,Neutral
of_mendez,0.803311336502277,Pro
hungarianhc,0.38803936929047284,Neutral
Tidbitter,0.49917852466150103,Neutral
Captain_Eclipso,0.5402475989060553,Neutral
CornerMirror,0.7443769970233256,Neutral
TinBryn,0.23125479021700945,Anti
slightly_mental,0.9536956667426787,Pro
DeathcampEnthusiast,0.6724574562935777,Neutral
FluffyDumplet,0.360279770622772,Neutral
King_Abdul,0.41780803356005203,Neutral
Prime_Hierophant_Vek,0.94093518347923,Pro
Dr_Bishop,0.917708204731121,Pro
Imitates_Douchebags,0.768986740943491,Pro
briandouglas611,0.930981563552054,Pro
Pseudogenesis,0.670988151672091,Neutral
Bluebell487,0.578324998641496,Neutral
Cerpin-Taxt,0.32037600315694537,Neutral
MChristopherW,0.731638816929505,Neutral
animalsrocks,0.0664576259428018,Anti
Kietakas,0.5487846667720375,Neutral
gervasium,0.6145213685047677,Neutral
zouhair,0.5867026226305186,Neutral
stormtroopyourass,0.4612554610471633,Neutral
prema_van_smuuf,0.613649911738122,Neutral
Rondaru,0.530177442726409,Neutral
thestickystickman,0.578213794986859,Neutral
Maels,0.8021310548905365,Pro
BDuck_,0.559783360990068,Neutral
NoisyGuy,0.887960860090701,Pro
god_of_the_universe,0.6707392583060826,Neutral
ScrapingScraps,0.7491304465940282,Neutral
joe462,0.6298285049853025,Neutral
LucyNyan,0.7018777224228239,Neutral
Argonaught_WT,0.920669858394221,Pro
VonSpo,0.866805129377752,Pro
WilSmithBlackMambazo,0.08193234726097945,Anti
MonoB347i7,0.732338585132699,Neutral
UnassumingBrit,0.61503577189112,Neutral
Tucos_cousin,0.659735743318657,Neutral
SwordOnFire,0.563196883937798,Neutral
WhollyUndulatingPlat,0.500926788517362,Neutral
RonaldKTrump,0.7043514604111845,Neutral
LeGensu,0.352734668595749,Neutral
mixtwitch,0.392228052581284,Neutral
valorsoul,0.734658946834756,Neutral
Amarsir,0.5692869547135068,Neutral
Assassin966,0.0537320300102949,Anti
ThatGuyYouKindaKnow,0.41157398291575453,Neutral
Cynical_Analysis,0.45522930332911093,Neutral
MrWonko_,0.8111886793211524,Pro
noknam,0.217979992746269,Anti
rayui,0.383921117544722,Neutral
rattleandhum,0.342879202343052,Neutral
SpeedMirageIfYouWill,0.6474570626503778,Neutral
Trollimperator,0.945996070437171,Pro
snoo-snoo-train,0.468252612222889,Neutral
isszul,0.44955774377643354,Neutral
SquaredUp2,0.5931187705721825,Neutral
BlaineCraner,0.5435255981380536,Neutral
Astinger,0.788726105167253,Pro
artuno,0.6444355729532725,Neutral
iNdEn1aL,0.7607144990101172,Pro
PuncakeIsLife,0.379614254799084,Neutral
Yaroxx,0.733619888418506,Neutral
supergergo,0.353030645604009,Neutral
Serek32,0.5263706381138025,Neutral
Bitruder,0.887765064965297,Pro
Pinkishu,0.5116420005633375,Neutral
TRR4z0r,0.595135312182598,Neutral
The_Daan,0.57511924464463,Neutral
ReyvenDK,0.246110748546545,Anti
breezy_y,0.7326358141963064,Neutral
Aid420,0.247241628516048,Anti
Tactical_Torpedo,0.685857606738441,Neutral
chrissmith1qwaszx1,0.31741806335322403,Neutral
Trulsemannen,0.3972243100983005,Neutral
LiLBoner,0.3288413699430405,Neutral
narfmasta,0.913259137887138,Pro
ryancstl23,0.5,Neutral
Maths44,0.725824209917491,Neutral
MrDaebak,0.739341944643744,Neutral
aGeordie,0.357378613802524,Neutral
TheRealKrow,0.860483728614382,Pro
phadrus56,0.456155121097074,Neutral
etzelhorsedick,0.7860985358218946,Pro
broc-and-roll,0.744016980157235,Neutral
Saerain,0.49831356730484183,Neutral
myfirstaccount668658,0.510713352877359,Neutral
Lethos,0.37500708935287835,Neutral
PanRagon,0.696019375818822,Neutral
Skynuts,0.7139283428093437,Neutral
gaymondboofstad,0.371428717072895,Neutral
Rcse3t,0.569263089081022,Neutral
PPP225,0.584991853270888,Neutral
kpauburn,0.622005948576819,Neutral
yetteh,0.518195946814352,Neutral
whozurdaddy,0.313741695831501,Neutral
lemings68,0.859626985238192,Pro
luka_sene,0.231357536624203,Anti
shatter321,0.522927832979433,Neutral
sneakattack,0.302994572207007,Neutral
Arch_City_Army,0.36192302673554,Neutral
DarkFlame92,0.6258315021113403,Neutral
Rman726,0.3408109861148478,Neutral
creative_sparky,0.395035055233917,Neutral
Darkmoon_UK,0.2720107029954463,Neutral
atypicalformeboyf,0.996282190221294,Pro
kekulerules,0.2183304039359865,Anti
ezni,0.238693198034195,Anti
Prozenconns,0.483093372682721,Neutral
tbonecoco,0.732815910805406,Neutral
Katidel,0.339833518433202,Neutral
Gunny89,0.859864511241518,Pro
Ncastillo1996,0.888528666949977,Pro
Mentioned_Videos,0.0193415647417003,Anti
tinman2000,0.338082837510127,Neutral
deflateddoritodinks,0.561383012246766,Neutral
Pyrollamasteak,0.779027129919381,Pro
XDingoX83,0.5778849639032465,Neutral
HypothesisFrog,0.752250334309428,Pro
pingieking,0.3906746277679779,Neutral
GandalfTheGrief,0.5668753053513584,Neutral
testadan,0.166987228762161,Anti
tandemelevator,0.357402453958592,Neutral
superluminary,0.7041158491713994,Neutral
OMGWTFLULZ,0.451821575019913,Neutral
arcfordo,0.673605511972914,Neutral
andrew815,0.999999999998007,Pro
robot-raccoon,0.4545761611889595,Neutral
Squishy_Vengence,0.3632370839794743,Neutral
CowardlyValour,0.444259180643454,Neutral
Backrow6,0.485267324914764,Neutral
xrabidx,0.261910670398641,Neutral
YepMaximum,0.483199998588813,Neutral
ThrowTheBarrel,0.33715003557319784,Neutral
PKImperial,0.5716471234193194,Neutral
CapnBlondeBeard,0.4567977422539118,Neutral
laughinpolarbear,0.1391694324285651,Anti
shenglow,0.474166264518684,Neutral
eriregoeirjgeroigjr,0.581010959386478,Neutral
RoyalBerkshire,0.368465134738929,Neutral
Pacquiao14,0.159194579136017,Anti
Endlock,0.7558277387242528,Pro
NewsModsBlowChunks,0.8317079620866855,Pro
Thatslyb,0.418157554867545,Neutral
AttackOfTheThumbs,0.5651919488063367,Neutral
OGCASHforGOLD,0.188092226301282,Anti
HelpMeImGonnaDieAyy,0.493381397995286,Neutral
Knukun,0.4239026284649615,Neutral
novohash0905,0.5887006530592428,Neutral
RockstarSuicide,0.112978437674573,Anti
IselinThe,0.374407983807551,Neutral
Melonskal,0.0961951213455981,Anti
snowbored,0.6046418720257637,Neutral
strobezerde,0.559841282759066,Neutral
kylezz,0.45818685772577983,Neutral
epicblob,0.195503457651627,Anti
tommygoogy,0.442822004963554,Neutral
zerkvoid,0.105648248142702,Anti
Flywolfpack,0.115028791198152,Anti
dapf,0.762665458398648,Pro
ReverseCropdust,0.537273923088894,Neutral
grampipon,0.6044506225279438,Neutral
hamzasalem151,0.7546445570837396,Pro
gweny404,0.6109184149166422,Neutral
iWantMy15Lacs,0.252892640980389,Neutral
Marcus_Suridius,0.235912060527797,Anti
Blindest,0.585948220842956,Neutral
qwertyegg,0.653463041584239,Neutral
SiegmeyerofCatarina,0.739902950020142,Neutral
redditormutnuri,0.217871594689636,Anti
A_J_Rimmer,0.5736731588358794,Neutral
InventorOfTrees,0.898144750484811,Pro
MuonManLaserJab,0.5216264433938954,Neutral
FB777,0.5487242716697234,Neutral
QuasisLogic,0.97422105417868,Pro
QuenHen2219,0.789234826080944,Pro
TheJohnErik,0.7043559950702925,Neutral
vaguelyswami,0.654046188508789,Neutral
Pain5Q,0.5,Neutral
Shaftmatic,0.366232126617021,Neutral
Whiteprivelege,0.0844939466121863,Anti
Open_Thinker,0.31656038424092914,Neutral
StraHli,0.5,Neutral
sicruise,0.634039071225779,Neutral
ADE001,0.32324183624017,Neutral
maganism,0.98854882089809,Pro
igloo22225,0.523525040430972,Neutral
leelasavage,0.695029591778704,Neutral
toywatch,0.403115962761859,Neutral
Em_Adespoton,0.015876198505261,Anti
d_smogh,0.5346007503087241,Neutral
JangoAllTheWay,0.249969842233183,Anti
munki83,0.638402043795774,Neutral
Malaix,0.2381951581549045,Anti
naktinis,0.456527937720297,Neutral
PDXSimpatico,0.804429232009038,Pro
aimtron,0.2608951561804141,Neutral
anthonymartincal,0.619654464755741,Neutral
socalpro,0.6358972512068904,Neutral
Iwantunanswer,0.0001056414903665,Anti
Hannes_OC,0.683661066968066,Neutral
giverofpeace,0.46101018317246,Neutral
RedBeardedT,0.176271057913087,Anti
uTorrent,0.982913597958614,Pro
AMHOL,0.812085747741683,Pro
amidsttherain,0.822682721048108,Pro
madlm,0.638028507540822,Neutral
sod16,0.5261906394128,Neutral
thevillagegroupie,0.5,Neutral
Bergerac82,0.5226857155637521,Neutral
callywally89,0.668486382617676,Neutral
jorgeZZ,0.666233572818567,Neutral
methanococcus,0.5,Neutral
hipifi12121,0.951701530119722,Pro
CoporealKracken,0.6145169961869105,Neutral
Espard_,0.40369403204811,Neutral
chromesteel,0.694493493477959,Neutral
Bombayaloo,0.913484820978888,Pro
flexthrustmore,0.6900180794044121,Neutral
mymosh,0.539959160809736,Neutral
Senno_Ecto_Gammat,0.5304389950942727,Neutral
A_Rolling_Baneling,0.55008933203083,Neutral
bouncylucioustits,0.36322300995984264,Neutral
MissValeska,0.532516212772725,Neutral
MalyKotka,0.32026375586339967,Neutral
sfurrens,0.5,Neutral
Kurtyboyy,0.7146596267106125,Neutral
wd011,0.9634730775917075,Pro
themccrae,0.617803450608859,Neutral
ullrsdream,0.6594710889797959,Neutral
sue-dough-nim,0.13137272205196485,Anti
Crabjock,0.8025122531163946,Pro
Imatotalloser,0.926738684906761,Pro
Ridry,0.18524501206624094,Anti
theDankiestSharkEver,0.860713524456738,Pro
depredator56,0.997013672860622,Pro
livinlefevreloca,0.277129007905249,Neutral
SR-Rage,0.568990280853555,Neutral
cncr04s,0.637118028049586,Neutral
lemonpjb,0.386414499409922,Neutral
leah108,0.756436362066214,Pro
stehekin,0.384427179807062,Neutral
unknownjustice2,0.0390702383024584,Anti
huyly,0.176117251348309,Anti
slickdickmcquick,0.5899800700479014,Neutral
lil_mikey1,0.0296845957884701,Anti
emmfeld,0.647084038332311,Neutral
dmdtii,0.2474042895392547,Anti
fedorabro-69,0.31075188188966596,Neutral
arades,0.456422519773829,Neutral
Manandhismarmot,0.279977542067341,Neutral
Morfe,0.379381785523652,Neutral
wont_tell_i_refuse_,0.58518424082789,Neutral
TheVegetaMonologues,0.2565600187448371,Neutral
darockzilla25,0.927944604155632,Pro
SingedCarry,0.5,Neutral
GoodComplex,0.492075834914734,Neutral
Blak3yb,0.379806192440498,Neutral
The93Enigma,0.4579540798959713,Neutral
alesbianseagull,0.606914939579342,Neutral
fluk3,0.240333868796343,Anti
SPARTANMST,0.5564255418256863,Neutral
VIPPER_,0.99351822063432,Pro
profeDB,0.101668255457647,Anti
astroztx,0.7419619183960501,Neutral
PolanBall,0.312464805401965,Neutral
Masplid,0.51569867322611,Neutral
OxyKltten,0.8653873601953724,Pro
soullessgeth,0.999963017945589,Pro
Elder_Yautja,0.36991028265391274,Neutral
Francophobe,0.715633070336402,Neutral
kuraza,0.6149965885264936,Neutral
thawkit,0.46583959312806,Neutral
clarkycat1987,0.732222927630271,Neutral
JustTwist4Fun,0.4887396310664179,Neutral
gk3coloursred,0.359297884254328,Neutral
MegaFoxer,0.839312701885804,Pro
Raminax,0.14474934220545,Anti
rawbdor,0.2735002454026749,Neutral
mrkiwidj,0.9998974979842434,Pro
Ironaya,0.2258611559889776,Anti
bul188,0.6408546356453493,Neutral
tysonedwards,0.461394272110157,Neutral
bane2,0.21732333259215603,Anti
JigglymoobsMWO,0.5746468816150048,Neutral
micilini,0.6232275887035646,Neutral
Leeroybijenkins,0.7478519587346185,Neutral
OGWillows,0.49677873443238535,Neutral
Thamyris,0.2758193090352906,Neutral
flabbybumhole,0.5508325307725116,Neutral
Caseworks,0.8900582705648781,Pro
koel345,0.439116959338357,Neutral
Keep_it_legal,0.559423841322473,Neutral
RagerzRangerz,0.46033492196139986,Neutral
ikgawinne,0.0218380210372003,Anti
LeMasterTF2Playur,0.843121370780195,Pro
elgrandeslimbo,0.7013789806852202,Neutral
DutchRedditNoob,0.0429796064924242,Anti
ding_pong,0.5277301760036546,Neutral
dutchpy,0.243832770969772,Anti
ohaiyou_meepo_desu,0.511237152781406,Neutral
RipleyEllen,0.999372509635782,Pro
Ragwolfe,0.7114815455358607,Neutral
sos_1,0.20637604309688,Anti
PrusPrusic,0.226967422837775,Anti
AtlantaSkyline,0.2645424152205578,Neutral
Palatino_,0.0220981434138066,Anti
TMillo,0.535883566142079,Neutral
valveboy,0.451883931932583,Neutral
IllusiveParsnip,0.0037780797489233,Anti
Caneloide,0.213090719402321,Anti
chambolle,0.5972150230992592,Neutral
karlrowden,0.568115751542062,Neutral
Charlithinks,0.9100837227068664,Pro
dutch1184,0.514629708882453,Neutral
toecutter70,0.6488450877917227,Neutral
N0goodnamesl3ft,0.01271954482142755,Anti
jagsthepanda,0.4514951169315757,Neutral
pouyanz,0.7721209970996523,Pro
Rututu,0.4150102980072184,Neutral
Njmcracker,0.6431888526327403,Neutral
godrips,0.449839693583932,Neutral
archmcd,0.471208826035297,Neutral
adyman1995,0.999413374717387,Pro
sbowesuk,0.5182014390708735,Neutral
Llil_Rick,0.5220333233479355,Neutral
Shunpaw,0.6820820100031844,Neutral
SaltSprinkler,0.7762871734339405,Pro
Rab05,0.109034951191015,Anti
iVikingr,0.568048176583707,Neutral
wubanub,0.1338807352529195,Anti
RyanLikesyoface,0.5524418637906275,Neutral
politically_irreleva,0.198117029478229,Anti
Barely_Know,0.533326678699838,Neutral
nheastvan,0.855110171512023,Pro
snooporn,0.0116980082825045,Anti
e1618978,0.6488671805026478,Neutral
Prequalified,0.124691512912969,Anti
Rosenburg69,0.5,Neutral
heeeyyy1012,0.90066434123291,Pro
8ooo00,0.386161929045368,Neutral
Pirate_Ben,0.939451338959621,Pro
SamCropper,0.480013616795221,Neutral
TheAmericanFighter,0.577397851317477,Neutral
Sickeboy,0.43427474399167965,Neutral
bl8nkrtr6le,0.800274940387821,Pro
kazerniel,0.0949330986401336,Anti
SpazUK,0.909784469942712,Pro
the_commissaire,0.5961800841868129,Neutral
schunzzle,0.5304731305959962,Neutral
jymmm,0.49259071871269366,Neutral
ac30fspad35,0.5175520251332357,Neutral
_supert_,0.641268785254494,Neutral
Penguinrob,0.6454320039250545,Neutral
murinhexafrans,0.557228571684545,Neutral
choccybix,0.28113887112502833,Neutral
heyguysitslogan,0.431020907201018,Neutral
cerb007,0.8191254791410677,Pro
Navek,0.887372321452439,Pro
OtherWayBound,0.5558598184523356,Neutral
BlitzTank,0.5960559641505669,Neutral
Boffin927,0.266028182193147,Neutral
masturbatesampepper,0.86750702288272,Pro
TribalScarab,0.292061788274442,Neutral
deptford,0.868575759222889,Pro
zzrg,0.007448864968233,Anti
neopolitan77,0.861904451863594,Pro
engapol123,0.8897270142757695,Pro
1s44c,0.4301724789844249,Neutral
Pewiz,0.24030364570768148,Anti
KopiteKing13,0.974132087367398,Pro
4771cu5,0.6793061267390272,Neutral
jnex26,0.5120914113694295,Neutral
ChrisTheRazer,0.34618601970148205,Neutral
MadSpinach,0.2588863180903835,Neutral
iprefertau,0.5169501628472707,Neutral
Ostritt99,0.896148955992384,Pro
SnowballUnity,0.5839965312041655,Neutral
Mhasliyra,0.498647058929392,Neutral
GamesMaxed,0.71949267671966,Neutral
Jack_Hennety,0.0043598137911809,Anti
Papi007Julio,0.88253503428086,Pro
Martino_Tadija,0.689054417684798,Neutral
wherearemyflapjacks,0.966937944197007,Pro
Monetizewhat,0.0135077819307182,Anti
Catch22af,0.45649141395081266,Neutral
logion42,0.414365956027411,Neutral
MojahKahf,0.431349132990444,Neutral
woodsant,0.6649743416384614,Neutral
blueskybanana,0.356624356595783,Neutral
icemasterdsslim,0.503380883341502,Neutral
SurelyNotShirley,0.5225044379385471,Neutral
MatMaf,0.424521010836426,Neutral
Face172,0.0302638947215768,Anti
jg_a,0.842422530030844,Pro
scsiborg,0.7011231918375288,Neutral
MrCharles92,0.575727698100286,Neutral
AeroReborn,0.0915315125568668,Anti
rubennaatje,0.808584786018076,Pro
rup3rt,6.9971440155426e-05,Anti
dng992,0.0126585037530442,Anti
Enigmatic_Ruse,0.461696656164076,Neutral
prisoner42,0.3632284056806725,Neutral
ImPhilsredditAccount,0.6545148440846009,Neutral
green_griffon,0.4621336086768696,Neutral
bigdongmagee,0.5510857576205267,Neutral
zcomuto,0.23825383491216523,Anti
zechtri,0.417028806337983,Neutral
ElDoRado1239,0.259980900479537,Neutral
WhatILack,0.118775433750392,Anti
mendicantbias343,0.5601991396327053,Neutral
gargamol175,0.944063537009366,Pro
Machiavelliy,0.6288218427289617,Neutral
iprod,0.4718230919171764,Neutral
wordlimit,0.596106952171081,Neutral
CuriouslyInept,0.35337466716151117,Neutral
BigBossOfGondor,0.894206444745978,Pro
Zinegata,0.274464481625364,Neutral
captain_twat,0.4284821943571354,Neutral
baconsheik,0.271709332334883,Neutral
tvvt,0.5880201011913316,Neutral
WandersFar,0.0004493654526686,Anti
thegroovemonkey,0.800293380384247,Pro
P-13,0.4350097557631319,Neutral
quincyconscience,0.0356577534472843,Anti
betheproblem,0.166980479600131,Anti
Stocknewb,0.0955300198700799,Anti
Iz__Poss,0.2567378790245852,Neutral
Wikirexmax,0.4039132718209162,Neutral
theballisburst,0.6844499345825105,Neutral
SirSawo,0.031611452043781,Anti
brighton420,0.6102227954891695,Neutral
solthar,0.0460493121000596,Anti
came-in-to-say,0.5993177334314694,Neutral
snejk47,0.9904119654004,Pro
Skurken82,0.6837824811278633,Neutral
warped-coder,0.845615311129304,Pro
Dindeli,0.043535758201925,Anti
Havocas,0.4429230549110308,Neutral
goingdiving,0.3936622861670857,Neutral
babygoo,0.7631747417658428,Pro
alexmbrennan,0.5159728298142907,Neutral
zogmachinae,0.969383946570933,Pro
MH370tweeple,0.37959618600277,Neutral
Odds-Bodkins,0.2989494104093447,Neutral
jaydoors,0.5295964020574027,Neutral
peetron,0.29790390632353636,Neutral
zethras,0.6332605253003547,Neutral
is_this_even_funny,0.5311629651905763,Neutral
cherbert,0.484662627634349,Neutral
samjca,0.4056324172914468,Neutral
suckingalemon,0.534160781275057,Neutral
leviathaan,0.185018882375323,Anti
Xellith,0.636571062488327,Neutral
Ghostrico,0.789275157736625,Pro
mashford,0.46275356729219663,Neutral
dukeofmordis,0.714104299291485,Neutral
trilson,0.55932075551497,Neutral
coffedrank,0.384236537253575,Neutral
notsoviet,0.38500683967546,Neutral
FarscapeSDC,0.8047433874245006,Pro
FarronWatchdog,0.7016847398822772,Neutral
Lucius_Martius,0.2729507674590734,Neutral
Hiienhurtta,0.280232485227122,Neutral
Ginge0clock,0.853086707287074,Pro
Cheykon,0.66678744377541,Neutral
CoolShadesX,0.416588055420131,Neutral
asmx85,0.364029759854742,Neutral
Woofcat,0.0781652260343865,Anti
BajerMajer,0.979387001227065,Pro
Tiomaidh,0.455326294629668,Neutral
umbrellastick,0.737584724339865,Neutral
kickfloeb,0.6244243956504424,Neutral
Eyginleif,0.610220113646996,Neutral
ishedeadorno,0.0299974514413662,Anti
RidingRedHare,0.4500093540849471,Neutral
LikSaSkejtom,0.994754744184256,Pro
sagefaciens,0.351172956209356,Neutral
CaptainCajun,0.30702197126569,Neutral
raudssus,0.37853326307158,Neutral
cuntflapdrizzler,0.49686701993869087,Neutral
Doso777,0.0672072050888426,Anti
Omaha_Poker,0.5984750049908758,Neutral
marianorajoy,0.5095690750587123,Neutral
paleowannabe,0.995423332367688,Pro
MoLoLu,0.3970299882230049,Neutral
Trauma_Zulu,0.485888762156813,Neutral
iownaredball,0.607353673349161,Neutral
fartinburp,0.29239253253018777,Neutral
helldaemon,0.5,Neutral
Spank_Daddy,0.461239269938932,Neutral
etherspin,0.469789524485785,Neutral
atilas1,0.145394191028324,Anti
eliotv10,0.614385625276041,Neutral
samuel_petard,0.0081431447414622,Anti
Young_mcscruff,0.529233515765646,Neutral
andreeaa-alexandra,0.131421753384002,Anti
YouSoDeserveIt,0.0760731784815423,Anti
adann62,0.662382209997397,Neutral
littlegreendragon,0.617879600251412,Neutral
nostratic,0.29604534853006237,Neutral
cavylady,0.5417713574619629,Neutral
NobodyNobody2,0.0001619347168673,Anti
bcbaxter,0.6279511127295815,Neutral
Bahos92,0.273213973240485,Neutral
kersurk,0.577574169430583,Neutral
gail_fan,0.346538729130309,Neutral
akupunktio,0.6212159144697945,Neutral
Caltheron,0.5153080382801943,Neutral
xyronebun,0.929409318648335,Pro
tiajm,0.653304485789203,Neutral
Fabianzzz,0.701044881748498,Neutral
KyleMyers,0.236198221391822,Anti
DJDonPerryon,0.62624560164681,Neutral
moonflower56,0.345957381523316,Neutral
densityfunc,0.4723291713923149,Neutral
UncleBodin,0.5370041680094102,Neutral
ostaveisla,0.512272651845782,Neutral
Fusion2k,0.436114799376077,Neutral
basashi11,0.1684793709471903,Anti
play4fun1995,0.941720079587545,Pro
OrganicStorytelling,0.8771816194406654,Pro
_Bedo_,0.532381149459573,Neutral
Cutty_Sark,0.47052243438985,Neutral
ilrasso,0.5481205652134533,Neutral
spelaccount,0.5006179760398347,Neutral
insanePowerMe,0.354164372368808,Neutral
gildredge,0.5664057610983104,Neutral
Weeeeeman,0.240870458876244,Anti
JkF50,0.5038733890444483,Neutral
jamesrclee,0.5604536298271212,Neutral
Dotbgm,0.0042568833345923,Anti
GV18,0.5231287242980741,Neutral
samurai321,0.4508431725760005,Neutral
slappingdragon,0.299258139425925,Neutral
Sergio_Canales,0.751351630439156,Pro
moltenrocks,0.225825148040448,Anti
RawerPower,0.42517919872705,Neutral
Llama_Shaman,0.894000006285927,Pro
companion_kyubey,0.511681271970452,Neutral
Shultzi_soldat,0.7047886919484523,Neutral
ruthlesscompassion,0.62762349560841,Neutral
SnazzBot,0.5199442744428864,Neutral
Yesbabelon,0.8160489846758154,Pro
HonestRepairMan,0.167376108174809,Anti
Gooner_Trump_Thumper,0.462199189286274,Neutral
redalastor,0.4338089568640206,Neutral
rhalzi,0.21543132923440794,Anti
dpc59,0.666156810782829,Neutral
FannyFudge69,0.43711768477957863,Neutral
angrypidgeon,0.531204909642195,Neutral
crabtoppings,0.668912433497875,Neutral
sahmraw,0.9627597509079115,Pro
Long-Night-Of-Solace,0.0768189717503893,Anti
loresayer,4.20485560448089e-07,Anti
Orswald16,0.6885263374605199,Neutral
done8989,0.570226399373696,Neutral
Uncrowded_zebra,0.926379638535622,Pro
TiFooN,0.530858099752982,Neutral
visarga,0.395697667271253,Neutral
paradisefound,0.220124239092531,Anti
TordYvel,0.484727182853126,Neutral
heathstewart,0.239919105400461,Anti
_kemot,0.43872476109437925,Neutral
garyk1968,0.6128337296399337,Neutral
wabudo,0.455287265451222,Neutral
Dried-Grass-Pasture,0.6708837504336035,Neutral
DMHawker,0.3586245393454495,Neutral
MrObvious,0.632149771943648,Neutral
Demarer,0.7751076126857176,Pro
ur0z,0.4207443929717,Neutral
SpaceyAces,0.625580559747187,Neutral
Nezaus,0.109971895498114,Anti
bluris,0.258861807173688,Neutral
Dorsath,0.4880042911026547,Neutral
Vermino,0.3978780067549529,Neutral
Smashleighjayne,0.2879201261708069,Neutral
worldisyourlobster,0.5898679047289825,Neutral
MadCabbages,0.20296341432781756,Anti
mikestorm,0.4487981593947289,Neutral
Obaama,0.297129573161155,Neutral
GratuitouslyVivisect,0.582839125298794,Neutral
Cynics_United,0.0813683519746235,Anti
gobocork,0.0079361890305871,Anti
Dedicati0n,0.43961875786523624,Neutral
TwoShipApocalypse,0.407997282951541,Neutral
lawrnk,0.571303256531607,Neutral
Raumschiff,0.2288690084834,Anti
drinkonlyscotch,0.28352593151539646,Neutral
cephalord,0.4339119743412265,Neutral
feederinho,0.126151712803701,Anti
shpxurnq,0.146948263164009,Anti
MaddenMan73,0.496489602246813,Neutral
rahen,0.5061019627464745,Neutral
Grrrmachine,0.7236760527718276,Neutral
hudefive,0.08749175639528685,Anti
Tinnesa,0.6673123023065121,Neutral
Kbotonline,0.4859215274362892,Neutral
carzacc,0.75972141559669,Pro
anonymousseaotter,0.22656534820568872,Anti
N02B,0.607513715205111,Neutral
yohanosullivan,0.505365393519407,Neutral
alga,0.4074750334448137,Neutral
ArchitectInWording,0.287914246867417,Neutral
Blze001,0.40061146514013646,Neutral
Darkyshor,0.584888998884586,Neutral
Ozymandias-X,0.8481950435082777,Pro
420weedscopes,0.6195515131517415,Neutral
TaeroL,0.123486795070003,Anti
420938484,0.6901216883941188,Neutral
LeMuchacho,0.836895078186681,Pro
thebokehwokeh,0.0496492702567687,Anti
killfluffy,0.00564644322965,Anti
anchoritt,0.5610320156719711,Neutral
p3tch,0.30208158688532,Neutral
Wiechu,0.928415987967633,Pro
lurking_reading,0.0553450174796854,Anti
Searcher101,0.2537618483944824,Neutral
stankbucket,0.710292495729075,Neutral
Xaq820,0.602602268589255,Neutral
Whackow88,0.3849126370438609,Neutral
nachose,0.550994042904656,Neutral
Skastrik,0.48659863984824236,Neutral
MobiusTrip,0.9959430257441805,Pro
broketm,0.742175516025617,Neutral
anon_2000,0.356359940607841,Neutral
Pebls,0.655160791168724,Neutral
_dillinja,0.499536476509605,Neutral
cuggwy,0.8044611827504253,Pro
samus12345,0.4340482531237157,Neutral
MrSherlockHolmes123,0.696350286045286,Neutral
mlamat,0.5849389437117822,Neutral
ChocolatineForTheWin,0.402620383217758,Neutral
baphometsayshi,0.453839247766932,Neutral
Turst,0.881846392019551,Pro
slartibartfastr,0.9843572241514735,Pro
styzoom,0.2890349597665185,Neutral
distantdrake,0.554059330464504,Neutral
BAD_COMMA,0.4712275836105088,Neutral
zeugma25,0.3605697281352429,Neutral
CGFROSTY,0.5,Neutral
eldet,0.7444078523135791,Neutral
Alpsun,0.990498624006917,Pro
reopye_Fe,0.7609231920183419,Pro
Reddit_Revised,0.146887590454498,Anti
Inventi,0.306209919688897,Neutral
jooranreddit,0.5773774327637105,Neutral
joshthephysicist,0.662261143049186,Neutral
say-it-louder,0.44090143132754245,Neutral
SomeoneHad2FuknSayIt,0.792589765922499,Pro
cykelpedal,0.5712688845993174,Neutral
alexfromla,0.543518157300787,Neutral
Gsfgedgfdgh,0.6148492302999685,Neutral
alizohaibpk,0.463197886891131,Neutral
ahbugdayci,0.395879907275394,Neutral
DeepViolet,0.511161048728843,Neutral
SerPuissance,0.0019352718486642501,Anti
Plain_Bread,0.5354929920457326,Neutral
real_arnog,0.28634292731515,Neutral
badwaifu,0.454433181684434,Neutral
Xyriel,0.268236320348543,Neutral
tpn86,0.8517157527267647,Pro
creamyfrog,0.407284223457086,Neutral
Kharos,0.5599787004105881,Neutral
justbubble,0.649419339715366,Neutral
cmpxchg8b,0.388615528414194,Neutral
Gonzanic,0.5446732203936505,Neutral
starkmatic,0.48142269999979526,Neutral
man774,0.49666296242965824,Neutral
nanoakron,0.5716437430181569,Neutral
CornishCucumber,0.2282107244494013,Anti
mrandish,0.3898400875077444,Neutral
SonOfAhuraMazda,0.720145943678923,Neutral
NoxiousFlatulence,0.797144110755633,Pro
zalmer,0.990999934534847,Pro
iNstein,0.998116468100729,Pro
ib_thinkin,0.7135900173756338,Neutral
JamieD86,0.7820878658448458,Pro
weegt,0.1997840598834785,Anti
doogie120673,0.383176339685672,Neutral
Dazza1910,0.668265420989832,Neutral
thedcase,0.359304254587328,Neutral
Art_marx,0.581592226782731,Neutral
IncognitoBadass,0.511527363852509,Neutral
skihutstefan,0.481257889650042,Neutral
graingert,0.390002433673193,Neutral
Doctor_Fritz,0.958387415965944,Pro
sebastiano7789,0.533776610990047,Neutral
Iksf,0.4283384154611952,Neutral
Aqui1us,0.7612040145472885,Pro
JohnMiltonJamesJoyce,0.143109174437109,Anti
CeltySturlson,0.386142687397772,Neutral
kenz0pachi,0.303569232219327,Neutral
coldoil,0.259581393808114,Neutral
Yoma819,0.660105688233654,Neutral
Jim_Jim_Sherew,0.414184020741609,Neutral
YouNeedThesaurus,0.919992531089682,Pro
Sower_of_Discord,0.5925958977245911,Neutral
Graverobber2,0.442284896803059,Neutral
ptoong,0.5675200384317555,Neutral
hougiebear,0.511530506981937,Neutral
EmptyH2,0.12483359845650349,Anti
Bison-Fingers,0.9464402076981,Pro
Davepen,0.8724054340101906,Pro
Olofss,0.662448197969277,Neutral
jasper-fairfax2,0.503170890409517,Neutral
Blaizefed,0.4175774637745095,Neutral
fullmoonwolf1995,0.41176592313583,Neutral
robducky,0.988975949486568,Pro
dellmill,0.461979129403781,Neutral
rob101,0.7216436536951366,Neutral
misterblort,0.70384405384154,Neutral
Doesnt-Comprehend,0.5952909890712771,Neutral
orikote,0.6470360597103509,Neutral
Cuckquean_Clinton,0.768405333414881,Pro
nosleepy,0.6909759812580121,Neutral
Actualprey,0.494781477417373,Neutral
cmLNor,0.337231153456015,Neutral
chronicallyDankrupt,0.33343807825606064,Neutral
GodisDead2016,0.682493885136099,Neutral
greensparklers,0.3999078064174375,Neutral
katievsbubbles,0.36192302673554,Neutral
panzerfan,0.002429688065232,Anti
45_DME,0.5007618107099319,Neutral
1024KBforLife,0.3747528128400042,Neutral
martong93,0.500755742544972,Neutral
Enjoythings,0.485868180874408,Neutral
Balorat,0.970679765601145,Pro
The_Dudeist_Rev,0.610974095455733,Neutral
phetaduck,0.329741478273716,Neutral
spoonofwonder,0.457118483252998,Neutral
meolskopite,0.5847007194143514,Neutral
Ruval,0.3621274048239923,Neutral
Illidanek,0.7675482075548434,Pro
dixadik,0.41276641661241836,Neutral
jax37,0.6426287661257113,Neutral
dreamfin,0.6021357813638394,Neutral
Chernoobyl,0.576964981065933,Neutral
macotom,0.27960865236632,Neutral
Hellfire_Squid,0.631366879085755,Neutral
WolfThawra,0.97930262680751,Pro
Dr_Propofol,0.21807056239232253,Anti
dydas,0.29453131038582026,Neutral
Kurx,0.40740026686268394,Neutral
ABCosmos,0.170583966299013,Anti
edsonmedina,0.602359378502605,Neutral
dHoser,0.143544431837327,Anti
TitaniumDragon,0.6207899886264273,Neutral
RyanCid,0.26206901418528256,Neutral
tripleg,0.516615083072502,Neutral
PenPaperShotgun,0.5,Neutral
Spaceshipable,0.3853004950475975,Neutral
MrGlebkaface,0.6283314251899406,Neutral
hopscotch123,0.371704850321692,Neutral
danzigpetar,0.5767425950774245,Neutral
nidrach,0.7791313099709516,Pro
KrazySteve,0.291828738844874,Neutral
wjt0415,0.785819867331858,Pro
Gunzby,0.875549412365296,Pro
matfinder,0.7915506011954851,Pro
tamhenk,0.5,Neutral
Dr_Richard_Kimble1,0.36982170774189044,Neutral
Nyanburger,0.5084425836922285,Neutral
BerenMiriel,0.10960966648242636,Anti
Bannedfromfun,0.84347650998278,Pro
doge_suchwow,0.5759586328670107,Neutral
baronben666,0.681008327026275,Neutral
justkjfrost,0.319471789537957,Neutral
Bowmance,0.0029945225164335,Anti
torchedEARTH,0.719205288994905,Neutral
Sandzibar,0.6132721157667246,Neutral
R4ndom_Hero,0.3377447604852556,Neutral
SnoreOurse,0.7666843668548554,Pro
Sheeeplet,0.4429297699731275,Neutral
scrubbless,0.6565622459712647,Neutral
Socrate_Disciple,0.49767607188886,Neutral
jaybee,0.5294810751049869,Neutral
PerplexedHypocrite,0.834770736352035,Pro
iqla,0.6914276026295045,Neutral
FarageIAC,0.541233759764578,Neutral
flumpsy,0.996332087860757,Pro
Thirion1,0.3028576715299552,Neutral
rdannin,0.416014114145517,Neutral
bum558,0.0001009223927023,Anti
gocseji,0.47843008007437976,Neutral
Imperia1Wa1ker12,0.447559469195317,Neutral
Starswinwoo,0.987563393088714,Pro
slashfromgunsnroses,0.60669979041373,Neutral
Xilliah,0.719519985580506,Neutral
hErbierFRanz,0.365192993131073,Neutral
scaryfeet11,0.794536861347148,Pro
riseupnet,0.0660812858893648,Anti
Lennylenny111,0.374279070374573,Neutral
Andyh742,0.628364184942562,Neutral
BionicSammich,0.195921341203945,Anti
Zachzodia,0.6911032969956143,Neutral
gunnk,0.590313947831002,Neutral
HayashiRX,0.5,Neutral
cloudstaring,0.634226485345037,Neutral
wyred-sg,0.669809281433375,Neutral
TBFProgrammer,0.5425157078147805,Neutral
innoCO2,0.9038899665430415,Pro
mgrosvenor,0.45528949106627975,Neutral
ShitSandwichOfficial,0.496057828994881,Neutral
feanor-01,0.24540451415808,Anti
vregan,0.7413381081876316,Neutral
Lunchboxxx0,0.947253868592462,Pro
MaevaM,0.45370689577483914,Neutral
mekia553,0.975609751968944,Pro
Almighty_Egg,0.7646169326849,Pro
dijitalbus,0.691241435077028,Neutral
InvestoME,0.119477926674046,Anti
Absulute,0.5191080519772828,Neutral
stewartwalker,0.0293191848806289,Anti
WFOpizza,0.408565345585665,Neutral
terribru_mistake,0.5997707017416548,Neutral
Typhooni,0.695618306571676,Neutral
TastyGravel,0.253824977818773,Neutral
extremesnail,0.58109948875138,Neutral
CuthroatChicken,0.0757468763679429,Anti
Wilkovian,0.24911017220933335,Anti
quellian,0.3269559334524211,Neutral
VladKerensky,0.281101677692206,Neutral
redditsuckmyballs,0.20211754209104676,Anti
odeon63,0.683893901025831,Neutral
kapital_marx,0.3873459053393699,Neutral
generally-speaking,0.828087549236543,Pro
clarenceclown,0.678022536778804,Neutral
kalki_zalgo,0.3656357415851645,Neutral
Cosmic_Colin,0.32607962373147104,Neutral
jonodoesporn,0.450735551661549,Neutral
rorymcinerney,0.150701978127927,Anti
Dhaeron,0.19991694484455694,Anti
Cha8lotte,0.999944290639497,Pro
technicolourbeat,0.447108514065844,Neutral
ollehar,0.303713537234574,Neutral
ali5005,0.4700024742205775,Neutral
artistu,0.0373327816301081,Anti
r3pl4y,0.0781336248453448,Anti
Altavastaaja,0.522645872717341,Neutral
coleman_hawkins,0.7141269162774563,Neutral
Thewavd,0.5665242974272419,Neutral
Atomdude,0.4942361905428294,Neutral
Napim8,0.5618116703484278,Neutral
jeza123,0.44076809425911556,Neutral
nameisforshow,0.31736282675270727,Neutral
nkcx,0.544057641195426,Neutral
Marbanesa,0.2748519289532367,Neutral
istara,0.728572133419738,Neutral
peterfun,0.595644102960031,Neutral
batose,0.283460075974018,Neutral
anony531,0.24524703371013085,Anti
Larakine,0.559288036346019,Neutral
nehlSC,0.985736919198955,Pro
lilysc29,0.816272955722825,Pro
Veronique_dh,0.6606173455701123,Neutral
_____NOPE_____,0.5406682984181385,Neutral
neontiger07,0.433246530029323,Neutral
holomanga,0.6378651204285875,Neutral
feelfreetomockme,0.6007580173072157,Neutral
Revrak,0.52883095950458,Neutral
ZenBerzerker,0.19847246963834,Anti
irishbuckley,0.0241452310116359,Anti
Dusbero,0.375205160468755,Neutral
icorrectpettydetails,0.452563433363116,Neutral
DEADB33F,0.5108998002404885,Neutral
-14k-,0.5,Neutral
Triangowl,0.6477664312861044,Neutral
radi_v,0.558565166902436,Neutral
brexittemp,0.5137444231874972,Neutral
AllTopics16,0.510112098120025,Neutral
DipsetUniversal,0.255992178753509,Neutral
RandomRedditor44,0.5,Neutral
redditRW,0.0556826980958971,Anti
Britzer,0.051232809456614,Anti
saintly_jim,0.6307716300332312,Neutral
Levahet,0.836664974071244,Pro
Chewilewi,0.7245028445018894,Neutral
OppositeFingat,0.678893818874694,Neutral
Menof36go,0.570122551319418,Neutral
Piers-,0.5174786812763591,Neutral
ClubSoda,0.0118014404817464,Anti
TenshiS,0.7416597464025686,Neutral
nationalintern,0.834508188583784,Pro
typonomy,0.594981762681426,Neutral
only1symo,0.5034925726642779,Neutral
onelastcuppa,0.440398348235042,Neutral
Taskl,0.239597476866384,Anti
zeeta321,0.933001114495898,Pro
altobobcat,0.0285776176956956,Anti
Threwawaymyoldacct,0.4560472955725945,Neutral
Mr_McShifty,0.996440642015523,Pro
Rob749s,0.44447615450656325,Neutral
mb240,0.904682306803788,Pro
Syphon2013,0.920694991604602,Pro
TheDrawnSwordofGod,0.5698279352626214,Neutral
MILO234,0.217577979891245,Anti
thekiwifish,0.991532563709528,Pro
Fexxzz,0.2409763544276673,Anti
extratoasty,0.5776528560184114,Neutral
Devlinukr,0.502397933405672,Neutral
fastonflat,0.0100070798716547,Anti
Nicomonni,0.9237302893773306,Pro
Sudokonym,0.4350785811969102,Neutral
lenfer,0.654867991862101,Neutral
HappyEngineer,0.46733087585011873,Neutral
ancientnoise,0.530159620680359,Neutral
SpoonHanded,0.260742037620158,Neutral
aslate,0.47658244282506695,Neutral
wiggycj,0.859668793999682,Pro
BravoBuzzard,0.5425153018178295,Neutral
balanced_view,0.8069582709308023,Pro
sea_of_names,0.5270960520563011,Neutral
xiaozozo,0.0083700824915027,Anti
Ephexion,0.18983233626558377,Anti
DarthOvious,0.46384149091449,Neutral
faygo_sucks,0.733667474143862,Neutral
scratchyNutz,0.5448512505892771,Neutral
bock919,0.20716706526977777,Anti
thegleaker,0.4896979928348311,Neutral
RSQFree,0.37052595423833495,Neutral
icestationzero,0.309177610906683,Neutral
Vindicco,0.45460604803648186,Neutral
Trouve_a_LaFerraille,0.846231388649011,Pro
AMonotoneMan,0.0011537594241567,Anti
T4lw4ra,0.5557976386676718,Neutral
flyinggoatcheese,0.5,Neutral
somewhat_pragmatic,0.3168445462903055,Neutral
ObsessionObsessor,0.831921379197424,Pro
axlxgxn,0.780174561180565,Pro
80386,0.44149554748153025,Neutral
Rice_Daddy,0.154729120388864,Anti
Commander_Ben_Sisko,0.306936394222463,Neutral
Gravys,0.37105752370439093,Neutral
jamesois,0.485723683947543,Neutral
SirHotWings,0.5077848547180553,Neutral
Meritz,0.4733622954273323,Neutral
Narvster,0.593624045008143,Neutral
CHawkeye,0.0798490506102437,Anti
DontBeMoronic,0.5129055727154488,Neutral
kingofeggsandwiches,0.320182408460937,Neutral
privateiron33,0.912703585352249,Pro
HazySteiner,0.782419700709453,Pro
Lambert2191,0.36432596480245866,Neutral
SqueakyKleene359,0.367799562905361,Neutral
physicalbitcoin,0.327884437673087,Neutral
twwp,0.2984408520845914,Neutral
melvinsparkbucket,0.7066370003204465,Neutral
SooFany,0.265553566318383,Neutral
kiersakov,0.5,Neutral
brexit_temp,0.5920597906475338,Neutral
DutchBionaut,0.49947531298757153,Neutral
goodtobealive,0.500811567325932,Neutral
tepadno,0.35980438413008115,Neutral
mk1776,0.933177648050658,Pro
Javerlin,0.6858849914205699,Neutral
withsunglasseson,0.6123166641793435,Neutral
RSmeep13,0.70581461078559,Neutral
MikeinSpain,0.999658237543443,Pro
Bucket_head,0.6230437162392173,Neutral
Naecu55,0.898272965268808,Pro
CornBot76,0.5849406531761965,Neutral
Fantasticxbox,0.40829495197439636,Neutral
bs11htab,0.43757159079056923,Neutral
Chydenius1765,0.18902073841245,Anti
unomie148,0.0125673432030795,Anti
maisfirstrodeo,0.633031403518116,Neutral
sandalsperpendicular,0.992796033804482,Pro
kavihasya,0.0305508514883079,Anti
autourbanbot,0.717027163609064,Neutral
RankBrain,0.760236582561097,Pro
baggyzed,0.310726259281584,Neutral
dmitri14_gmail_com,0.3407845593982741,Neutral
GeneralDisaster,0.5303766407349776,Neutral
sorryaboutlastnight,0.7672108658068924,Pro
power-forever,0.541383809270713,Neutral
Staffy50,0.47631154357214855,Neutral
Rollingpaperlord,0.6590207148200294,Neutral
CrazyTiger9,0.492339144565073,Neutral
tcasalert,0.6864057206728303,Neutral
holonow,0.651106529347122,Neutral
mbt20,0.7414514065442169,Neutral
bmwcruiser,0.452274697896088,Neutral
The_Frown_Inverter,0.5945836588456666,Neutral
notbaduntilthenexwar,0.866433574669646,Pro
rrenauww,0.743853435442352,Neutral
Shamalamadindong,0.696043035667003,Neutral
bigtomatom,0.707644036282108,Neutral
Romulus_Novus,0.34699033182782946,Neutral
anangusp,0.478677968834352,Neutral
MrMehSmeh,0.6000329812651044,Neutral
skipthane,0.5700114891771565,Neutral
DCanon,0.6166866103646884,Neutral
Slayer_One,0.283098122645243,Neutral
clockworkqueen,0.2840591085486441,Neutral
1000ft-Bear,0.41574092287989944,Neutral
-Claymore-,0.5979807650402,Neutral
pandabearak,0.6261636264363116,Neutral
Bender3k_,0.740729495372317,Neutral
T733t0k3r,0.835456919508391,Pro
Tancrox,0.798892020171549,Pro
pete_moss,0.414166174594165,Neutral
Godlike-Vaccine,0.5006668265510805,Neutral
priestachio,0.0008763171891698,Anti
TXteastep007,0.812006059808429,Pro
JediAdjacent,0.91681677885509,Pro
IFoundTheCowLevel,0.4758591989139627,Neutral
itonlymoney,0.362499104185177,Neutral
xoxoxombie,0.47171798832415,Neutral
pillepallepulle,0.156454056373189,Anti
-amiibo-,0.5469976880819942,Neutral
mchenners,0.68789567917055,Neutral
Waleed82,0.865654259017425,Pro
DanCaek,0.663348843065469,Neutral
Big_Wilk,0.820585367995682,Pro
mr-strange,0.4524392604989201,Neutral
DragonDoy777,0.532341905696654,Neutral
Moondoox,0.5154946898139785,Neutral
SleepyIsHappy,0.0396383809087398,Anti
Stanley_T,0.714265102898764,Neutral
nofriendsonlykarma,0.241395015200175,Anti
assonant,0.545105579935873,Neutral
xkcd_transcriber,0.0838465351146313,Anti
DismalRevival,0.498207854947275,Neutral
patrik667,0.44430466895966897,Neutral
Brat-Sampson,0.496546989542863,Neutral
Mazo,0.515025918720901,Neutral
Oshojabe,0.191977860735569,Anti
James_Bartleby,0.37853326307158,Neutral
ProtossTheMan12,0.6400014885494587,Neutral
mutedjam,0.0004655768791079,Anti
Stephen1985,0.233848783021574,Anti
RUN_DA_RIDDIM,0.732122854219231,Neutral
HazaGazaXIII,0.46497526429482,Neutral
afrosia,0.15743574747236516,Anti
aries1980,0.3083758159721212,Neutral
dave_77,0.459309782656076,Neutral
treb0r23,0.29879291271705377,Neutral
2.30498E+11,0.63912590200661,Neutral
LowendLenovo,0.251760468480404,Neutral
Fark88,0.547568201012453,Neutral
YaBoyNick,0.106696753108958,Anti
alexdare8,0.19172728301502,Anti
___TRUMP2016___,0.573717434252807,Neutral
DJ_Khaled_Best,0.261383130561524,Neutral
923840293,0.497646527668345,Neutral
VeryMuchDutch101,0.39527469243856,Neutral
Andreea_Hope,0.32368860913489,Neutral
zeeteekiwi,0.373947345388034,Neutral
drutzix,0.967837850675813,Pro
b4b,0.875466389256249,Pro
pgerhard,0.4670186757062535,Neutral
thonbrocket,0.44735944013412016,Neutral
colensocon1,0.442459013060464,Neutral
zephyrs3,0.5,Neutral
GenBlase,0.5738383388154203,Neutral
mrsuaveoi3,0.5547372518915256,Neutral
Swelling_One,0.294156480703387,Neutral
chuckhoward,0.0046999340683818,Anti
welshwarrior2,0.777973961540055,Pro
lowfields77,0.462655075341238,Neutral
MadNomad_,0.0218696542899502,Anti
hungry_squirrel,0.5341739780590606,Neutral
heinequeen,0.431020907201018,Neutral
wstsdr,0.04082624657622779,Anti
Wassiel,0.285864118614723,Neutral
CallMeJoda,0.17728373815002302,Anti
brexit_temp42,0.489060613756034,Neutral
Chris_stopper,5.76758911204756e-05,Anti
Ithrazel,0.38898245494332,Neutral
bowets,0.6575964507827274,Neutral
enterbadusername,0.57173390239603,Neutral
lordweiner57,0.6059739937770204,Neutral
Veggie_Pandya,0.115646442860148,Anti
SilasLoom,0.290246905087843,Neutral
d_goffy,0.792840106120085,Pro
radikalkarrot,0.5456057427594224,Neutral
shodanx,0.122321576467072,Anti
CMaldoror,0.4996875056484151,Neutral
BirchBehav,0.5781686007031682,Neutral
theodric,0.4718688625191395,Neutral
Texasgradhockeyplyr,0.47937871728799,Neutral
LudzkieScierwo,0.65040264455894,Neutral
profondeur76,0.944484013350783,Pro
psycho1social,0.6412418682705175,Neutral
0xe85250d6,0.694836063333539,Neutral
notLikeMost_,0.4720074784963944,Neutral
rectumRIMMER,0.523407535990779,Neutral
Alberttherandy,0.820226871243153,Pro
summitorother,0.0084804409397188,Anti
Krammn,0.496395526146504,Neutral
GCHQ,0.5,Neutral
tecraMan,0.45034708561416187,Neutral
bubak69,0.4771959020907582,Neutral
2monkeys1coconut,0.899541898982247,Pro
Walrus_Baconn,0.4456578817852762,Neutral
gruffi,0.4880802375680837,Neutral
DiepioFun,0.3904634335931555,Neutral
TEquals,0.29884721964458977,Neutral
MisundaztoodMiller,0.33560851969121325,Neutral
Rude-mechanical,0.21905915085756317,Anti
elhomerduff,0.0979323205326611,Anti
nadanope11,0.2449313192836787,Anti
Blake3456,0.885509486009614,Pro
paulporter99,0.827382417227587,Pro
HWenham,0.5738995887471185,Neutral
spaetzuender,0.6909468474167494,Neutral
bodipanda,0.6217310155561523,Neutral
skr1975,0.575897196721834,Neutral
nessascityblog,0.203376065477553,Anti
firefannie,0.0141575332195918,Anti
IRIEVOLTx,0.625522815314564,Neutral
silince,0.502112370714253,Neutral
cowbutt6,0.3891436038544496,Neutral
SirDeadPuddle,0.3719720625275725,Neutral
Individdy,0.608670480026463,Neutral
trumpi,0.487501988962135,Neutral
PM_ME_HARD_CASH,0.432019056944678,Neutral
Muzzkie,0.127844305279271,Anti
Nouse4livE,0.3864232630078164,Neutral
Dokkan13,0.16133571263210134,Anti
rafxgsy,0.7824680691991827,Pro
Vanster101,0.19299572650896826,Anti
fr4ternity,0.3130817653857796,Neutral
cpt_ballsack,0.11081875848218,Anti
AllisonKhloe6908,0.936427982707484,Pro
Bleg123,0.345582789743654,Neutral
jambox888,0.4459593553036164,Neutral
Blindmouseottawa,0.6753883737573039,Neutral
Zeus_G64,0.5515490759474193,Neutral
naralesca,0.41644666279682063,Neutral
Nurgus,0.5468622928305982,Neutral
MTI001,0.6148006140929877,Neutral
makeybussines,0.41629605883096754,Neutral
stevenfries,0.5101328966210047,Neutral
syphern,0.5,Neutral
ken-doh,0.6527933827999831,Neutral
slava-russia,0.49104128067421,Neutral
theopwildebeeste,0.5729210506726365,Neutral
sinetwo,0.37472724976744304,Neutral
teatree,0.42930147000969954,Neutral
shifty820,0.670920166902704,Neutral
TAFHUC,0.5093375827515596,Neutral
HaggisYaBaw,0.44933011984434074,Neutral
thxsucks,0.5119259014648495,Neutral
Moratamor,0.344484380702946,Neutral
ThatPalmTreeGuy,0.936892050836681,Pro
banana_ooze,0.20912637855253186,Anti
rswallen,0.41817543961762543,Neutral
DukeFlipside,0.0159105373262601,Anti
Luthor_IX,0.4160604614588249,Neutral
ZenProZen,0.4795635171970739,Neutral
Okun0,2.63152480223724e-09,Anti
jakegils,0.5560865896656356,Neutral
Wings-of-Light,0.6631567777364186,Neutral
DrNemo77,0.999583788320157,Pro
MrPoletski,0.5032318146096064,Neutral
dotBombAU,0.5456277704434962,Neutral
TheCompleteMelon,0.999998376870513,Pro
PhiWeaver,0.680879657028041,Neutral
throwaway24562457245,0.0489909775363451,Anti
The4ker,0.4800934279049608,Neutral
Manofur,0.0611997580046478,Anti
BorgDrone,0.49596086502870923,Neutral
returnoftheface,0.9712410961422879,Pro
robertbowerman,0.41631369317495265,Neutral
bubblegum_unicorn,0.5080228759024171,Neutral
LivewareFailure,0.4890092606506402,Neutral
Ultimate_Failure,0.801089772581546,Pro
MasterOfBitcoin,0.72056272299746,Neutral
LostStag,0.685383466336961,Neutral
TwoTailedFox,0.5092682102921857,Neutral
andrejserafim,0.299467303900518,Neutral
chromium_uk,0.426979327632955,Neutral
Istencsaszar,0.940081056895489,Pro
Mikosszan,0.655608309736948,Neutral
GeyzerSoze,0.5510269726608723,Neutral
jeffmann,0.5999883414909915,Neutral
oliver51293,0.55702318690011,Neutral
Arch_0,0.3444622837910325,Neutral
tosser1579,0.6110193409262444,Neutral
A-mad33,0.3382387067579003,Neutral
Waste0fT1me,0.24750120340132348,Anti
151cobez,0.893668181582541,Pro
Douglas0327,0.531372375613181,Neutral
Kevyinus,0.133649256074511,Anti
olly_olly_olly,0.0781345565684679,Anti
Rekadra,0.9354058807599699,Pro
Scrav,0.394809624531986,Neutral
seventwooffsuit,0.47898258445834246,Neutral
Inquitus,0.6549211176901385,Neutral
spedere,0.944361972471147,Pro
Eiriktherod,0.601229262553905,Neutral
baukau2209,0.565576450215544,Neutral
nozzo1,0.557435409794818,Neutral
losing_mike,0.737526352076808,Neutral
sofuca,0.580899474303543,Neutral
ChromeSkull,0.5698414539415587,Neutral
edwardmunster,0.574426259377478,Neutral
SPACKlick,0.377286491079721,Neutral
TheLizardKing123456,0.214734241222655,Anti
jmt293,0.41638983750728165,Neutral
batty3108,0.37695418408409564,Neutral
Yahadreas,0.5871339323609722,Neutral
DPressurise,0.5056462130559117,Neutral
jwd2017,0.54332519490304,Neutral
mm2222,0.571178578798715,Neutral
IDBonjo,0.7484300278747864,Neutral
IIIIIIIIIIlIl,0.903306107157339,Pro
crimsdings,0.730378031488727,Neutral
bondingmoment,0.728234238532881,Neutral
Revelati123,0.29819016441104323,Neutral
IrishBA,0.3347558372584269,Neutral
DawsonFind,0.994598852392505,Pro
the_law_professor,0.14608163156337067,Anti
thatcrookedsmile,0.418773569264709,Neutral
DA15FA0887,0.44108621675259,Neutral
astute_stoat,0.268497829561719,Neutral
_--__,0.22804432025904572,Anti
auraphauna,0.46486040236074155,Neutral
kartoffeln44752,0.404842277397459,Neutral
dork,0.583847717796896,Neutral
Stattlingrad,0.0619459275851347,Anti
swimmedia,0.569224545526319,Neutral
miketow,0.0031990576025999,Anti
ethanbrews,0.0946096129136461,Anti
ghostwhitetabby,0.3394073805144249,Neutral
ernestbrave,0.562550997195753,Neutral
Qualar,0.6669271093242176,Neutral
dracflav,0.620288433134385,Neutral
PlatinumAltaria,0.522222674737826,Neutral
CugeltheClever,0.40706713458615,Neutral
Ellstevo,0.596397554451977,Neutral
mmsood99,0.5647948598619795,Neutral
ForgotMyUmbrella,0.44535556669217724,Neutral
Moncky,0.0085914552427619,Anti
movdev,0.430733567637066,Neutral
JasoonPorter,0.4046160234443315,Neutral
Xzal,0.8768619028205995,Pro
StupidityLives,0.6479626599145168,Neutral
jackoff58,0.654112088195368,Neutral
ddddddj,0.51327407421993,Neutral
eyemindheart,0.3506413375664527,Neutral
boq,0.6039353836870007,Neutral
cedlemo,0.5915816850267226,Neutral
barn606,0.5479627745981996,Neutral
andywade84,0.17895089199077602,Anti
gizmo2501,0.5479079856634549,Neutral
milespc,0.712716339093351,Neutral
veganmua,0.5,Neutral
just2commentU,0.44853859488571934,Neutral
Eldudio2,0.476581291017732,Neutral
Twiggeh1,0.8489811492219718,Pro
BobsquddleFU,0.584423127331542,Neutral
trow_with_the_brow,0.37853326307158,Neutral
mitch1975,0.580231921164838,Neutral
YammothyTimbers,0.474322709689963,Neutral
Seepy_,0.3086141318145764,Neutral
e078120,0.479254175562953,Neutral
Calisthenis,0.23419549395440808,Anti
KingdomsSword,0.391769374622803,Neutral
H4YM4K3RZ,0.5661768927422504,Neutral
ggeeno,0.4738607099621584,Neutral
Orbital-NZ,0.4651188641660759,Neutral
BSscience,0.785657717149183,Pro
Dragonfrost666,0.999874638703095,Pro
SylvesterTurville,0.191152496651238,Anti
Jakeypoos,0.8181688319925141,Pro
Gnarler_NE,0.301529954997438,Neutral
RH0K,0.4379417642369822,Neutral
digitalassassins,0.49769538976536376,Neutral
DasGutYa,0.563565051076271,Neutral
IrishWoW,0.390918040835332,Neutral
samshenanigans,0.308584465118006,Neutral
burnshard,0.6911851652385633,Neutral
fazzajfox,0.0001543047633169,Anti
mitchellmm02,0.5929276502116242,Neutral
boozemaker,0.36266136177874225,Neutral
damnbritney,0.4509921014188415,Neutral
Teskje,0.157194862827939,Anti
Baeward,0.0606428426083359,Anti
jonnyego,0.802734442555951,Pro
Ray57,0.5597272679042216,Neutral
fenikso,0.5746099715528638,Neutral
iSwayz,0.996475995448399,Pro
wgilpin,0.592681044402032,Neutral
kelfrimo,0.65786262637742,Neutral
aspect0121,0.375483074927303,Neutral
maximus_galt,0.42036280953084626,Neutral
prozium_popper,0.603634658970274,Neutral
throwaway11386755,0.4534075801711755,Neutral
Barbed_Wire_Bat,0.6455635972047793,Neutral
zedsrise,0.40474291079880514,Neutral
lewis_,0.697991547127075,Neutral
MKayow,0.821046199656486,Pro
Lroger1,0.3250135630571685,Neutral
PabloPeublo,0.5358660353591845,Neutral
tones2013,0.6536627494911113,Neutral
originalsquad,0.5499841783391031,Neutral
stikonas,0.5353146975873065,Neutral
ai565ai565,0.3791149709330596,Neutral
Ermeter,0.5262555707292383,Neutral
ee3k,0.5284746609377035,Neutral
tyrefire2001,0.5849245350375548,Neutral
Frogboxe,0.341678163548098,Neutral
albireo37,0.59445994662542,Neutral
Ventomaly,0.483772650686524,Neutral
Supermans-penis,0.5011116543659447,Neutral
Bozata1,0.5113053741666305,Neutral
SpaceshotX,0.6615085683948774,Neutral
WannabeeFilmDirector,0.0606919462611866,Anti
crap_punchline,0.614903914055428,Neutral
Padfoot141,0.316360733148244,Neutral
pipeb0mb,0.369653870418334,Neutral
DiggingMan345,0.573920613561419,Neutral
BiglyMAGA,0.5091047589932965,Neutral
Pooheadedboy,0.606891381045596,Neutral
cmdr_tranqi,0.350022972435238,Neutral
bigoldonkey,0.542452059382772,Neutral
Awoo--,0.439614590092011,Neutral
felixderkatz,0.962911940286077,Pro
salteroni,0.45238852229902404,Neutral
Amens,0.6448545134373694,Neutral
m2voice,0.5,Neutral
Core_Contingent,0.609979881940346,Neutral
Gighatec,0.98895773141542,Pro
Carameliser,0.582107365403944,Neutral
j2598,0.36003340878377665,Neutral
baller_chemist,0.710143136397508,Neutral
Neutrino_gambit,0.49650504796848605,Neutral
tonylaponey,0.3541260788874629,Neutral
redhood84,0.32873975785352355,Neutral
pollysimone,0.443843797416722,Neutral
mrblobbby,0.5475170350937708,Neutral
allahu_akbar_boom,0.6597078048489262,Neutral
fudgenugget85,0.548390229111851,Neutral
AzA178,0.0148846104467909,Anti
LukeA256,0.9441777926738635,Pro
ClintonLewinsky,0.502211147211298,Neutral
doubleocherry,0.261450991247812,Neutral
gwtsushi,0.456962808619143,Neutral
gabek2707,0.134761123556581,Anti
PourScorn,0.40122887920403405,Neutral
TIF_Whelm,0.461600827781886,Neutral
pastywhiteracistfuck,0.44207010932036134,Neutral
fleshrott,0.460045553704423,Neutral
k-sci,0.7697174714812136,Pro
Andrewthelord,0.47500483417262557,Neutral
homestretched,0.5309263218182525,Neutral
TheMajesticSwitch,0.8187761724103214,Pro
running_dog,0.820976572273728,Pro
jereeeym,0.569292746460596,Neutral
lasersharkturbo,0.328716483035102,Neutral
onthetown,0.812203542178345,Pro
HeWhoWas,0.0662282557749898,Anti
Elawen,0.330417020438675,Neutral
mankface,0.47320073971115,Neutral
jimjimmany,0.5082930292184626,Neutral
jandemor,0.5880221978558656,Neutral
Mc_washington,0.38454222455827697,Neutral
YB90,0.736310634876635,Neutral
markpba23,0.978790288256602,Pro
hebe1983,5.28074586644342e-12,Anti
trickx1991,0.51353071104281,Neutral
Habaln,0.886989936047281,Pro
matty80,0.528777171329618,Neutral
TheValkier,0.6883425386012615,Neutral
Enthralling_Username,0.4221703961589425,Neutral
LO0O0,0.5985229273831483,Neutral
nunocesardesa,0.1520518308796619,Anti
KODeKarnage,0.5059127963615325,Neutral
HelperBot_,0.216490646581523,Anti
Ash_1888,0.710404702948017,Neutral
hoops2,0.282208919301126,Neutral
moonman543,0.5152842122928285,Neutral
crucial225,0.0199797264645964,Anti
Drumsloot,0.837450073088075,Pro
pataglop,0.437598919763584,Neutral
qdxv,0.4184869995755778,Neutral
catmambo,0.485774010821863,Neutral
TwitterToStreamable,0.635256950142673,Neutral
singularineet,0.40738400863160523,Neutral
Midnight_AnimaI,0.5440213682469537,Neutral
downvote-this-u-cunt,0.4871578253699327,Neutral
santiago_70,0.0608524503284097,Anti
joeflux,0.46905741566451564,Neutral
Corona21,0.4944229151994117,Neutral
RedHeadRedemption93,0.6503752069378311,Neutral
Seyr,0.0408051886182994,Anti
JMG_99,0.408915894105864,Neutral
MuckerUK,0.40299488776648645,Neutral
charizard6377,0.8281906624244012,Pro
Ouabadougou,0.68846827319185,Neutral
Ducatiii,0.686261308113463,Neutral
the1whocares,0.5434515799555397,Neutral
MantisToboggannn,0.294993606767615,Neutral
xzilzalx,0.21654855954649,Anti
samsonx,0.648080624067415,Neutral
bensonhedghog22,0.7652635377038735,Pro
vactomu,0.368558893050388,Neutral
bo3isalright,0.653125222138529,Neutral
Irish_Hangover,0.0148923111576888,Anti
manumax78,0.543742512003642,Neutral
sweetdisposition96,0.6576982816289736,Neutral
GigiBronz,0.43141846738693945,Neutral
Juuzowazowsky,0.709966630324584,Neutral
TheSpicyPablo,0.26723446350428864,Neutral
g_west,0.730865331388087,Neutral
Firestopper69,0.47554000919231953,Neutral
nanonan,0.535358500318684,Neutral
Flyz647,0.379796171558586,Neutral
SurionLagoon,0.386466599556645,Neutral
DailMail_Bot,0.0306738877966579,Anti
coleymoleyroley,0.315613983869908,Neutral
danardif1,0.49931733478924567,Neutral
Argorash,0.6801687344668463,Neutral
Stifla1985,0.6111909878971765,Neutral
christyinblack,0.51641139935978,Neutral
JudgeTouk,0.38913575865805733,Neutral
Molotova,0.4235832631487998,Neutral
kemb0,0.060116649066977425,Anti
lovelyzinnia44,0.2881309667621219,Neutral
Twittzer,0.0616391290378143,Anti
Cspoleta,0.0476488552912776,Anti
meowman5,0.576327997798798,Neutral
WinsfordSal,0.642940325131117,Neutral
kittyhaokah,0.554074080557899,Neutral
JoelTheSuperior,0.2272440785973149,Anti
butwhatisit,0.472289958215256,Neutral
perpetual_C000009A,0.5750074743410081,Neutral
Thatmacca,0.5113115575132102,Neutral
Razzy_FAIL,0.867942416763787,Pro
maneschieter,0.4836019239753375,Neutral
igggle,0.655566238403471,Neutral
The_Growl,0.782804174229177,Pro
zetoady,0.965114033498856,Pro
Mulic,0.950696278398232,Pro
TheExplodingKitten,0.6127501962495933,Neutral
rocket_pork,0.3058928297725445,Neutral
wepkeer,0.055402191402445254,Anti
ChuffHuffer,0.5,Neutral
nesaro,0.3251920749930892,Neutral
Cloudsack,0.647669514229696,Neutral
Mandrake_Muffley,0.862771718512202,Pro
DiHydroMonoxid3,0.20696354675654763,Anti
daveotheque,0.3788158762544648,Neutral
34Mbit,0.48275740956179797,Neutral
l_lecrup,0.27463090713130295,Neutral
t90fan,0.49310732150879544,Neutral
heWhoMostlyOnlyLurks,0.7211421096871204,Neutral
Marrond,0.4806439531874907,Neutral
PastTense1,0.48185718803128896,Neutral
snapczterz,0.0004286335862787,Anti
Ephilates100,0.3246623503540848,Neutral
magzex,0.0510073132502664,Anti
Jethro_Tombs,0.2367446184697114,Anti
survivor___0,0.6060452388385005,Neutral
jsryates,0.6242614798618724,Neutral
denadai1,0.477912802439171,Neutral
rieri,0.527193266814919,Neutral
js928347923874203984,0.881059355187079,Pro
britishben,0.42779192791499704,Neutral
Herzogsteve,0.656095530983051,Neutral
diegocostais79,0.0810024727571387,Anti
remielowik,0.4811519589879108,Neutral
Kevspace2,0.745269334880809,Neutral
notyourdream,0.521106341633821,Neutral
seriously_this,0.524168739489352,Neutral
NorthBritThrowaway,0.34257761719986146,Neutral
supernaturalsecrets,0.485042129658819,Neutral
poopascoopa69,0.945992210101173,Pro
MillDuck7,0.768801460626073,Pro
mruizonlive,0.360847946018775,Neutral
jumble-sale-dude,0.6980340085704755,Neutral
carlosos,0.6470878486340634,Neutral
Ol1BoT,0.35799808512684,Neutral
hobbit_proctologist,0.5241271720422858,Neutral
funkymoves91,0.40276071728020646,Neutral
tddp,0.6724733919671334,Neutral
WhereAllDemHoesAt,0.588919560325329,Neutral
deadlylion55,0.34176964957855,Neutral
PM_ME_YOUR_TOLKIEN,0.3476964875542555,Neutral
HenryCGk,0.4340908177393986,Neutral
AuroxaZurlon,0.467707499940727,Neutral
softmaker,0.056067661693394104,Anti
Obi-Scone,0.500101957883983,Neutral
Baking-Soda,0.435556962416821,Neutral
multiplikator,0.982421829685722,Pro
TheGhostOfMRJames,0.33177155992435103,Neutral
s8nlad,0.134873569599319,Anti
KiG28,0.283979644618372,Neutral
freeivanka,0.801435820605057,Pro
TrainspottingLad,0.43917901309075286,Neutral
Iaradrian,0.578833228193404,Neutral
burnalltheheretics,0.4484007696823541,Neutral
5omeguy,0.468577900336828,Neutral
garyslinger,0.177837951033401,Anti
torquemada1492,0.7185706539965495,Neutral
botle,0.42961726820453333,Neutral
Uneeda_Biscuit,0.423619329097627,Neutral
siskoPasanen,0.520930039647755,Neutral
DanielCapet,0.2691902577351864,Neutral
Leerty,0.36505706553909445,Neutral
Ishmael74,0.04855104892052265,Anti
_Omegaperfecta_,0.6175148641799596,Neutral
Furious_Corgi,0.235158511284332,Anti
King_Pyrrhus,0.26411227946506793,Neutral
DrBarrel,0.434042188480878,Neutral
cunt_in_a_toupee,0.340153916586444,Neutral
Sean_O_Neagan,0.530904376225948,Neutral
Max_Greyson,0.549455644932159,Neutral
Howlsomm,0.311281461960138,Neutral
APoliticsThrowAway,0.532766095932138,Neutral
NGD80,0.42313142321438263,Neutral
fordybrah,0.5652227624948329,Neutral
dianabolwizard,0.3579029616717511,Neutral
DaveChild,0.3801324875467389,Neutral
willworth,0.283310184715462,Neutral
robfurnell,0.612196801157287,Neutral
SmallSubBot,0.218660821164467,Anti
die4codgrimsby,0.63937349947156,Neutral
Civerion,0.5320292598307377,Neutral
bradbull,0.6486764285559115,Neutral
DrKarlKennedy,0.920688997176936,Pro
zulbor,0.6449521702517678,Neutral
gijsdj,0.614666911803928,Neutral
PM_me_an_original_UN,0.3763713210413134,Neutral
MAMGF,0.5012870955266581,Neutral
BigPete224,0.0298753325506377,Anti
JumpCloneX,0.8795313990900534,Pro
phillhb,0.58987608450365,Neutral
TheTerrorDome,0.7799239812550429,Pro
SBHB,0.35982931750474145,Neutral
earle82,0.4026503572746018,Neutral
Sir_Henk,0.0284793041345056,Anti
OnionBallz,0.664956108545629,Neutral
BracktGiraffeBracket,0.787277805046424,Pro
TenuousD,0.911710469532124,Pro
TheRealDaniels,0.1788140730567,Anti
sneakpeekbot,0.27651918972909295,Neutral
murtdoc,0.748372880030043,Neutral
retrodirect,0.6582753134594985,Neutral
bigeek,0.420629177068269,Neutral
OldIlluminati,0.19218286743850443,Anti
pokemon2201,0.608483357695067,Neutral
RollingTorpedo,0.210181072342698,Anti
BenderRodriguez14,0.3144529611156515,Neutral
LadFarquaad,0.000436679456394,Anti
mrtickle666,0.946526739844828,Pro
Muirlimgan,0.651522656772839,Neutral
sancredo,0.24931404739306637,Anti
garbagecanteen,0.6443370687349035,Neutral
themadhatter91,0.5976064041936449,Neutral
Drunk-Si,0.42258011333182,Neutral
Kujiranoai,0.5392735464293418,Neutral
Moushou,0.0448732054316687,Anti
DrMaxMonkey,0.905883007238473,Pro
to_omoimasu,0.34688028999123377,Neutral
slightlysaltysausage,0.4571132980724734,Neutral
nyersss,0.0139221938001343,Anti
brooksy96,0.7776772065618663,Pro
rc1983,0.7470485742289306,Neutral
amuka,0.777319495501969,Pro
maartinho82,0.879654682854777,Pro
_TTYN,0.424184843712172,Neutral
Balldogs,0.5095152955315024,Neutral
avl0,0.5782003159713297,Neutral
jbri3227,0.999942175342102,Pro
GibiMD,0.999652203687125,Pro
Wilkie2701,0.5807976740845535,Neutral
veegib,0.800097903057034,Pro
PhatDuck,0.200845004470132,Anti
Tsuraru,0.723793469630995,Neutral
GnaeusQuintus,0.592870134337244,Neutral
ectoraige,0.321372270649378,Neutral
Adzm00,0.521000155132473,Neutral
Billytwelvethrees,0.5783648481770548,Neutral
scruti,0.994107479236482,Pro
CordialVillain,0.572411911455161,Neutral
PabloDX9,0.5,Neutral
aodhmacsuibhne,0.105996761871304,Anti
Hooray_4_ice_cream,0.127320313439066,Anti
somebodyelse22,0.35883291397208,Neutral
vwjack,0.6765052232808564,Neutral
OslafPSN,0.3671664918371335,Neutral
nebno6,0.608096841004293,Neutral
murdock129,0.659970302181759,Neutral
Edonistic,0.857609566379603,Pro
makemeanairplane,0.41348152948095396,Neutral
Oh_Shiiiiii,0.446920893186645,Neutral
middlemanmark,0.251958228921013,Neutral
Grayson81,0.28323997205005863,Neutral
Hosko,0.3138970809042924,Neutral
Kulack2222,0.745583152403285,Neutral
gereth,0.969507577684309,Pro
himynameisjamie,0.173806242999301,Anti
Areshian,0.662996067104412,Neutral
360_face_palm,0.7464026119247145,Neutral
isyourlisteningbroke,0.607098902039275,Neutral
MyHatGandhi,0.169723264857044,Anti
edyyk,0.5505780229678034,Neutral
based_sheeple,0.681251036090858,Neutral
leoares,0.4493602160862685,Neutral
FirebugRM,0.770894862082376,Pro
tarzanboyo,0.318677556686149,Neutral
Britestoan,0.653919367809882,Neutral
irishsultan,0.2711989693821247,Neutral
MOVai,0.8885829652905496,Pro
K-Mo,0.619419007664276,Neutral
safe_space_for_MAGAs,0.752870498787253,Pro
echolux,0.76452380701212,Pro
d3pd,0.271289517319995,Neutral
IWasHereNowImNot,0.4325947365857803,Neutral
Tinhead85,0.48951693648060235,Neutral
spiderfam,0.3872073139599853,Neutral
Snooky88,0.995269413013025,Pro
Bubbaloosh,0.0068895274369647,Anti
TheXanderp,0.41782533983675785,Neutral
Oooch,0.537800705971351,Neutral
NekroJakub,0.820892379642208,Pro
Saigunx,0.963115738114904,Pro
serendipity_hunter,0.0156767225100536,Anti
harborwolf,0.512429597348123,Neutral
lofty59,0.4360190546959244,Neutral
SzechuanSource,0.764241523665513,Pro
IsuckatGo,0.778311876477672,Pro
pw_is_12345,0.5186250862532041,Neutral
amcoll,0.10877680836718638,Anti
mimiLnc,0.6544793715716681,Neutral
amberlouiseb,0.705736836143718,Neutral
letitrainblue,0.4914941692489436,Neutral
int3r9a1actic,0.4956349103295231,Neutral
Mombo1212,0.719218236978869,Neutral
paulbrock2,0.143629155772355,Anti
enterusername_here_,0.504476100027654,Neutral
EddieMcDowall,0.4989418952875174,Neutral
McPebbster,0.15334621787039426,Anti
rabbitman141,0.2411537720916538,Anti
Squalleke123,0.421653227300705,Neutral
Kynerbyner89,0.2803927009454804,Neutral
faery1804,0.09773277154186184,Anti
Trucidator,0.416355535700204,Neutral
dilesky,0.199396000056031,Anti
RemindMeBot,0.08784722976958804,Anti
StrongPowerhouse,0.49772996540498293,Neutral
Antmax,0.7384859123511095,Neutral
EuroTreasure,0.395594708108805,Neutral
Ethnic_kekistani_4u,0.6148723009728211,Neutral
Jedibeeftrix,0.247191011566472,Anti
gatoStephen,0.3243041502497596,Neutral
Kull_of_Atlantis,0.631362218358918,Neutral
mcwoodsgeek,0.995992749774579,Pro
JustifiedAncient,0.5546671050251465,Neutral
gbolton,0.423829007716982,Neutral
topcat5665,0.526941894226279,Neutral
Gorilla_Moriarty,0.225659324174616,Anti
abrooks693,0.41333124561886003,Neutral
swok1080,0.909004251365455,Pro
CuntVonCunt,0.22985899083805156,Anti
siliconeagle,0.143497361756526,Anti
Auckland345,0.3929646576639165,Neutral
DisparuYT,0.5073960645453027,Neutral
haxx77,0.5630693723378453,Neutral
UntimelyAvocado,0.6699454703174925,Neutral
unentschieden,0.705385971055889,Neutral
geoff97531,0.39205052054893397,Neutral
LordSpectreX,0.602137545601083,Neutral
OnceMoreWithFelines,0.63704962387235,Neutral
stevestevesteve44,0.194223488658269,Anti
rezafanda,0.60528551771256,Neutral
caramba80,0.405669517540493,Neutral
Darzok,0.6579482879024158,Neutral
jonathonjames89,0.5292078930514507,Neutral
rtuck99,0.264437694175061,Neutral
Funfundfunfcig,0.246121211907812,Anti
Shanyi,6.250418563907117e-05,Anti
Peacedude95,0.4671771698658795,Neutral
madlogician,0.18240308690433335,Anti
RSM317,0.184798360227824,Anti
ElQunto,0.4435066368131185,Neutral
allcretansareliars,0.5207873572661939,Neutral
Greyhound_Oisin,0.5908707202788135,Neutral
zahcncam,0.341912239386014,Neutral
LinLeyLin,0.5,Neutral
Sitoshi,0.5553380207138833,Neutral
Nirbhana,0.664605337477297,Neutral
xelah1,4.42298239900656e-05,Anti
tambry,0.280715309773837,Neutral
Scalextr1x,0.6745207363975929,Neutral
Elevate82,0.502677841071648,Neutral
BlinkHawk,0.4058091925500615,Neutral
tristantroup,0.617675080507301,Neutral
Bungle71,0.42522936920636095,Neutral
shionuk,0.856739692497466,Pro
lessnonsensepls,0.04772429249679038,Anti
herewardwakes,0.6308489583924619,Neutral
sofianec,0.0874546084607132,Anti
AdamGo86,0.6658769004583862,Neutral
Thefriendlypsycho,0.161891310177808,Anti
i_am_vkr,0.5069935547087729,Neutral
imguralbumbot,0.30120190892554216,Neutral
vodkasquares,0.600041955941152,Neutral
H0agh,0.4828204799410733,Neutral
squiddygamer,0.4827215161930845,Neutral
Lovetogodown,0.5194969326417856,Neutral
carr87,0.3805969278574485,Neutral
could-of-bot,0.372164161042494,Neutral
Markthelurker,0.0518109524957297,Anti
Diemo,0.49402793637967773,Neutral
paddimac777,0.5514914004917875,Neutral
video_descriptionbot,0.2564587957049669,Neutral
lobortis_laoreet,0.6127401833514395,Neutral
thank_mr_skeltal_bot,0.282898418789402,Neutral
SantaClausIsRealTea,0.780167492626828,Pro
knarkbollen,0.29952506412082647,Neutral
Ninlilizi,0.4603001327025622,Neutral
BurpFarmer,0.501917852409971,Neutral
NewsForThePaperGod,0.49897453402180886,Neutral
glixbit,0.5206462119463315,Neutral
Cepheid,0.0352853569027231,Anti
osterhasi,0.47382549837793486,Neutral
talonrequiresskill,0.512643647376026,Neutral
Agharti,0.7907137692460208,Pro
WikiTextBot,0.26817037844811603,Neutral
Magdal26,0.479534791671629,Neutral
rchytbhtvbtvhtfvgtgb,0.5146568726745183,Neutral
artless_varlot,0.4604585844970395,Neutral
alamo2914,0.5,Neutral
midnightmandog,0.0170654115003309,Anti
AlbaLembas,0.0860814114575987,Anti
PontisPilot,0.606589395702321,Neutral
Godsmark,0.30965822905905344,Neutral
7app3r5,0.7656132995915833,Pro
LaoBa,0.301909072592674,Neutral
SabooUK,6.07805132179469e-07,Anti
wahhagoogoo,0.326285082991923,Neutral
JaxDaxter,0.62699258605165,Neutral
UnidentifiedHomme,0.2368907000918156,Anti
MioMioCola,0.5717415759440405,Neutral
MerryChristmasTed,0.471407160085063,Neutral
SirJohnNipples,0.3404981179617942,Neutral
Dr_Nookeys_paper_boy,0.341453593395723,Neutral
BogStandardObserver,0.28193578290708954,Neutral
charlesmoney123,0.770314778600378,Pro
VirginiaDork,0.0111356540372196,Anti
Extrasauceq,0.534341929931851,Neutral
The_great_him,0.325576489342976,Neutral
BenderdickCrotchsack,0.3087504047567688,Neutral
JlmmyButler,0.526542874737501,Neutral
VanessaB_fanboi,0.4953041858711425,Neutral
splintersailor,0.5062295014779052,Neutral
darthgates,0.29633955658483613,Neutral
Petey-Monster,0.4068624117318811,Neutral
tp33333,0.4677152343577346,Neutral
ewankenobi,0.5448045431598227,Neutral
ViSoRoX,0.4273457600529507,Neutral
iate7pies,0.5643829775196525,Neutral
loicl,0.24822350919687683,Anti
lieses_account,0.5282188569475719,Neutral
AlexologyEU,0.0438649710208586,Anti
Cwillberg,0.3162863238724752,Neutral
froghero2,0.500074656604326,Neutral
doggobotlovesyou,0.705782600865303,Neutral
ThisCatMightCheerYou,0.414231013239632,Neutral
Superkule,0.0013363191788299,Anti
M1A1M1A1,0.389015404214365,Neutral
striker442,0.937749904728187,Pro
coolrunnings_1,0.205188708719498,Anti
DJB31st,0.977161638181686,Pro
TheRainbowTurt1e,0.243715896950241,Anti
Radiocide,0.39319108354272303,Neutral
whichpollsallofthem,0.36999132610856805,Neutral
badboy07,0.4364536681853763,Neutral
CountMordrek,0.5434169367275974,Neutral
SgorGhaibre,0.37748451510294045,Neutral
DuncG,0.23202307553554785,Anti
L43,0.4188521576153061,Neutral
tri_chaconne,0.48528792049972136,Neutral
pad-125,0.10632553198965235,Anti
kristianc,0.478614009426974,Neutral
MussoliniWasAlright,0.943182169288949,Pro
abettereurope,0.527709785515091,Neutral
learn-relearn,0.7027486730406463,Neutral
sentient06,0.5476765964363205,Neutral
testuser228,0.5083741498547029,Neutral
PervyPeanut,0.5,Neutral
louisoft01,0.314971709772359,Neutral
Chef_Fats,0.5046414991906915,Neutral
whatever_23223,0.23817888346140248,Anti
JanusHeimdallr,0.6504747558124789,Neutral
furiousfucktard,0.4452572130884324,Neutral
Liquidsounds,0.4453885663388157,Neutral
CCImposter101,0.3798600333836734,Neutral
Hynauts,0.33080763447059425,Neutral
TheeEssence,0.48896123347182463,Neutral
DrunkANimalFactBot,0.990280817424104,Pro
Xychorius,0.6095050645912207,Neutral
zrowny,0.413855617643984,Neutral
ursath,0.387465768017008,Neutral
FuckSpamBots,0.1110482917547152,Anti
SirBloobALot,0.4090998543537154,Neutral
Leedham96,0.4426053788710037,Neutral
Soldersponge,0.2539462527861014,Neutral
Fabuview,0.0113147523289888,Anti
Asaja,0.23757655201436204,Anti
TaXxER,0.37012952566528085,Neutral
VladimirBlotan,0.387729581419144,Neutral
wigglywigg,0.4425665595068902,Neutral
the_alcoholmanac,0.457080572784018,Neutral
HumphreyHandbag,0.5,Neutral
TheGhostInTheParsnip,0.3565914018380423,Neutral
sevenfiftyfive,0.481568191641879,Neutral
pinelakias,0.507501988313608,Neutral
throwayafoo259,0.60489961002034,Neutral
Hefalumpa,0.5325982297481755,Neutral
TheObjectingPancake,0.341580624430107,Neutral
hishnash,0.5709903948452054,Neutral
Othersideofthemirror,0.4318589604709695,Neutral
Cocospud,0.3168787461055718,Neutral
JogglingDroid,0.816072070146096,Pro
ExplainTheMoodHarm,0.260499558338045,Neutral
Dash------,0.20290805664644815,Anti
Katten_elvis,0.5555355020417079,Neutral
Ben_Prater,0.538669608523726,Neutral
MurderOnToast,0.673600296665945,Neutral
SphericalCod,0.6317922114369138,Neutral
_youtubot_,0.32918061150656297,Neutral
communitycirclejerk,0.718913003412755,Neutral
blastuponsometerries,0.361806275773172,Neutral
kommentatter,0.58227342326912,Neutral
lurker1,0.595837343494371,Neutral
Sordo_The_Greek,0.24485647118012466,Anti
idohaveamightyroar,0.8350307175271617,Pro
Snownova,0.45882567758324705,Neutral
Churchul,0.6479090985308478,Neutral
U5K0,0.5075256474312589,Neutral
WhyDidntYouDoMyJob,0.14657926730676,Anti
neutroncookies2,0.5190489924695292,Neutral
GlobalWobbling,0.6789158000148211,Neutral
Crlne_bot,0.512217581818114,Neutral
Lenderz,0.2535754683834516,Neutral
DassinJoe,0.1777334768340386,Anti
james_smurfy,0.272395627439099,Neutral
flipflopscandal,0.965738415467447,Pro
MechEngSk,0.308106077659035,Neutral
bibou53,0.5246964101949293,Neutral
strzeka,0.48636147926013795,Neutral
uomoLampione,0.220575630565197,Anti
BlueFaustus,0.441660148196934,Neutral
hibbel,0.3813792045878868,Neutral
Nekinej,0.501374052772811,Neutral
Edk667,0.6056782050581231,Neutral
mylovelyhorse101,0.5226332459743335,Neutral
teeheelawrence,0.868203279047211,Pro
AnimalFactsBot,0.580928486087048,Neutral
PandorasPenguin,0.09653147422337784,Anti
ABLAABL,0.266396587742152,Neutral
onthecalls,0.184693620451277,Anti
firdseven,0.48037909721079397,Neutral
rmc,0.38754358665596134,Neutral
Tyrfinn,0.597641110183145,Neutral
gaganaut,0.7837844772011411,Pro
MrMachineryOperator,0.600642174156004,Neutral
nagubal,0.28260821274010534,Neutral
johmue,0.49192097904142307,Neutral
ThaChippa,0.4432208549575244,Neutral
wutawawa,0.752132005478913,Pro
doom-o-matic,0.839081545935414,Pro
Muppet1616,0.5229575316721375,Neutral
lee1whufc,0.587176136549904,Neutral
babou589,0.696350286045286,Neutral
ClickableLinkBot,0.34580893628248494,Neutral
caraelmio,0.574391780014574,Neutral
perkele_bot,0.981432396947122,Pro
Douiret,0.2685826234992011,Neutral
riceputin,0.4503696320257753,Neutral
arx707,0.3561370487919728,Neutral
MistuhG,0.857889402855088,Pro
Ataraxy72,0.343178068868502,Neutral
daddylonglegs74,0.011738049283792702,Anti
mccdph,0.4610513563948044,Neutral
tarquinc9,0.567745600211754,Neutral
FMJoker,0.554792359400355,Neutral
Annonan0,0.231770833904447,Anti
pilgrimofthesnark,0.5637663382310157,Neutral
verlads,0.81936201788784,Pro
ponolan,0.750693271311005,Pro
10inchblackdildo,0.31405579725074134,Neutral
xpug,0.613272756638696,Neutral
RobbyHawkes,0.154762322739462,Anti
BadNerfAgent,0.253346571061164,Neutral
Ryein,0.594795722785129,Neutral
ArcticFenrir,0.2829153377020359,Neutral
home_planet_Allbran,0.3332124369724874,Neutral
mopperkontje,0.3705780419964179,Neutral
hans61,0.6452630500602212,Neutral
KingBooScaresYou,0.28031516899134196,Neutral
generationsnowflake1,0.191270190725038,Anti
Chelecossais,0.42147405753564765,Neutral
0101X01,0.389783226940503,Neutral
Kulgur,0.914837873959395,Pro
davidiko1,0.6226264056405888,Neutral
seedpod02,0.5531675165051616,Neutral
ExorXmas,0.2572793543659807,Neutral
Verystormy,0.445412454337347,Neutral
SpellingTwat,0.5277031785953955,Neutral
haikubot-1911,7.55999662094552e-05,Anti
GoodBot_BadBot,0.012832888809624,Anti
Good_Good_GB_BB,0.666974453031104,Neutral
richJ73,0.4549922380325796,Neutral
scientistthrowaway23,0.5964811668394304,Neutral
Swinship,0.313244103540722,Neutral
SimonJ57,0.400605498046802,Neutral
misanthropoligist,0.003528901331919,Anti
wintrowv,0.288632749973875,Neutral
GavChap,0.55312748136498,Neutral
Vlip,0.6124778073071508,Neutral
Summerfestt,0.8923080897839,Pro
High_Pitch_Eric_,0.768230546196913,Pro
F417H,0.7749052958547863,Pro
Waterboarding4Jesus,0.475328544396087,Neutral
critropolitan,0.1453528450795364,Anti
---AI---,0.6843410396718469,Neutral
DeKrieg,0.4122617673053651,Neutral
CrackCrackPop,0.4127334932462073,Neutral
ilovejesus122,0.548813883023863,Neutral
Should_have_listened,0.41152626687341193,Neutral
john2291,0.37105784453557583,Neutral
I_am_a_haiku_bot,0.507618886465562,Neutral
isaac_08,0.499940139038185,Neutral
very-good-poster,0.537835430913365,Neutral
wordless_thinker,0.03423518564432504,Anti
trevit,0.28257809597850303,Neutral
fatgirlsneedfoodtoo,0.2908731700663924,Neutral
seventhflame,0.40869017866435287,Neutral
shoestringcycle,0.2930386529424988,Neutral
NemesisRouge,0.3840078540499089,Neutral
snailking1985,0.6232026776613723,Neutral
DrunkBomber,0.572083096715787,Neutral
brainburger,0.424098201533578,Neutral
SuperTekkers,0.6522266937802778,Neutral
SnaReCS,0.6305700247083046,Neutral
stubborn_george,0.5,Neutral
calbhachabban,0.559844451306259,Neutral
FishMonkeyDubz,0.38123044434007197,Neutral
SuperpupJack,0.5148985452859582,Neutral
SandyXXIV,0.388757590176097,Neutral
tanvir90,0.755314776238985,Pro
Tidhe,0.425611710191309,Neutral
etuoihgwtohbws,0.608971526403903,Neutral
Ingoiolo,0.43884837310788055,Neutral
Razakel,0.214701039422788,Anti
crazicelt,0.37387506209377885,Neutral
kaankeherre,0.502394965744859,Neutral
Diablo_rojo11,0.566284562150627,Neutral
alejandraberlin,0.923545458608735,Pro
star621,0.7202354563107856,Neutral
zsmg,0.3332662265034495,Neutral
bloofa,0.716559886330658,Neutral
Marilee_Kemp,0.310307335212771,Neutral
occupiedusername,0.4764035955844687,Neutral
logit,0.482300517963107,Neutral
ZeroRyuk,0.3473593471895726,Neutral
BleakRef,0.6050926161952656,Neutral
Wesley_Snides,0.606206345745168,Neutral
Sunny_McJoyride,0.498617403626884,Neutral
Latexsucks,0.606140808203833,Neutral
ze_german_grammarbot,0.676583236200025,Neutral
HansProleman,0.626690018687846,Neutral
cuntychops585,0.6653508345843333,Neutral
deadpool809,0.5568147759267449,Neutral
KommanderKirk,0.583212142610269,Neutral
CriticallyLiberal,0.0782815580815683,Anti
Orson_Welles,0.357779301036848,Neutral
TFFTN,0.315351571659271,Neutral
jawa-80,0.592956527189881,Neutral
wrecker59,0.5003085090100287,Neutral
2meke,0.45930243880675226,Neutral
ThatThugger,0.572702144739761,Neutral
alzheimer-bulimie,0.4256992222907969,Neutral
lorden_152,0.508042275142644,Neutral
pjwils,0.429686726968765,Neutral
magiske,0.52997992272303,Neutral
smors,0.4314181901106133,Neutral
Novocain-Stain,0.176600635193886,Anti
JJKruger,0.40616691835732327,Neutral
passingconcierge,0.3581119523957576,Neutral
34513451345,0.549169152985694,Neutral
JustAnotherRedditGal,0.5328019191328917,Neutral
haiku-testbot,1.55607226427132e-13,Anti
Tanz53,0.854685193229049,Pro
Vyuvarax,0.4396154175114335,Neutral
AT4Y,0.5257344356921612,Neutral
do-ut-des,0.22541631857980385,Anti
gingerbreadxx,0.31516660957740555,Neutral
conscious_organism,0.0218515882692266,Anti
Photze,0.453319492576635,Neutral
Huffers,0.920568887573702,Pro
Respie,0.23323148822597314,Anti
Citizen_of_H,0.41686419412408726,Neutral
Nomad1c25,0.7894084677180645,Pro
AR-Legal,0.35210994314416394,Neutral
Valearx,0.0738223146029026,Anti
britnger,0.5664271854461905,Neutral
otherguynot12,0.241179224291637,Anti
DuplicatesBot,0.3378596086018827,Neutral
silviuriver,0.7010758290144076,Neutral
cowpattymelt,0.5412994549869885,Neutral
derevenus,0.401312885098852,Neutral
no_youre,0.5,Neutral
vesnarin1,0.2792434975592033,Neutral
cretter,0.44976512648479694,Neutral
Hazy_Nights,0.4459365888752645,Neutral
FordTippex,0.388259277111171,Neutral
wilzahh,0.0069057472562066,Anti
HunterGaming,0.0001678745312293,Anti
DrPepper4U,0.5003784977594853,Neutral
Fretlong,0.146204105112196,Anti
drianmcdonald,0.1923467198550456,Anti
ThePaperSolent,0.5287835100169193,Neutral
SothTheSloth,0.7330814793071935,Neutral
KakrafoonKappa,0.5,Neutral
AnthonyForel,0.491837954229447,Neutral
uughwhatever,0.43080306158150233,Neutral
THEYCALLEDME,0.617454257260241,Neutral
TipTipTopKek-NE,0.0565304331010334,Anti
Cheapo-Git,0.5016309768162727,Neutral
jonititan,0.4144528047506798,Neutral
gia2484,0.5,Neutral
Dahdah_Dit,0.4657306580113236,Neutral
yourturpi,0.4202879456119174,Neutral
arffarff,0.124160083934794,Anti
RikWilliams,0.3759724688397822,Neutral
Dokky,0.319953176600716,Neutral
Twas_my_money_Father,0.27825817132701447,Neutral
Gsurhijrsee,0.768714585543873,Pro
pm_me_bellies_789,0.277535224768054,Neutral
flipflopmaster,0.5028075526771504,Neutral
iemploreyou,0.55008933203083,Neutral
toolemeister,0.489102201131872,Neutral
PhonyMustard,0.5601843575264769,Neutral
Op2097,0.440124390733335,Neutral
usufruit,0.027310018054948,Anti
timlumley,0.471082159578298,Neutral
Essexboyz123,0.6677444612772375,Neutral
baxtgypsy,0.370932960290581,Neutral
2tb-of-yiff,0.5967481161310038,Neutral
IofTheThaiGirl,0.39944559695638,Neutral
fuckyoubotspam,0.253945417934047,Neutral
Debenham,0.6798504097313859,Neutral
MiloSaysRelax,0.6736308924735589,Neutral
Fna1,0.298644207458013,Neutral
8eMH83,0.4923741927639927,Neutral
daryldixonkills,0.551847099341102,Neutral
Ellevero,0.928314571261352,Pro
In_My_Own_World,0.5901428991540233,Neutral
themadnun,0.14417917840172656,Anti
Turtlestacker,0.434692197609256,Neutral
GeordiePeoplesFront,0.4863354640646542,Neutral
svatapravda,0.49062291595457874,Neutral
NameOfAction,0.544160333208059,Neutral
StoneBaldDaneBowers,0.6846981358486315,Neutral
never_ever_leave_bee,0.8231452726819709,Pro
SOULJAR,0.0040574359785474,Anti
max_naylor,0.19977818968408517,Anti
afops,0.21259342892221764,Anti
math1985,0.3889943711621108,Neutral
manique29,0.325572468040249,Neutral
TripleA123321,0.642312856507842,Neutral
ReplicantReadingList,0.5277456663586139,Neutral
Mulletan2,0.5928470517716902,Neutral
notunhinged,0.5016685706042107,Neutral
McJock,0.680226227240375,Neutral
approximant,0.480881292290118,Neutral
SpacePiwate,0.5025023680877688,Neutral
tomdeb4,0.372506003188619,Neutral
justinjustinian,0.3294447865829584,Neutral
Agrees_withyou,0.460406852130425,Neutral
RaceChinees,0.5255280183056017,Neutral
novayazemla,0.702467659313713,Neutral
sossige,0.8663418891083815,Pro
rust95,0.738549596225573,Neutral
peathah,0.728175348569492,Neutral
mkassam,0.718969969654476,Neutral
Schorpio,0.36616422096978873,Neutral
elnormous,0.5082388817827579,Neutral
Andinov,0.45698630104854576,Neutral
Uluwatu100,0.436485965367334,Neutral
HawkUK,0.4814805383478706,Neutral
DrChetManley,0.767298301006344,Pro
jonewer,0.3215467362531,Neutral
CommanderJavert,0.0010458730728574,Anti
MrIxolite,0.41070066758200235,Neutral
jjack1310,0.53776580855188,Neutral
cragcrag,0.238612622934549,Anti
My_Thoughts,0.559412319560445,Neutral
rinego,0.739373908142877,Neutral
timbotemon,0.3931320108886409,Neutral
buddha_mountain,0.44940418988822983,Neutral
xXaroundtheworldXx,0.44422046230878526,Neutral
alglesin,0.13967210434458,Anti
logicalmadman,0.5624323670881677,Neutral
lucas2569,0.32576474980455544,Neutral
agile_party,0.2173322864982618,Anti
Belsicose,0.0046672245381359605,Anti
Ringeschtingge,0.0256890412598141,Anti
JohnJayBobo,0.4949392258315733,Neutral
Yesyousillys,0.539201909210002,Neutral
TerrorBanjo,0.0001616755147459,Anti
ethles,0.7164353246415219,Neutral
-Dont_Panic-,0.219736999755085,Anti
gnalp,0.113302379172122,Anti
Sidders1993,0.5017101154570806,Neutral
ChakaBientot,0.832998748481302,Pro
monstermunch81,0.054444611501745,Anti
thelazyreader2015,0.451205600847083,Neutral
skillian,0.3653026374093815,Neutral
roma79,0.917385333025954,Pro
AStupidBloodyYank,0.5064564379840188,Neutral
harpsabu,0.2923152402957355,Neutral
HairyFur,0.5725203936746819,Neutral
zmetz,0.997863800959951,Pro
Pleberal,0.482658165212206,Neutral
Eleglas,0.623418086751834,Neutral
Mossbackhack,0.24596355815810078,Anti
Lguiniez,0.5747579825540327,Neutral
californiarepublik,0.597107529395465,Neutral
AlwaysNowNeverNotMe,0.201048766441603,Anti
brexit_asap,0.7923731349626483,Pro
Alvareez,0.7702562361854459,Pro
Khabarach,0.33876357406113056,Neutral
steveire,0.33319657181264295,Neutral
belfastbiker,0.4568338461395826,Neutral
parralelpancake,0.5978925396160218,Neutral
swiftyfc,0.5385961963881545,Neutral
Rather_Unfortunate,0.530397844195068,Neutral
NewYardbirds,0.27795460228701224,Neutral
zozimusd8,0.4562633505297081,Neutral
stevean2,0.49376286748195136,Neutral
panicky11,0.658270153013256,Neutral
mywarthog,0.6265361752531909,Neutral
gopuppy,0.0862993226974433,Anti
karma-toes,0.336757246723934,Neutral
horrorwood,0.429353465184321,Neutral
test_account90,0.548819063247005,Neutral
coonana,0.564686462955805,Neutral
ui876hwjfj,0.710679232614183,Neutral
11218,0.5715999389055175,Neutral
Searbhreathach3,0.115745310432456,Anti
fedorafluke,0.327567487349628,Neutral
luxurycats,0.34844631943568777,Neutral
Batirko,0.32412844130810253,Neutral
vivaldibot,0.4587762003095609,Neutral
KelDG,0.5878144236058631,Neutral
twinkiac,0.36010659818500507,Neutral
spinicist,0.663792694204113,Neutral
mailmygovNNBot,0.9879890052331503,Pro
friendly-bot,0.7667819964339723,Pro
Tim2100,0.5920046541741272,Neutral
dorkheimer,0.545748037068924,Neutral
RealPOS3000,0.699038588079573,Neutral
dinin70,0.3752522557857149,Neutral
nordielad,0.46523549221718136,Neutral
Commandante_Libtardo,0.747507236914126,Neutral
GrumpyYoungGit,0.5955028272143885,Neutral
Rosstoberfest,0.723459137704401,Neutral
Moving4Motion,0.6192826817196054,Neutral
Azaret,0.463972259064033,Neutral
philosophylines,0.310240334534002,Neutral
titanic2,0.129133047272012,Anti
simplyobsessed,0.3650629702726907,Neutral
LucoBuck,0.4928339913812668,Neutral
Vier_Scar,0.0567126584384146,Anti
caffreb,0.1493103112980215,Anti
jcancelmo,0.375548572874311,Neutral
ShawaddyBeamboy,0.4018216182370147,Neutral
Jojo_isnotunique,0.468440842260067,Neutral
redpossum,0.40900210886702704,Neutral
TwoAndDone,0.5157208296926562,Neutral
Dachsdev,0.5039017636809694,Neutral
anyoldrandomname,0.2912244490541565,Neutral
glasscaked,0.7097660286727323,Neutral
KingKnotts,0.4826892408319905,Neutral
A-4Skyhawk,0.4990266534646167,Neutral
chickenkyiv,0.474432957639091,Neutral
Moocha,0.39660175816906135,Neutral
StrayEnglishman,0.633345269760319,Neutral
robot_overloard,0.116964278831216,Anti
ahemli,0.37679349468279894,Neutral
marshsmellow,0.06433466689258655,Anti
horno46,0.381319683261927,Neutral
Wrongjon,0.829615411531459,Pro
JefferyPolitics,0.0930525190149667,Anti
robotattack,0.5569678875877,Neutral
piplechef,0.646759695397205,Neutral
mpf1000,0.08757079537040205,Anti
porarte,0.920231953317974,Pro
Bobthebedunderer,0.705287009189284,Neutral
Beamerfan67,0.856220436090852,Pro
Awkawardsilence,0.4252825531262925,Neutral
samtheguitarman,0.136031804023673,Anti
bcdfg,0.53955752592087,Neutral
Bargnani6GOD,0.597412438831224,Neutral
NicolasBotCage,0.121784652118148,Anti
Catch22-Maestro,0.5172519326036148,Neutral
carmenbert,0.512616530574865,Neutral
Kaktus_Kontrafaktus,0.380042403732928,Neutral
Nurizeko,0.48304334303981405,Neutral
Bbmelp,0.436681374761541,Neutral
EHEC,0.0338951678341783,Anti
TRVPD00R,0.41682445673172513,Neutral
tasty_dance_fetus,0.4210960063890325,Neutral
xkcd_stats_bot,0.0071942757651694,Anti
jmjj96,0.363704006250777,Neutral
RevNev,0.7294519122511552,Neutral
jamesmalone2007,0.4481521940618901,Neutral
silencer47,0.2954002150062795,Neutral
thinkb42,0.40724426086512,Neutral
ThornyHarp,0.374598184088428,Neutral
sandy-bridge,0.5170216730939688,Neutral
primordial_diety,0.491752913335634,Neutral
intheweehours,0.49143709528733204,Neutral
PbThunder,0.6329048225365805,Neutral
Jupiter178,0.509571415315216,Neutral
Plundermot,0.715515605426631,Neutral
rogerdelc98,0.559449881104661,Neutral
sepulhead,0.38287854680392835,Neutral
Warga5m,0.5426045849778585,Neutral
bchsanta,0.366168777656962,Neutral
tippr,0.638142372768341,Neutral
kiwiwolf41,0.8435671580557029,Pro
derpyro,0.8170642410112683,Pro
Oxidopamine,0.47155506561223354,Neutral
Ppzzzzz,0.2502395051401093,Neutral
Emp149,0.8810051834010485,Pro
WelshThunder,0.980259324818039,Pro
lucrac200,0.6517895742449756,Neutral
Sunman59,0.567202979516099,Neutral
Zcott,0.406819713996828,Neutral
mrtoadums,0.35069863930537404,Neutral
captainfudgenuts,0.5221063433175723,Neutral
hedphuqz,0.4465614998367317,Neutral
44fortyfour44,0.223729059874551,Anti
SweeneyOdd,0.32529741546358204,Neutral
HamburgerNeck,0.814721100234101,Pro
Steakpiegravy,0.933715054923515,Pro
KeepThemmunsOut,0.777217863977634,Pro
Iwillfartinyourface,0.45813464674565,Neutral
Otto_Sump,0.39367917051176887,Neutral
liposdiablos,0.4133901534221971,Neutral
daveosborne66,0.904551203277608,Pro
FTruth,0.5674791185824737,Neutral
adamhdgamertv,0.650537369293569,Neutral
jcruzpoa,0.672700316769181,Neutral
StillwaterBlue,0.4802487795187219,Neutral
CountDooku_,0.759381798585314,Pro
narodon-,0.4721332956757424,Neutral
Coyourh,0.470205550697563,Neutral
louisianadata,0.900263272574411,Pro
gunny47,0.585469462836498,Neutral
leah_amelia,0.4466083540433422,Neutral
red-flamez,0.660332583279816,Neutral
Kosm05,0.4095891348234575,Neutral
BinghamofCornhill,0.40279430311307746,Neutral
andthecircus,0.630012557331666,Neutral
BOTS_RISE_UP,0.902312723315342,Pro
negotiationtable,0.4538680638676457,Neutral
Lord_Kiticus,0.45849626490550693,Neutral
catinthehaat,0.0227181446006949,Anti
Coolnumber11,0.5359557961263467,Neutral
MrG1ngeNmk23,0.3128561389403346,Neutral
-warbler-,0.3781390763035731,Neutral
Qipeki,0.420214275517104,Neutral
jimmyhopkinz,0.663953514615304,Neutral
HalfManHalfKumquat,0.5454520473416223,Neutral
qwebnm258,0.5376640684769433,Neutral
Coppethi,0.4497327791355945,Neutral
ribity_the_frog,0.20449953990529196,Anti
jacksawbridge,0.192960794788067,Anti
Paul-Robbins,0.553751880030118,Neutral
ElmParker,0.5233718418983163,Neutral
Montelieri,2.65198921038745e-06,Anti
fightoffyrdemon,0.529340737670065,Neutral
Anthony_Bigcheese,0.19469215983985,Anti
heartofarabbit,0.40376710687760653,Neutral
Shakey_surgeon,0.585860370641173,Neutral
tkro01,0.7862458231247527,Pro
Meherwan,0.6506398832532486,Neutral
49orth,0.4067574369142603,Neutral
pythonETH,0.5,Neutral
AreYouDeaf,0.5218343325042066,Neutral
swordhand,0.390547934294389,Neutral
orbiting_bass,0.911755150933991,Pro
OldCorpse,0.6516237977074328,Neutral
comrade_d-rusty,0.6984393402045881,Neutral
ockerfa,0.5404135262897573,Neutral
fridge_magnet00,0.519317329712007,Neutral
Pornthrowaway78,0.42280867294550395,Neutral
arkiel,0.4118625449415631,Neutral
aridmax,0.45818585744224916,Neutral
cnaughton898,0.7602238773249735,Pro
Caledonia91,0.37752881178844144,Neutral
ZeubsJ,0.77489324687993,Pro
maffmatic,0.5727600048802545,Neutral
bigmistakebub,0.5618045839127671,Neutral
Ghostpirateship,0.5519126099813825,Neutral
-_orion_-,0.4950329629933238,Neutral
greasy_reesy16,0.6964702836672341,Neutral
dura00,0.5398409809052787,Neutral
fazalmajid,0.0122968777036136,Anti
chordat,0.46142618082780545,Neutral
newbadsmell,0.284367125769359,Neutral
DangNapoleon,0.4134311537556206,Neutral
airsurfer,0.790648417852313,Pro
TruestFacts,0.66235815417193,Neutral
Deamon002,0.29998218782859837,Neutral
RUNLthrowaway,0.4928071005895759,Neutral
zodogt,0.593051053583842,Neutral
codge214,0.4476194673362506,Neutral
PhantomLamb,0.3781860024407954,Neutral
HalfCutHero,0.946554708395431,Pro
Avyroochy,0.6848238111338195,Neutral
MrHiV,0.975070585736543,Pro
quintthemint,0.5947389864652236,Neutral
alternate-source-bot,0.09704977994810723,Anti
Darthwarz,0.78512229380192,Pro
Zwentendorf,0.46043197719990997,Neutral
Teejay1970,0.6978349903576393,Neutral
Willy-Wonker,0.919919006047113,Pro
TaharMiller,0.8676645735022,Pro
dougal83,0.12601312112854515,Anti
bosbcn,0.3457206307476355,Neutral
Grumpassman1,0.6559408207924778,Neutral
DiHydr000,0.21491028385012184,Anti
krishl21_5,0.45742498058252595,Neutral
sulod,0.0560746548433589,Anti
khamiltoe,0.2681124855404522,Neutral
Awbeu,0.5192304825240266,Neutral
fastspinecho,0.34148985311760105,Neutral
AMunns,0.610523358923719,Neutral
Olibaba1987,0.429710196165113,Neutral
GennaX,0.361442095691826,Neutral
GiantBicycle,0.7772653696645854,Pro
absolutskydaddy,0.39521807059698205,Neutral
sjintje,0.13900598077656745,Anti
PORTMANTEAU-BOT,0.07450340271436522,Anti
Frenchbaguette123,0.65253602415374,Neutral
kerstilee,0.3532089914920279,Neutral
gotanewusername,0.5,Neutral
d00biesnacks,0.4446166571018734,Neutral
breadbaker22,0.28930507624322743,Neutral
sistemfishah,0.3723292569696838,Neutral
LazyBeach,0.4588093561723194,Neutral
Keening99,0.387848780553988,Neutral
pelethar,0.0442205169374097,Anti
starkfuture,0.274376758060817,Neutral
Laborwissenschaft,0.5507662221466727,Neutral
ab_ovo_usque_ad_mala,0.41286451591696677,Neutral
HangnailFerguson,0.507881041823602,Neutral
ddelamareuk,0.304721580409015,Neutral
nachtzeit,0.5871595954605465,Neutral
GreyFoxNinjaFan,0.8059549088288197,Pro
takemymoneynow,0.443244762521979,Neutral
fredarnator,0.5552065526793047,Neutral
EEVVEERRYYOONNEE,0.413671034865581,Neutral
zuzko,0.598282598180249,Neutral
Lejaq,0.12881714084936,Anti
JoeTheLegacy,0.561135360584063,Neutral
the_chilean,0.418988084037601,Neutral
SirWiizy,0.8502206268966195,Pro
Redducer,0.44916133651272677,Neutral
I_SHAG_REDHEADS,0.549783640627636,Neutral
madmaximoff,0.7670161033533971,Pro
UndiplomaticInk,0.5018412985871217,Neutral
Toffeemanstan,0.48707411922401744,Neutral
chazwozzaz,0.4899187839412808,Neutral
Thoarxius,0.5290764443618777,Neutral
__Imperator,0.12464850228352034,Anti
s3cr3t_password,0.379010871332996,Neutral
iconicironic,0.23600246179923723,Anti
Jonafridge,0.506746450478946,Neutral
EireTrekkie,0.6489406377455273,Neutral
Darnit_Bot,0.148940730184089,Anti
prastosojo,1.19238967378762e-05,Anti
9TimesOutOf10,0.447610061622105,Neutral
patriotnewsflash,0.5084528153939768,Neutral
suckmenot,0.44708578019209155,Neutral
SufficientCounty,0.3667823078537012,Neutral
tweettranscriberbot,0.3180888679902046,Neutral
mertles,0.4368950839416989,Neutral
MoreEqualPig,0.395056464451087,Neutral
ApprehensiveDeer,0.38050833799385175,Neutral
Schlack,0.4825241704850443,Neutral
ThomasGravesen,0.7925949802712288,Pro
ThisIsNotAnAlias,0.4774622222393223,Neutral
snusmummrik,0.4486171373796621,Neutral
hollantilainen,0.623719938017971,Neutral
97PercentBeef,0.49051479956186333,Neutral
k4ined,0.5807093707245599,Neutral
eenbiertje,0.512983482752588,Neutral
thegayotter,0.5460710101516071,Neutral
Valachi,0.6568711131151085,Neutral
Danksly_McMemesbury,0.891552756982446,Pro
bravetree,0.362680652245756,Neutral
BloodyTurnip,0.5019795073549866,Neutral
dbav18,0.440653611401261,Neutral
MarshalThornton,0.302115020618704,Neutral
EventHorizon202,0.3551460796995303,Neutral
WrongNewspaper,0.443355871248245,Neutral
Jaydwon,0.3767418315787458,Neutral
ExiledByFF,0.374349647062071,Neutral
Cardivio,0.1925338086445412,Anti
mufo0,0.524468257223744,Neutral
tuurrr,0.4882810888739769,Neutral
rickrenny,0.6574139443145487,Neutral
thebaronvongio,0.394205552383198,Neutral
MimiLnca,0.37785013566614906,Neutral
CopperOtter,0.532279591182437,Neutral
everythingiswrong911,0.7244240251679271,Neutral
JustAnHedgie,0.38905458902685475,Neutral
VisionCaster,0.3875567215761829,Neutral
runninginacyclone,0.43765270577919924,Neutral
Bassaar,0.596886073242405,Neutral
Jakdublin,0.6957678156924265,Neutral
mcheshre,0.5527785426809557,Neutral
misken67,0.463649675496975,Neutral
MrMasterplan,0.693827914353004,Neutral
democraticcrazy,0.5419170208320513,Neutral
StreetProof,0.4309593061456564,Neutral
Jonnyrocketm4n,0.6688182100881415,Neutral
EnormeSnor,0.2406884241346691,Anti
epicimagebot,0.984721081377235,Pro
mimic751,0.84782595853485,Pro
jamesgtmoore,0.4757708455814679,Neutral
Upright__Man,0.4360205094948657,Neutral
chloeveng,0.336757246723934,Neutral
Dueseus,0.2753661941193354,Neutral
angrr,0.4918180621529937,Neutral
49MF51SOB,0.791545757325486,Pro
r_dylan,0.299510691310153,Neutral
layconcrete,0.2786956178173292,Neutral
FatFingerHelperBot,0.3025685782716175,Neutral
ProstateTroubles,0.554997020663636,Neutral
felis-parenthesis,0.617335789759586,Neutral
TheGreatAphesis,0.23171093741245116,Anti
kloppatam,0.6231528257994794,Neutral
mrt8pie,0.6180448932116457,Neutral
Kausi420,0.5352744172542035,Neutral
jeremybeadlesfingers,0.43991145544645777,Neutral
robbieluxx,0.623039539482551,Neutral
dutchonegone,0.20929142678989598,Anti
abroes,0.346677731182037,Neutral
pauljsmith4,0.4519835624067975,Neutral
perfectsnowball,0.4212880510458358,Neutral
klebs22,0.291245379879281,Neutral
GaryHarrisEsquire,0.38173995890399925,Neutral
Tedje_en_de_Flikkers,0.270462321869021,Neutral
MortalWombat1988,0.545895729391824,Neutral
RedBranchKnight,0.5848367932077361,Neutral
GotNoCredditFam,0.659679066474526,Neutral
unrepentant_fenian,0.6180672221670703,Neutral
EuroBobSoixante-deux,0.37835153102593955,Neutral
Buffjerkin,0.5345526391197695,Neutral
Ugor,0.17719978610219098,Anti
TweetMirrorBot,0.06091702747638705,Anti
serendipitybot,0.527581278942095,Neutral
nickbob00,0.49498824325313495,Neutral
philip1201,0.41664415328888976,Neutral
joemontagoo,0.261171745612825,Neutral
Tailblue2,0.577539434414459,Neutral
LancelotSlocock,0.5798580633000686,Neutral
hayarms,0.978370523730187,Pro
Spiracle,0.29449247658608324,Neutral
ragewind,0.29527116456190855,Neutral
Piratepantiesniffer,0.681977734889473,Neutral
benasx33,0.435525514692755,Neutral
challenger616,0.720462070120115,Neutral
hrvrd17,0.490856490464197,Neutral
pch-com,0.184468976695087,Anti
yesimamazing,0.900908078501078,Pro
Papamje,0.44771130421957794,Neutral
kkramfors,0.704496939654756,Neutral
kamrancrypto,0.543358612411018,Neutral
Kroxicon,0.4643069056135565,Neutral
ciao444,0.544261434064231,Neutral
velvta,0.504696675627432,Neutral
nuageophone,0.46400507675703273,Neutral
sikknote,0.6672475540789388,Neutral
cementcyclone,0.5554600586236965,Neutral
Sarah2892,0.74983363068059,Neutral
dioderm,0.30677362124014157,Neutral
BambooSound,0.4778283397409155,Neutral
alwayslooking,0.5541403338869845,Neutral
Rockfish555,0.454302557763388,Neutral
sikes23,0.606364316775403,Neutral
mikewo71,0.509636693638763,Neutral
TastesLikeBurning,0.4614965412226371,Neutral
KidTempo,0.3994832023614628,Neutral
TheMyopics,0.5158097609127499,Neutral
Reformedbadger666,0.404008228208555,Neutral
dynty,0.6455632174893712,Neutral
yaqayaqa,0.5161482199926626,Neutral
hourglasseyes,0.627395861772469,Neutral
CnonNaSceach,0.2746562755180599,Neutral
markboynz,0.583218942145765,Neutral
33papers,0.461952582809142,Neutral
Shadician,0.0739317022488372,Anti
simplyknott,0.3093662042185257,Neutral
bencassie,0.7050542041834181,Neutral
ChurchillMyths,0.0621028428997118,Anti
13hungryghosts,0.710014208975685,Neutral
Thatpotatobooty,0.2700621752505715,Neutral
ILikeMapslul,0.924447946703735,Pro
Naosik,0.54603245584186,Neutral
ElChristoph,0.5013618585327873,Neutral
Lolworth,0.6064930330414507,Neutral
Ziggis951,0.5,Neutral
indecentdisclosure,0.558176103059133,Neutral
StefanRistic02,0.524086719196555,Neutral
TheZingaran,0.16841318234551808,Anti
Menial_Icky_Snow,0.7062424300556903,Neutral
ChaosKeeshond,0.940831701006417,Pro
tim_20,0.5493363738850858,Neutral
esmuy,0.769057031027402,Pro
diddlysquatrapop,0.4746773686027626,Neutral
Vitus29,0.85941949610231,Pro
lorcet222,0.6195218404872612,Neutral
nydiana08,0.3456734267784505,Neutral
WhoaItsAFactorial,0.5,Neutral
lesleyYup,0.395451972236092,Neutral
taoofmojo,0.64931409307295,Neutral
ghostintheruins,0.497676454664831,Neutral
pm_me_your_kettle,0.787653194945089,Pro
x_1390_b09_ad-5,0.48924948635200716,Neutral
DoctorBagPhD,0.3421382243241116,Neutral
beefcrispynoodle,0.5534144507170324,Neutral
DerSeb123,0.0241494853167713,Anti
LateChapter,0.5690489671481127,Neutral
CommonMisspellingBot,0.3918604456225424,Neutral
moose3million,0.5409802609776581,Neutral
TweetTranscriber,0.20750502032805154,Anti
learning_on_reddit,0.7419644281584485,Neutral
The_Icy_One,0.3531950866047854,Neutral
PowerSprayer,0.340359977834953,Neutral
ArcticAmoeba51,0.46229325555040973,Neutral
tom275,0.209341749103013,Anti
no_string_bets,0.937303042259895,Pro
DuskLab,0.39605115994759604,Neutral
skylark78,0.810493831945364,Pro
Ghangy,0.411122973955128,Neutral
rezpector123,0.4199494444975313,Neutral
TheQuantumLeviathan,0.384790079429376,Neutral
DreamsCrumbleToDust,0.719282426008013,Neutral
Jax_Is_Bad_Dont_Pick,0.996107560271364,Pro
75962410687,0.413855617643984,Neutral
Snowda,0.4989516206833254,Neutral
90minsoftotaltorture,0.5404340674866005,Neutral
tipodecinta,0.35753077281761647,Neutral
Billyo789,0.8794017163777147,Pro
unpossibleirish,0.44808261744427674,Neutral
DissentingJudgment,0.27415630568754623,Neutral
Out-Of-Context-Bot,0.347777787052832,Neutral
Narwhallmaster,0.46302446006321807,Neutral
HBucket,0.7739104007259494,Pro
CuddlyMonkey1,0.5,Neutral
jester-02,0.437641728758108,Neutral
Ronald-Hapchwarae,0.6919690404479463,Neutral
zaskfield,0.5378111128283725,Neutral
grimr5,0.761195426064435,Pro
TankMarvin,0.852571179505491,Pro
JohnRoads88,0.4565721412904409,Neutral
GlennCoco01,0.305441552684036,Neutral
asaccin,0.540356769569402,Neutral
wetwipesfeelnice,0.22980193500094473,Anti
saktedtaco,0.522912819994983,Neutral
MINIMAN10001,0.515497390914944,Neutral
hellcatmittens,0.6247406906257512,Neutral
dingleberrymcbiscuit,0.100408324088861,Anti
Amnesia2508,0.7539116617197434,Pro
amiriteladyz,0.614875125660473,Neutral
Ulderigipr,0.168090325676487,Anti
NilFhiosAige,0.232149453712636,Anti
Isquashua,0.747924445032652,Neutral
throwawizzle22222,0.255079026406331,Neutral
rolledrick,0.5397252100862231,Neutral
Kee2good4u,0.4962900258865052,Neutral
Bot_Metric,0.6484469755604162,Neutral
BabyfaceH2,0.14710159666381104,Anti
FinalPlant,0.5511464050512586,Neutral
Romanyalta,0.5,Neutral
mrmindful,0.46438569813185937,Neutral
Npr31,0.4809790976172157,Neutral
KEKtheKid,0.638621719627066,Neutral
I_Never_Shitpost,0.48813184736321497,Neutral
my_two_pence,0.3610900162933329,Neutral
joniebee,0.991507667864086,Pro
Wattie69,0.0433721855645919,Anti
Freeky,0.5142374312289384,Neutral
TheYang,0.4620099496175651,Neutral
PM_ME_YOUR_3D_PRINTS,0.706921002059539,Neutral
fiddle_n,0.217766697524642,Anti
Sawadeezer,0.40962247021989784,Neutral
vampnik,0.06909775570300651,Anti
n_farage,0.6712552655186356,Neutral
bland_,0.57246781308044,Neutral
MaxImageBot,0.0037622206244611505,Anti
Wondering_Z,0.6133833691499109,Neutral
DarthRatilis,0.53600111296745,Neutral
fuscator,0.715339356048682,Neutral
Chaosmusic,0.8119157740791014,Pro
JeffDav,0.5020602688347292,Neutral
StuMcAwesome,0.6178839641023295,Neutral
rebootyourbrainstem,0.16171568614524554,Anti
Pastelitomaracucho,0.5319447417476113,Neutral
denisx,0.0009232119426299,Anti
lolatbrexit,0.696350286045286,Neutral
jamirowhaa,0.56966322159551,Neutral
GreedyChocolate,0.5906487727980321,Neutral
ClaudeB60,0.5350184995524189,Neutral
Mad_Maddin,0.8819907658025724,Pro
thedabking123,0.902923187262572,Pro
Lord_Ciar,0.973814316455,Pro
darthasimov,0.719249929377794,Neutral
Moonyooka,0.5,Neutral
TooMuchTImeRearNewb,0.690542498437748,Neutral
ShinSakura,0.706031870418899,Neutral
uqw269f3j0q9o9,0.934476345223253,Pro
contextswitch,0.6042049263565586,Neutral
Psyman2,0.403436893446908,Neutral
S1lm4r1l,0.6270623337207243,Neutral
ScaredPsychology,0.0788123869153636,Anti
NottNott,0.533048858923929,Neutral
Throwaway192325,0.6603828804566446,Neutral
itsalyfestyle,0.5098924844009017,Neutral
bigpapasmurf12,0.53996835257276,Neutral
highlinecoaster,0.7500210674331056,Pro
r1200gs2007,0.5799064870419968,Neutral
IorekHenderson,0.199399187351368,Anti
TheFarage,0.528034678446569,Neutral
DTluvpeepee,0.470445352901836,Neutral
fnarfnarr,0.33744206757865564,Neutral
Fact_chequer,0.38280028356319895,Neutral
shimshammcgraw,0.5245611062733369,Neutral
yubimarcano,0.5,Neutral
artwooo,0.225956340146708,Anti
Sonar114,0.27325255840160273,Neutral
Dragonrar,0.3210149598737041,Neutral
SadderOlderWiser,0.464358835528285,Neutral
Shanashy,0.168673453574994,Anti
HillMadSlide,0.668638839855883,Neutral
badteethbrit,0.253996648823956,Neutral
MacUseless,0.441629718843663,Neutral
irlando-calrissian,0.0097717639254009,Anti
dliodor,0.23430574242258903,Anti
gkjzgkjbclsu,0.33136723977115895,Neutral
kepogata,0.5,Neutral
Oldblokehere,0.5095728034798932,Neutral
donkeyrid3r,0.587434620824726,Neutral
q547,0.36640837511260343,Neutral
Ryann_420,0.6677267105743838,Neutral
Tasgall,0.5156059267136854,Neutral
SysadminGuy123,0.7344139191583067,Neutral
guiri-girl,0.195610386092573,Anti
nosoter,0.523033618233144,Neutral
Godzilla52,0.09364356160430272,Anti
andyrockpt,0.990741133138439,Pro
WalterShitty18,0.496478515624386,Neutral
jenpalex,0.5510983695222176,Neutral
xdrt25,0.592857502055363,Neutral
SeparateImpact4,0.550161249688712,Neutral
sagard,0.34124144747181795,Neutral
willvz1972,0.0013140670361718,Anti
DashEx,0.5037913949739923,Neutral
ashleyation,0.38417748184574074,Neutral
kirithkor,0.6653989948117512,Neutral
RobGoose79,0.219114995513091,Anti
TomppaTom,0.4831162439426094,Neutral
nikgreenuk,0.950037266123118,Pro
31april,0.4782939964451205,Neutral
keyetty,0.5014725654427945,Neutral
P0L1Z1STENS0HN-X,0.2162385741379155,Anti
HairyGinger89,0.893202412982819,Pro
naw828,0.609478362206225,Neutral
I-AM-PIRATE,0.578298759976823,Neutral
cant_stand,0.381325831350721,Neutral
John3329,0.374151036355939,Neutral
drunkmerlin,0.337371184752687,Neutral
GeneralSteele,0.231378647610994,Anti
animella,0.39765101085967075,Neutral
WonderfulVasectomy,0.574265992993753,Neutral
Neurotic-Kitten,0.256633381357115,Neutral
UK-53rd-state,0.5752291627020569,Neutral
eeeking,0.4124744177197734,Neutral
EvoPsychEdgeLord,0.187414049297515,Anti
drogue-chute1,0.5882362639714327,Neutral
slackeruk,0.6106214399353119,Neutral
Daily_Hate_Mail_Bot,0.006008517119563533,Anti
juosukai,0.775908424503519,Pro
newtype2099,0.935851150524717,Pro
cheesybits727,0.39079245243500466,Neutral
facebutcher,0.625962469601473,Neutral
makoivis,0.458667710872219,Neutral
bazzinho1977,0.5174961790839986,Neutral
Talmuhdick,0.999446819363689,Pro
watimnotcr8tiv,0.6497882576589612,Neutral
RCG_1012,0.23504303641184468,Anti
myrightbuttock,0.2075264816122312,Anti
jonny_211,0.6044505515381554,Neutral
smashedguitar,0.3139533900354542,Neutral
FrankExchange0fViews,0.5005102941417741,Neutral
Phoenix4404,0.523869579386996,Neutral
BotPaperScissors,0.532814883224094,Neutral
kooPictii,0.6398820505648212,Neutral
Gravehag,0.7576578578088179,Pro
JR9716,0.0572372914636328,Anti
nosemellon,0.287240595695663,Neutral
unicycling_dinosaur,0.174031777534285,Anti
Orngog,0.37906921156321277,Neutral
Mr_McScrooge,0.46922681602248406,Neutral
throwawaymon1,0.600559008317513,Neutral
drcl,0.8216134405512125,Pro
randomcallsign,0.481347600095553,Neutral
Wibble_123,0.5374734433283533,Neutral
heidavey,0.3416865290467106,Neutral
wiktor_b,0.6487279524947884,Neutral
YTubeInfoBot,0.06824960614445587,Anti
_ovidius,0.8191635457974847,Pro
Sir_SpankalotUK,0.2369161235334855,Anti
themoops89,0.6206752905111907,Neutral
Arsewipes,0.301468634646875,Neutral
Chuck_Norris_Jokebot,0.21736435493102838,Anti
Karbage,0.4744992749730565,Neutral
tr1pled,0.0589441009368811,Anti
Onkel24,0.485899101599953,Neutral
StreetTowel,0.0007844922708785,Anti
test98,0.497383288090986,Neutral
DonManuel,0.713072127670382,Neutral
pastapicture,0.661773835520464,Neutral
MisspellingIsOkay,0.06567782914217146,Anti
drfusterenstein,0.520266901853268,Neutral
ZebidyAndIrony,0.9083447530848492,Pro
ConsistentWelder,0.40603898640854696,Neutral
Driveby_Dogboy,0.3890895439541305,Neutral
Filmidra,0.526864443549542,Neutral
jackbrux,0.14346305830352568,Anti
Vespertine,0.3796594354895776,Neutral
icomment2feeluseful,0.543729782130671,Neutral
confirmed_silver,0.695989203982111,Neutral
jessesomething,0.264498708394594,Neutral
philipwhiuk,0.592292548068661,Neutral
Gledster,0.104937513392097,Anti
Taika27,0.528717669301235,Neutral
steelcity91,0.6776893736774655,Neutral
GaiusSherlockCaesar,0.5068681649342336,Neutral
Bubbly_Taro,0.6332342006277494,Neutral
Marrfer,0.499940139038185,Neutral
HashtagFixerBot,0.0258656433029082,Anti
Otto303,0.4060050143075369,Neutral
zelandofchocolate,0.503842036464352,Neutral
Scrumble71,0.2853155024497971,Neutral
dogfood666,0.5952765214001856,Neutral
swintonhiro,0.319166154174893,Neutral
kahabbi,0.2945764583875179,Neutral
InsaneGeko,0.3646609912435613,Neutral
mrjamesr,0.540291114386658,Neutral
Budnana,0.401374781327356,Neutral
fuckedbymath,0.580047888094073,Neutral
edmota,0.48528537058592097,Neutral
MooDeeDee,0.629666358906866,Neutral
o0CYV3R0o,0.734637553598912,Neutral
Aurorinezori1,0.299764478822452,Neutral
upstairstraffic,0.369423379684004,Neutral
btbwuh,0.402668923317832,Neutral
umnikos_bots,0.5,Neutral
andyc225,0.131280526200957,Anti
Asriel_1985,0.439394207126982,Neutral
imustrememberthis86,0.530533804267483,Neutral
aimouse,0.3914661784724262,Neutral
much_chum,0.48656341065111286,Neutral
Magic88Balls,0.546988741416548,Neutral
Leonichol,0.1869211257319097,Anti
LittleDickDurbin,0.7802703034765205,Pro
HanDeckard1,0.5552234980706877,Neutral
JIZZING_BRILLIANCE,0.78899018696012,Pro
-Hplan-,0.577174887497923,Neutral
fishy_snack,0.375601603505414,Neutral
nutcracker_sweet,0.5742218761720578,Neutral
noelster,0.621100707629033,Neutral
TVKMarkII,0.3168573195891835,Neutral
nartics,0.3598306678150829,Neutral
MHimo3,0.54163602238117,Neutral
EFerrars,0.3782651056186748,Neutral
swarnie_,0.406938798059301,Neutral
Michael-B_,0.477936841428681,Neutral
dazmond,0.4062783246400839,Neutral
BabbageUK,0.4231888637024338,Neutral
Flakeuk,0.8074290339411277,Pro
karl31296,0.49865039863658056,Neutral
HourPiglet,0.29124076332695314,Neutral
GreatCazzywazzy,0.492239341506476,Neutral
chrisdalott9000,0.7136688930746689,Neutral
rakeshunni,0.57227689492533,Neutral
fuckwatergivemewine,0.53637724005186,Neutral
VegetablePanda,0.899271815174261,Pro
BigLebowskiBot,0.7420624202435626,Neutral
aurumae,0.3509535314204343,Neutral
nandor73,0.35402234756362333,Neutral
Auntfanny,0.34627502025243356,Neutral
sc0toma,0.5050941903641256,Neutral
DonkeyBucket,0.803675866392607,Pro
Dr_Teeth,0.0122141354022425,Anti
let_that_sink_in,0.5926185151988546,Neutral
TekknoGekko,0.7159747849702888,Neutral
Techno-fascism,0.5,Neutral
projectsangheili,0.45899253782025723,Neutral
holy_wakamoly,0.4093036352611495,Neutral
Nonni_T,0.25908817792608974,Neutral
gmfthelp,0.0935284075956852,Anti
Asdam90,0.5268329992830784,Neutral
CaffeineFTW,0.5107309622043172,Neutral
CapucineO,0.6105615400476047,Neutral
Intplmao,0.5,Neutral
trueunknown007,0.5418011496871245,Neutral
Jeroboame,0.579703245365377,Neutral
E-raticProphet,0.814568118225367,Pro
Neighm,0.1596770691022515,Anti
synodnewsflash1,0.388873194819859,Neutral
MeinhofBaader,0.378123041604822,Neutral
petibear,0.4795024315557108,Neutral
frumperino,0.5719848910508872,Neutral
Ignition0,0.5596231130753915,Neutral
BrandonWillis0214,0.5501876930565902,Neutral
MkGlory,0.5856086302282536,Neutral
light_to_shaddow,0.5244564063007083,Neutral
mchugho,0.49091189534286783,Neutral
daniiiiel,0.434737911676076,Neutral
Run_Like_Prometheus,0.27679462610987,Neutral
A_Birde,0.228138791909932,Anti
Chicken-n-Chips,0.6035976270223891,Neutral
WillighagenRBLX,0.335466540299578,Neutral
SandraPence,0.5552173549859126,Neutral
taipeir,0.43573766925544166,Neutral
Milvus-Milvus,0.240491600733658,Anti
RN502,0.252966796711706,Neutral
GazingIntoTheVoid,0.40417064743727166,Neutral
F54280,0.702973981222217,Neutral
herrhalf1house,0.49176095452373836,Neutral
8hadi2,0.5,Neutral
benhadad_II,0.43708416506728953,Neutral
Lumbagogo,0.2537642792025573,Neutral
ponsaelius,0.3202680435367449,Neutral
HouseofPain1,0.274262676499051,Neutral
MrCarcosa,0.754596470751662,Pro
TheMightyFine,0.7599176144070331,Pro
CaesarsCaesarSalad,0.4967623864540025,Neutral
ShroedingersMouse,0.5049206205579357,Neutral
inscrutablechicken,0.46624287287797495,Neutral
dreamer_,0.575292109982969,Neutral
Oellph,0.567785745013076,Neutral
bloodycontrary,0.6125788867385085,Neutral
Can_EU_Not,0.5148711407946874,Neutral
CuckyMcCuckerCuck,0.6758871766178384,Neutral
KDY_ISD,0.504436249179156,Neutral
27th_wonder,0.362724096881195,Neutral
tylersburden,0.694971585075115,Neutral
TheHess,0.2749287392284573,Neutral
ocelto,0.30300001887933936,Neutral
looktothesalmon,0.45772282510781165,Neutral
waterkip,0.4379491633263016,Neutral
AngryFanboy,0.5645762579510296,Neutral
bananalampsalad,0.75117566142301,Pro
KoalaKonArtist,0.34806057993325357,Neutral
TorontoPolarBear,0.573449910150694,Neutral
Kobrakai85,0.45757071366282354,Neutral
ImNoPetGoat,0.4658018439662931,Neutral
JasonVII,0.648405958583611,Neutral
BrokenMind18,0.0932804114721127,Anti
amorphatist,0.4873834382110791,Neutral
Gammon_Javelin,0.4456797708521711,Neutral
OliParkhouse,0.5170716663891227,Neutral
60614,0.538250522133724,Neutral
gottaa,0.24428720064672768,Anti
DenchBoyz10,0.3891634868179967,Neutral
calwnt,0.581779152577659,Neutral
massoflies,0.6541499880527898,Neutral
ProtoplanetaryNebula,0.0439859784939718,Anti
BonoboUK,0.67523229600803,Neutral
baser518,0.663143132715935,Neutral
TheDisapprovingBrit,0.088387749394399,Anti
boxjellyblues,0.4138521139121695,Neutral
Mattboyd2991,0.6749961961759606,Neutral
rulerx,0.412263893972524,Neutral
arrezzo,0.6425912372343954,Neutral
ElliottWaveForesight,0.4795579949404145,Neutral
xmxc,0.807740249421885,Pro
saipanne,0.776918302585384,Pro
Bjorn121_,0.5,Neutral
eljuggy,0.924078146551157,Pro
Pavlolvs_Dog,0.934580834366019,Pro
Bradaz_27,0.41721297913297173,Neutral
AbsoluteMehrheit,0.5126563211569153,Neutral
themedi54,0.5799051137857555,Neutral
zabbel,0.564633585161551,Neutral
GRANDOLEJEBUS,0.443755999366384,Neutral
omegafluxx,0.4754993440065143,Neutral
Torappu-jin,0.4570752500990343,Neutral
AlgoMalissimo,0.4298317237033757,Neutral
Any_username_free,0.5336570538259944,Neutral
SleepAdventurer,0.3910368152169875,Neutral
Muciukas,0.5617872607361857,Neutral
Mattpalmq,0.50240412417863,Neutral
ShitlordX,0.540744643297177,Neutral
999jester999,0.3052374683671536,Neutral
bunnnythor,0.42037326643020784,Neutral
MathboyTedward,0.682037170318872,Neutral
avalidnerd,0.1995882598447084,Anti
Disrobingbean,0.639394086495955,Neutral
ThatHairyGingerGuy,0.21611436052461602,Anti
stuckinavim,0.802414341808277,Pro
Evil_Plankton,0.38840394645833026,Neutral
beingme2001,0.495411983369025,Neutral
Fosgad,0.4926319391443433,Neutral
ManyPractice,0.431240591302926,Neutral
Drunkenmeows,0.23953172464243155,Anti
VadeRetroSatana,0.038478496017899,Anti
BisonAccord,0.46716341008734585,Neutral
BoredNSurfing,0.527708950881105,Neutral
third_and_seneca,0.581172585951471,Neutral
uk-thro-way,0.97703218922622,Pro
HandsomeLakitu,0.67796766561556,Neutral
Todd_Wayne,0.4585020293222155,Neutral
EdBloomKiss,0.127522995108031,Anti
An_talamh,0.421197118540048,Neutral
koveck,0.380861049224511,Neutral
msszenzy,0.5573692641565975,Neutral
TheSewageWrestler,0.902034092753332,Pro
aslusar,0.985124646445655,Pro
TheEarlOfZinger,0.38781379905238,Neutral
SASB46,0.35377466472038854,Neutral
Xeophrix,0.7175849330276813,Neutral
tmx2000,0.347294578166205,Neutral
BlackFalconKing,0.4655907393694303,Neutral
NomadFire,0.607192462579611,Neutral
errarehumanumeww,0.48763817510068397,Neutral
CurmudgeonlyBlaggart,0.818734724273952,Pro
feartrich,0.5,Neutral
StopPostingBadAdvice,0.2889992114693882,Neutral
billtipp,0.42995285083888823,Neutral
Dusty_G,0.4275428251858545,Neutral
Shaodw,0.6635443933306204,Neutral
peterdavies21,0.339981141087467,Neutral
Wegwerfkonto_,0.091952135467262,Anti
darthhayek,0.687055321310006,Neutral
Avalanche994,0.649669775882084,Neutral
platoonpluto,0.976199401559396,Pro
deaglecat,0.4468920663114672,Neutral
Hitchens92,0.46870867898009905,Neutral
drivedup,0.331737898266784,Neutral
DixonJabooty,0.008071643369341,Anti
mort96,0.0877352957023369,Anti
Nossie,0.6152364250570214,Neutral
Development_Engineer,0.868535004177396,Pro
ProfessorDemon,0.8833611953632494,Pro
mossmaal,0.007630429209768578,Anti
spartacus667,0.8015313573013025,Pro
youandmeandyouandyou,0.46943224010417295,Neutral
Rich-fox,0.5016100855781133,Neutral
acsnaara,0.5,Neutral
TheCrowRunsFast,0.528605056552814,Neutral
FunkenDrumble,0.990306812486273,Pro
dbates151,0.0260779965062415,Anti
xBADxMunkyDo,0.6002586116299005,Neutral
austeritygirlone,0.693267446822959,Neutral
Tekuta14,0.5385403003450552,Neutral
DemonKiller1221,0.248020246419758,Anti
Pumbaathebigpig,0.625155554029529,Neutral
pfooh,0.3106696883412085,Neutral
Smoddo,0.26943760460584193,Neutral
Notorious_VSG,0.5195525702443753,Neutral
Silhouette,0.0278377818564698,Anti
Rhesusmonkeydave,0.888670021950504,Pro
mainfingertopwise,0.25730140252188,Neutral
AngloAlbannach,0.0240615554775359,Anti
Hrnek_Bezucha,0.5271030483938962,Neutral
obarnesmorgan,0.584575753760641,Neutral
MobyDobie,0.275350884103842,Neutral
captainnate3rd,0.104264650838344,Anti
The_Duck_of_Flowers,0.3602094727828416,Neutral
Mr_Mistyeye,0.471101620068986,Neutral
Devilsmark,0.4193071769831617,Neutral
RhyminSimonWyman,0.39076918277687855,Neutral
FrayzeeUsa,0.39926034755829803,Neutral
BretHitmanClarke,0.5959122705071663,Neutral
limeytim,0.31057959691223364,Neutral
NoMoreFun4u,0.762447222321438,Pro
Moist1981,0.361421479663127,Neutral
HPB,0.3500556453042847,Neutral
TwentyHundredHours,0.498975132514016,Neutral
WynterRayne,0.5465393602073476,Neutral
TheSaltyToad,0.574607867008395,Neutral
col381,0.080357298043865,Anti
Heknarf,0.4890864867493565,Neutral
kim_jong_one,0.5764283629683161,Neutral
IceFossi,0.0129448827268436,Anti
kiliwizz,0.356003154863041,Neutral
TheWhooshMagnet,0.350486306995856,Neutral
gragassi,0.430152460025342,Neutral
JagerbombsFTW,0.3533950671990323,Neutral
pragmatichuman,0.3626386501579461,Neutral
tonefilm,0.5485500825548775,Neutral
Karaden32,0.626386000161128,Neutral
tacklebox,0.141424694257585,Anti
dsscott,0.3771694278544133,Neutral
JustMy10Bits,0.635109090413759,Neutral
frowaweylad,0.520461295858651,Neutral
CookieCrispr,0.125248799648768,Anti
theharryproject,0.0055370326625716,Anti
notinterestedreally,0.718672027136518,Neutral
multia-z,0.42414154096735,Neutral
tupac_cares_bot,0.652558902207848,Neutral
allhailzod,0.309812206169919,Neutral
codnotasgoodasbf3,0.21375088004569665,Anti
arclight19,0.211252959897956,Anti
connorw98,0.5268252938885145,Neutral
Minamoto-Yoritomo,0.45418765856096543,Neutral
CptBloodyObvious,0.6830962514729905,Neutral
Merciani,0.395911039230381,Neutral
pjr10th,0.587193195192273,Neutral
3iff3l,0.5053205216028205,Neutral
arcadion94,0.07626107670888771,Anti
Andrei-Ilinca,0.708800689489995,Neutral
TeslaApe,0.804214382705087,Pro
havocprim3,0.4602640701490153,Neutral
TheGodBen,0.125762612421894,Anti
Ralph_the_Dude,0.202470292481736,Anti
jfdirfn,0.43209115325737046,Neutral
AmaranthineApocalyps,0.565491166766676,Neutral
NotAPoshTwat,0.3687767011957693,Neutral
kyncani,0.433786697422355,Neutral
ultimatewikibot,0.07399776984157154,Anti
BiohazardCL4,0.6478433739601065,Neutral
danklymemingdexter,0.45953399184038296,Neutral
Mr_White119811,0.586766004658956,Neutral
DegnarOskold,0.829245323334065,Pro
xpoc,0.4710511345322268,Neutral
gsurfer04,0.5350476802910179,Neutral
QUILTBAGs,0.495843451881783,Neutral
wittyusernamefailed,0.7004104121754611,Neutral
neilavery,0.6547244660869164,Neutral
ScreamOfVengeance,0.427231648052207,Neutral
Loki-L,0.5294475815044455,Neutral
firerock68,0.6295985406582006,Neutral
AlwaysOnADeadline,0.7725134767379463,Pro
oj109,0.39545469013809204,Neutral
soupeetwist,0.5683522975233946,Neutral
anshulvj,0.7101694923815496,Neutral
LaCaipirinha,0.3212203651214919,Neutral
3v1n0,0.462692916392175,Neutral
silesians,0.7038103330917237,Neutral
hinchus,0.4861760016262225,Neutral
hoobahabba,0.4030639006946645,Neutral
octavex,0.01875138265426399,Anti
Sanosen,0.5258904844058421,Neutral
baldemort,0.23629908928179633,Anti
gtripwood,0.5281082131130307,Neutral
SimoneNonvelodico,0.403341107257047,Neutral
Hathersham,0.736348986458112,Neutral
BCMM,0.583583523657198,Neutral
slipknut600,0.524746644294887,Neutral
damianvila,0.651092069801152,Neutral
rohit4,0.67923071772262,Neutral
ellveekay,0.461255306289186,Neutral
A_Very_Fat_Elf,0.3103723347183315,Neutral
martian__,0.47781582749486423,Neutral
karma3000,0.4824123382917689,Neutral
solid_russ,0.48033681691353336,Neutral
LTCcowboy,0.714174640451465,Neutral
BananaFactBot,0.5339947887056348,Neutral
kasbla,0.0429367329473709,Anti
EducationalFailure,0.5904240177745277,Neutral
unwind-protect,0.4869007989070463,Neutral
mramigo0,0.5008696017196742,Neutral
DuchessDiana,0.348307880610114,Neutral
NoMoreMisspellingBot,0.68338584176602,Neutral
Abalith,0.4808410239312688,Neutral
_m4a3e8_,0.609372261159023,Neutral
myvoiceismyown,0.5866651817577574,Neutral
A_recidivist,0.7042435677744225,Neutral
LikeABottleOfBeer,0.946793476319324,Pro
IMMAEATYA,0.357205940626385,Neutral
PURPLE_ELECTRUM_BEE,0.4959722321641292,Neutral
Shabataabo,0.731878200650061,Neutral
VirginOnRidiculous,0.42542416518604304,Neutral
Ogurekki,0.572939873378489,Neutral
itsaride,0.143277179707221,Anti
Bobrob223,0.122929938388648,Anti
FaudelCastro,0.6407932417904769,Neutral
ypapgrbo,0.481766483627776,Neutral
mceirseen,0.42040836868757026,Neutral
4materasu92,0.45275991925837145,Neutral
shoopdyshoop,0.23249549852054932,Anti
OctobersVeryOwne,0.479393612560908,Neutral
Aster1on,0.6478535555645053,Neutral
Leard,0.618012319682419,Neutral
tacoor,0.251117043880694,Neutral
zero_iq,0.4218879346594804,Neutral
SkynetEngineer,0.206283329815851,Anti
bananesap,0.5116224100483275,Neutral
GiveMeAPingVasily,0.707910606135217,Neutral
Ecstatic_Context,0.46477616453647,Neutral
Death_Player,0.5350631242635601,Neutral
Scrubnub,0.611461017236819,Neutral
Knifeandfork2,0.6824621474432685,Neutral
quietidiot,0.5471675977329464,Neutral
Fishamatician,0.0643688292115785,Anti
TeodorDim,0.5248017942685705,Neutral
lost_in_uk,0.17417084127657256,Anti
toddler_armageddon,0.4871360567449289,Neutral
KoenQQ,0.33218077773514293,Neutral
ikzeidegek,0.5169089413605376,Neutral
glymph,0.5231362066052369,Neutral
InbredDucks,0.5873728163386355,Neutral
barryoff,0.43628645099554164,Neutral
KrisKat93,0.000200800205501,Anti
timezone_bot,0.24324664161755669,Anti
ismith23,0.3962234053733478,Neutral
AmbassadorMollari,0.264906109931063,Neutral
xlr8bg,0.37321153305949384,Neutral
Not_Now_Train_Bot,0.54068419295058,Neutral
nimbus_boi,0.4625804660584217,Neutral
gmh_upsa,0.0834613795130451,Anti
grey_contrarian,0.48283397223262164,Neutral
Scherazade,0.36305704298210073,Neutral
DarthPummeluff,0.5910378374595078,Neutral
chenthechin,0.46960316078686953,Neutral
kofteburger,0.463817057131151,Neutral
FuriousBen,0.489779718958646,Neutral
Alekazam,0.29035867950101185,Neutral
precedentia,0.3602049654770086,Neutral
longshotdark,0.44424630789968855,Neutral
Alexey_Stakhanov,0.41678086630057226,Neutral
globejedi,0.18639267388095734,Anti
Xalell,0.6335244370493593,Neutral
Arghhh_,0.53309768855574,Neutral
Thotslayer_HP,0.0941244555795593,Anti
DMlab,0.133059491748093,Anti
owenbuch,0.696073438893512,Neutral
SeanDeLierre,0.5976255140482577,Neutral
prdolinosagrahom,0.6065220864274795,Neutral
mizunoyojimbo,0.0323190301146042,Anti
Jncal,0.47754443092304455,Neutral
jackdh,0.3468084776531138,Neutral
DarkDreams_,0.537633996539008,Neutral
fanastril,0.612522085178722,Neutral
airportakal,0.41134821236523006,Neutral
neohellpoet,0.5256772225945271,Neutral
Nethermare,0.5394540331662343,Neutral
real_joke_is_always,0.43554050736241473,Neutral
PM_ME_SLOOTS,0.37636787220596807,Neutral
bibigornot,0.5491440704551017,Neutral
masterdirk,0.26068216260624333,Neutral
OfficialDudeGuy,0.846629188123208,Pro
troululu,0.040973202157083,Anti
antiquebrickabrack,0.5711441517752581,Neutral
Vercixx,0.2907033078122977,Neutral
good-Human_Bot,0.421553495630548,Neutral
good-GHB_Bot,0.400987109560008,Neutral
IterMercator,0.284725148723613,Neutral
savemejebas,0.678404696369594,Neutral
JeanD65,0.5173966895487632,Neutral
dms-audio,0.403576694796352,Neutral
Pergolo,0.12653754839115713,Anti
AlternativeStrain,0.423358020262429,Neutral
chimaeraUndying,0.433166149982704,Neutral
othersidedev,0.831666535037129,Pro
InternationalBee6,0.460572918820671,Neutral
alli_golightly,0.4047090931513639,Neutral
THKent,0.4905739308895914,Neutral
guncontrollaws,0.0424745463804964,Anti
elpa75,0.947971637703607,Pro
territtuk,0.6888092222437113,Neutral
nakedguyinahammock,0.5,Neutral
Murmaider_OP,0.464346723645222,Neutral
Thedonaldr,0.7284664177870949,Neutral
BritainInEurope,0.488570751822916,Neutral
TalentedCarnivore,0.255993236786167,Neutral
3xnope,0.41178336997480813,Neutral
LEVII777,0.4611964324910331,Neutral
Parastract,0.4701548772390783,Neutral
harveywhatdoyousay,0.808560844454247,Pro
willjcollins,0.512768855806866,Neutral
JamesG60,0.5237739147096354,Neutral
jelleslaets,0.5245265663509356,Neutral
cowie71,0.4347338714282715,Neutral
Third_Chelonaut,0.483045889992858,Neutral
LimbRetrieval-Bot,0.9749981692696457,Pro
alicia123189,0.717297457540418,Neutral
t080752,0.41114378892397446,Neutral
105hamr,0.19907597065146,Anti
alienwraith,0.6002509185564173,Neutral
knownerror,0.32967925799355247,Neutral
deniercounter,0.686456593313691,Neutral
MarriedToARussian,0.8296973802383325,Pro
dancorleone88,0.5393838937253371,Neutral
london_in_london,0.150514537112006,Anti
torstenson,0.3812048655198506,Neutral
KetchupLeeches,0.575369967464872,Neutral
grayRayne,0.4634460166848158,Neutral
MaesterWrang,0.367191164923182,Neutral
ThePrequelMemesBot,0.557136159810907,Neutral
TexasFactsBot,0.5763449117115024,Neutral
B0tRank,0.0125814077649129,Anti
SomethingLikethis05,0.49148700074338164,Neutral
Scetis,0.5522627450632861,Neutral
Ma-kupop,0.6186556443853645,Neutral
stween,0.739344649432425,Neutral
monkeysinmypocket,0.5752953659642128,Neutral
JosebaZilarte,0.44459414029732114,Neutral
new1one2,0.527119919953418,Neutral
dddeludedtycoon,0.714824648525798,Neutral
-Sammy-H-,0.3467951585348208,Neutral
MoussakaChaos94,0.580870980185264,Neutral
LowlanDair,0.6551910509922995,Neutral
DirkGentlys_DNA,0.38182080872497753,Neutral
Beardsmane,0.0370680076673938,Anti
fragm,0.3914523713715981,Neutral
iainaqa,0.2622803108041712,Neutral
f4dr,0.599459087001373,Neutral
Mygore,0.35331309426815,Neutral
NotAnotherWidowMain,0.5463510960056703,Neutral
Esafc2016,0.729926870991229,Neutral
babilen5,0.3995213910932972,Neutral
mockingbird1397,0.6229506972830434,Neutral
Ankoku_Teion,0.04952916008576655,Anti
VerdantFuppe,0.14435378523238765,Anti
Ponkers,0.5673213014911485,Neutral
FreIus,0.692735699492145,Neutral
TechnoTriad,0.5862745847976825,Neutral
_FinestJellyBeansRaw,0.5,Neutral
RandySavagePI,0.746461683417578,Neutral
Callum247,0.618676025103645,Neutral
auandi,0.175363550162993,Anti
Riotary,0.602364440128595,Neutral
berbasbullet27,0.5034705735542622,Neutral
thaomen,0.0171097162328756,Anti
R-Slash-Username,0.991989949634138,Pro
tinglfm,0.32897915080392526,Neutral
HenryClaymore,0.499940139038185,Neutral
genericusername724,0.764162368961822,Pro
IrishDon,0.855833440058649,Pro
AMeierFussballgott,0.711708244173004,Neutral
Skurry,0.34316560703760474,Neutral
Vladimir_Chrootin,0.5013580924570901,Neutral
adnams94,0.693092066500073,Neutral
Merion,0.4396794457466132,Neutral
ralfralf100,0.427225066265011,Neutral
exhibitionthree,0.5626867851450386,Neutral
BriniHollywood,0.397125811424526,Neutral
n30_dark,0.29803519928704014,Neutral
Zoom600,0.60648766714787,Neutral
Ophis_UK,0.3272535027888244,Neutral
lapua_magnum,0.4527172807549997,Neutral
tj13nl,0.52737790310375,Neutral
amp-is-watching-you,0.26158823766558154,Neutral
DjFrosthaze,0.7208543481457287,Neutral
a-doal,0.31778448317195124,Neutral
raver48,0.7758577637051525,Pro
LeDblue,0.630954018787487,Neutral
glypha,0.4695020110280801,Neutral
Crabwithachocice,0.4487640501985245,Neutral
fr_hairycake_lynam,0.5608057852850978,Neutral
ReadeGossage,0.5633709408565236,Neutral
Bigmark61,0.603810867093412,Neutral
sbnufc,0.226193282185395,Anti
BullsNotion,0.401312885098852,Neutral
Josquius,0.521366311054649,Neutral
DuckOnAMopedII,0.44871274186508764,Neutral
viimeinen,0.786726657391827,Pro
Valmoer,0.4266781103488009,Neutral
metric_robot,0.470519989169785,Neutral
tombishop85,0.452959033769389,Neutral
Random123442,0.541764816174351,Neutral
amfapuky,0.55562051937028,Neutral
AlexaPlayBot,5.8867828374417296e-05,Anti
bigdonjaytizz,0.49666985543031206,Neutral
Slaeowulf,0.40624378281511797,Neutral
OnEarth2000,0.6434692934992463,Neutral
AgitatedInjury,0.5068768137767719,Neutral
Fridgemagnetman,0.5695089586105248,Neutral
StevenBELGIUM,0.622099231792981,Neutral
jm_13,0.4841037159504244,Neutral
Linkstrikesback,0.50430333785985,Neutral
GoddammitBen,0.832100539137141,Pro
StalinReborn,0.225968029762447,Anti
Wakayama888,0.498453815736732,Neutral
JohnGabin,0.5263580688736,Neutral
uelkamewrybady,0.41002015196713226,Neutral
henninglive,0.44676405972391,Neutral
BumHuntington,0.605689344738066,Neutral
gamerlaw,0.09357871441811086,Anti
FacebookRehostBot,0.0132269442786407,Anti
RenegadeStarr,0.483735333830443,Neutral
jwle,0.5486172761637997,Neutral
simon_sjw,0.489907470178659,Neutral
jaminbob,0.5041403164642334,Neutral
Henamus,0.47457963819946963,Neutral
SweetcornSoup,0.626792227390065,Neutral
Sister-Rhubarb,0.5,Neutral
Everoz,0.6060184597556587,Neutral
cjbev,1.83443399430542e-08,Anti
MiddleCase,0.42827332168736526,Neutral
HewhoBlowsupBabies,0.5280556544275339,Neutral
DrWernerKlopek89,0.5,Neutral
egidijusc,0.5204750827072981,Neutral
jackflash81,0.555079283810061,Neutral
duelmenerd,0.5417793324172545,Neutral
somedude456,0.658777708871334,Neutral
khantzaey,0.815721524003291,Pro
stevvc,0.463409973811886,Neutral
Mr_Sea,0.3485195459332989,Neutral
Hallavast,0.9512753301969,Pro
ladylazarus94,0.451502558965936,Neutral
sidmaster7,0.997262676327936,Pro
BlinkysaurusRex,0.41113403895957745,Neutral
OwainRD,0.4951464752030843,Neutral
WTF-NOT-AGAIN2,0.5290726580187616,Neutral
Squiffyp1,0.45116121223482564,Neutral
karmaray,0.435695409989821,Neutral
ImperatorHeraclius,0.0729073820378471,Anti
barrybulsara,0.4880541508865707,Neutral
notsomaad,0.5144631641245,Neutral
UniqueSnowflake51,0.3095463617394374,Neutral
xoxonicxoxo,0.5618728788375366,Neutral
DiscoUnderpants,0.6556126535130602,Neutral
akaBrotherNature,0.3643561983168422,Neutral
WhyNotCollegeBoard,0.7108009607367416,Neutral
absolovo,0.282604340849024,Neutral
n33g3,0.5071785014279943,Neutral
Slateski,0.5179241837956995,Neutral
salty_cuck,0.5099073633448977,Neutral
Pompeyfandan,0.22759508107128648,Anti
BigMacchia,0.29502983965492424,Neutral
Red_Baron_17,0.617181759406662,Neutral
karenx24s,0.655431680574925,Neutral
drtisk,0.2029834081151319,Anti
Pyewacket69,0.592057698997813,Neutral
coffeels,0.5951867888336488,Neutral
forestferret,0.390502404264752,Neutral
RedditTerminator,0.544554880964343,Neutral
barbarat421,0.555314697975026,Neutral
Ducky181,0.38999785201229153,Neutral
TheBristolOne,0.847151668430233,Pro
Einsteinsdog,0.6822048411738487,Neutral
Hiding_behind_you,0.4457776489436856,Neutral
mracademic,0.5985339070019575,Neutral
betty0v31,0.595717707688523,Neutral
mrBlonde,0.4415449058322775,Neutral
avelsdjur,0.34391866419174716,Neutral
Rayvonuk,0.6607358032392827,Neutral
Different_Simple,0.3321723336640166,Neutral
BringTheRawr,0.6077109809158253,Neutral
SmeggyEgg,0.2706803229472015,Neutral
chris2618,0.5804523372251185,Neutral
KeyLimeJunkie,0.381250251133046,Neutral
felixfurtak,0.27727544988178304,Neutral
Bristol_man,0.5472282887386399,Neutral
Nonal2,0.3726640928053964,Neutral
i_accidently_reddit,0.5175099580406898,Neutral
Swuftyyy,0.7284063882520185,Neutral
Uncle-Robert,0.390597193024197,Neutral
Lollipopfop,0.999956673547616,Pro
Cornicum,0.281648501494288,Neutral
bapheltot,0.707681645682375,Neutral
RecentPersimmon,0.6657969080451612,Neutral
syiil,0.5035242519821586,Neutral
Yaverland,0.7474898550520861,Neutral
softdevintnlt,0.35232020944432624,Neutral
Green1985,0.5166934366401859,Neutral
jedijone,0.685919086466442,Neutral
Rubarack,0.535798931638174,Neutral
nocaph,0.5456584877136814,Neutral
a-random-onion,0.6413553794354834,Neutral
NemTwohands,0.257733484666607,Neutral
conton30,0.365708507184987,Neutral
neversaiddie,0.3012156095728442,Neutral
Aperture45,0.56120384218773,Neutral
johnnyfanta,0.7632895032006389,Pro
matherto,0.6281276706849237,Neutral
HisIsTheWorld,0.508418019200556,Neutral
FinishingEachOthers,0.5796973649466205,Neutral
Invictarian,0.09655410412652254,Anti
hughie-d,0.5662592879232785,Neutral
Gharlie,0.763779045110604,Pro
Squabbey,0.5007499003030198,Neutral
__John__,0.5719582202389409,Neutral
argudrunk,0.788251466087119,Pro
HODLmanHODL,0.5585083478874323,Neutral
nokeechia,0.7019459253931515,Neutral
incidel,0.39801447998925676,Neutral
neckspike,0.398505568097024,Neutral
bufarreti,0.403056005067303,Neutral
Nate--IRL--,0.4219256860462973,Neutral
YouSeeWhereBradAt,0.5819329671108245,Neutral
3rd-wheel,0.387299333350308,Neutral
chrissie_boy,0.44235307014853265,Neutral
Puppysnot,0.418226504635965,Neutral
duegrom,0.774325381715406,Pro
Grimmer87,0.775242313333417,Pro
Astalonte,0.5647172767200638,Neutral
ElectronicTaste,0.4680782909019882,Neutral
Ctlr_Shft_Esc,0.6899618786249625,Neutral
Shy-Talk,0.1402159670052567,Anti
tokenkopf322,0.933672612423341,Pro
genericmutant,0.4119824491174404,Neutral
Penguin_of_evil,0.4500451627139572,Neutral
Tenbar-Off-Nanna,0.997226792649137,Pro
Ascythian,0.6699401608000388,Neutral
Kenny_The_Klever,0.5175092132826115,Neutral
iamseb,0.29189170031378925,Neutral
Scereye,0.6344613953959563,Neutral
aeberharter,0.812489179909967,Pro
coadyj,0.639368512572415,Neutral
essdiem,0.43349373833837224,Neutral
MohandasGandalf,0.348799118681812,Neutral
dswleo,0.691515093754345,Neutral
KeeperOfTheCake,0.7515692330894881,Pro
mat8iou,0.316756923149,Neutral
KeepingItReal-ish,0.546213775199547,Neutral
not_so_magic_8_ball,0.471559611281484,Neutral
moonflower,0.553250222303512,Neutral
212_Van_Dyke_Street,0.44017823476897844,Neutral
AmbitiousSherbet2,0.380091033549725,Neutral
PM__CLIT__4__RATING,0.5692415833845095,Neutral
Rolmbo,0.17466003541251401,Anti
thedunceh,0.6938666005662926,Neutral
LAMSapprovedwheelies,0.121233345935068,Anti
Kyubon,0.496443026310379,Neutral
JewJewHaram,0.5,Neutral
sysmimas,0.41879085231466767,Neutral
HandyLabels,0.674778199845025,Neutral
SkyNightZ,0.22240048478905,Anti
Psychatogatog,0.4998843246282149,Neutral
YungTisinit,0.499833249079257,Neutral
MrMcGill,0.6268519305201394,Neutral
original_sinnerman,0.368748332887712,Neutral
1QCS,0.089812275917168,Anti
Oursurveysays96,0.42123882022015346,Neutral
ChristianTroyy,0.674010085846332,Neutral
Szak4l,0.6236869232453497,Neutral
BeepImRussianBotBeep,0.489637254687457,Neutral
kbgrom,0.5908092978190703,Neutral
King_Meisel,0.5489085001992888,Neutral
mileseypoo,0.661588555234226,Neutral
darlo2k4,0.6433030776311114,Neutral
Nihilist_1,0.45416721994905784,Neutral
exigesDB,0.4919228906818813,Neutral
DaDribbler,0.5256825221970257,Neutral
doubleheman,0.6593203546135736,Neutral
MardyPog,0.5521174738296196,Neutral
Joostvbruggen,0.103511836934317,Anti
PenguinsInTheBeach,0.4236103422021286,Neutral
zebra_d,0.4852559156799431,Neutral
horchard1999,0.442837441419739,Neutral
hremmingar,0.5107515158799081,Neutral
CrinchNflinch,0.465006346961482,Neutral
Turbofurball,0.5002749918294327,Neutral
youwinplayerone,0.5754462206806156,Neutral
FloridaInExile,0.28314075534651173,Neutral
icchifanni,0.47938432877586684,Neutral
xhoneyxs,0.535379004090215,Neutral
joejerryronnie,0.991847582362385,Pro
vuk_sco,0.811785434410086,Pro
skuple,0.46889277458553047,Neutral
botterwattle,0.767456702560558,Pro
U2903,0.596362955777062,Neutral
Katatoniczka,0.5348671434639737,Neutral
LuminalSpoon,0.45184701602405497,Neutral
geoffreyc,0.39007516779276064,Neutral
moon_nicely,0.526932361458393,Neutral
foucki,0.0446396650907721,Anti
marekstopka,0.4498002896095615,Neutral
mishaxz,0.49184951752817324,Neutral
BasTidChiken,0.48718347832370695,Neutral
radioc,0.812337023515362,Pro
Nemlow,0.566202362263781,Neutral
b4k4ni,0.4237057380350497,Neutral
MaliRemorker,0.110337795048574,Anti
chinomaster182,0.450292694823944,Neutral
nyetflix,0.689900658286216,Neutral
scintillating_tomato,0.31692646655621565,Neutral
Homerduff16,0.10881568149905385,Anti
AndyTheBald,0.366277618783582,Neutral
Curzen,0.4725873154071608,Neutral
Zubisou,0.8120493373521543,Pro
KarneeKarnay,0.5779245946795348,Neutral
kawag,0.6280859617687052,Neutral
truenorth00,0.3957477976384852,Neutral
musa-karolia,0.4746878971979343,Neutral
Katharina8,0.2971769331436279,Neutral
okayifimust,0.18894006795835333,Anti
el_weirdo,0.4569008405222014,Neutral
JustBecauseOfThat,0.39339779597428,Neutral
pvt_s_baldrick,0.435722107393693,Neutral
hauntedchippy,0.202470292481737,Anti
XAos13,0.4557794866277811,Neutral
AnOverpricedDowning,0.4718347596545547,Neutral
fiercelyfriendly,0.506535208515379,Neutral
some_sort_of_monkey,0.3505279972023715,Neutral
Wiesenlooser,0.5636536715534782,Neutral
EyeBleachBot,0.32859029562657,Neutral
Link-Help-Bot,0.4932765305366415,Neutral
dankseaofthieves,0.261661868326243,Neutral
hoopparrr759,0.47645101892343233,Neutral
TheCatHasmysock,0.4208081224698003,Neutral
guyfromcologne,0.486920477033643,Neutral
moipwd,0.41030490910598677,Neutral
-ryladine-,0.635478591326948,Neutral
Kotanan,0.4981432977987837,Neutral
fuckmywetsocks,0.6085350993309162,Neutral
ArthurArmstronger,0.4149964467378836,Neutral
Juicepunch,0.303428154818061,Neutral
MrJason005,0.46743288993234977,Neutral
bexitiz,0.6376585737581065,Neutral
BUGBK,0.28183907890384,Neutral
sk4rg,0.263580352539195,Neutral
nazarejpavol,0.679411350837298,Neutral
Boumbap,0.802596470889848,Pro
AverageBubble,0.5258112132080063,Neutral
markkenny,0.5400058829896721,Neutral
Pitcher66,0.841036278049993,Pro
AShortCorpulentPaul,0.687635606806499,Neutral
krsCarrots,0.558292111357167,Neutral
Difficultylevel,0.5638667154022855,Neutral
Cellheim,0.446336207595054,Neutral
FYallyoufckngfuckers,0.4703417463561078,Neutral
Samurai_Quack,0.5763966909933482,Neutral
ShadowAura,0.6387512203600725,Neutral
-Zeppelin-,0.434126738758046,Neutral
sebigboss,0.66219525093998,Neutral
SendNudes1,0.49943851353684693,Neutral
rntylr,0.187666603249627,Anti
Borgmeister,0.39573266329233936,Neutral
maxjnorman,0.404019760705182,Neutral
ay001,0.6872992210532072,Neutral
Parmesan3,0.988067170094071,Pro
AliasHandler,0.107671794460465,Anti
ninjaconor,0.3924115608989756,Neutral
mccharf,0.37657857808589,Neutral
ST-8,0.0590774630631393,Anti
RedditSilverRobot,0.160690727368941,Anti
iupvotemacandcheese,0.5730829293888989,Neutral
a4573637zz,0.737322922674276,Neutral
DrStroopWafel,0.3675122973113415,Neutral
panzercampingwagen,0.401566980571324,Neutral
Steinrik,0.37442001983522427,Neutral
deise69,0.5031576418605618,Neutral
garryonapc,0.763309464047807,Pro
nicforpres,0.693465892004513,Neutral
whycantwealljustget,0.5522374593099093,Neutral
sammypants123,0.41081324783048817,Neutral
zeemeerman2,0.4444399821517941,Neutral
PurpleTeapotOfDoom,0.39817402236756444,Neutral
WannabieLikeHer,0.493063887896152,Neutral
MeeSoOrnery,0.8084788125640747,Pro
chopchop1614,0.35639540406486514,Neutral
Ofbearsandmen,0.4751383922593337,Neutral
madrarua11,0.688300554806964,Neutral
AnFearFada,0.0565063603311764,Anti
Herell1991,0.689490402936689,Neutral
_Finn_G,0.6009761388314867,Neutral
Malkin-H,0.5130868683641167,Neutral
Steven-Toast,0.437747959362388,Neutral
zias_growler,0.07312519935998635,Anti
640TAG,0.558476487734634,Neutral
Comms,0.29003040617776,Neutral
djayci,0.288970729443821,Neutral
smity31,0.44212074059444095,Neutral
BarrieShitpeas,0.379669949379074,Neutral
lillyreidceramics,0.616612995551367,Neutral
batolithic,0.18213735232923395,Anti
Plebn,0.4681200108082396,Neutral
menthol_patient,0.6944139859062355,Neutral
Bandit8310b,0.5256782889030229,Neutral
Pope_Benedict_XVX,0.207549998169433,Anti
wfmk,0.715039517833431,Neutral
MeOulSegosha,0.4976371054943994,Neutral
kitty_o_shea,0.353191159081635,Neutral
neonapple,0.529247113293019,Neutral
GoatsClimbTrees,0.823449985644896,Pro
Snoreoff,0.800669683285095,Pro
UdderSuckage,0.315321892316081,Neutral
irishwolfhound1987,0.5449444197746636,Neutral
Danelaw174,0.522441096479347,Neutral
lilyoneill,0.608957004425428,Neutral
0t6u396,0.999658151332181,Pro
EmBer331,0.40139125333448594,Neutral
Tiostiont,0.51381597575076,Neutral
weedexperts,0.7520487704778823,Pro
Maxdpage,0.378411726165886,Neutral
ema8_88,0.6030206863726127,Neutral
LeocadiaLee,0.4053215063923857,Neutral
EdMan2133,0.48820629614590644,Neutral
Necnill,0.5631155809422389,Neutral
therealh,0.327389871965539,Neutral
Oggie243,0.760772129791902,Pro
Chap_man,0.283457660903316,Neutral
prezvdi,0.5530987433526683,Neutral
andarv,0.5117967034298495,Neutral
Sanchless,0.166859460772766,Anti
Prom000,0.4814197055115208,Neutral
Gorthanator,0.5398010925759014,Neutral
ahothabeth,0.8312562100445124,Pro
OfflerCrocodileGod,0.44479243431906934,Neutral
pacificka,0.179748021058926,Anti
RddtKnws2MchNewAccnt,0.4690636970990688,Neutral
arnhain,0.52841683304578,Neutral
username-valid,3.532193700532e-10,Anti
oriain,0.1716503425811757,Anti
d1x1e1a,0.313542167474208,Neutral
PragmatistAntithesis,0.584011995907867,Neutral
Spinner1975,0.639760816062126,Neutral
lolatheminxx,0.263947837504606,Neutral
why_n0ught,0.345196961451465,Neutral
Psychological_Target,0.37638444781693825,Neutral
rattegg1,0.34459082953107,Neutral
DennisDenuded,0.346265127057366,Neutral
SomeSortOfWiseGuy,0.621684889498728,Neutral
Yipsta,0.0971921993056902,Anti
montyprime,0.35706331461487756,Neutral
gainz74,0.838716622692224,Pro
P3rrin_Aybara,0.692819614819467,Neutral
jdkaw,0.0686048473444404,Anti
ShirazSarah,0.6479807029488276,Neutral
GoodBotBadHuman-,0.421553495630548,Neutral
OneRedBeard,0.522800932376238,Neutral
dabiiii,0.280346441880155,Neutral
Aliwalla3,0.43395420120464057,Neutral
deltakilo75,0.814329568425776,Pro
GormlessGourd55,0.425301072256464,Neutral
iamdog99,0.6206602144780834,Neutral
wis19int19cha19,0.61495321247401,Neutral
LaimMcKenzie,0.5951991145417257,Neutral
tomassotheterrible,0.2741800680049196,Neutral
Dvtera,0.6532713447887449,Neutral
EdgarMatias,0.291539367832203,Neutral
vdodgymix,0.193925607697261,Anti
Wonkerton,0.5201903030546513,Neutral
Tayark,0.43868584132727767,Neutral
dc352,0.390667380487324,Neutral
EggPrata,0.381822662236101,Neutral
doreadthis,0.895867699503603,Pro
Mordecai3FingerBrown,0.46573295361911,Neutral
heartyone,0.4622455886815583,Neutral
FriedLikeEgg,0.237858365159905,Anti
BenKent6,0.463520937031319,Neutral
rinkydinkraggamuffin,0.27882298006066564,Neutral
Rhoderick,0.44115681471265245,Neutral
Max-Battenberg,0.958428952526158,Pro
JohnnyFind,0.544913950294179,Neutral
ContinentalEmpathaur,0.48921331890615943,Neutral
photosoflife,0.4294456023624704,Neutral
APCOP_space101,0.5483928023646547,Neutral
haberdabers,0.587505181416662,Neutral
PaulSkinback00,0.742101728581621,Neutral
EnglishBob71,0.7151959979438582,Neutral
ShooTa666,0.3749453877393455,Neutral
ynobry,0.3484454455759575,Neutral
camco920,0.603772921272821,Neutral
Davidthelad,0.6969249668167977,Neutral
GrandadBarry,0.46750563480015,Neutral
EcksRidgehead,0.4857788387979167,Neutral
daithi1986,0.4165364758028474,Neutral
RoyalHelicopter,0.4280333419354837,Neutral
nononsense89,0.4181606406218014,Neutral
dbj2000,0.833847742786655,Pro
MindiC,0.126294888792951,Anti
ProbablyNotThem,0.819987770992544,Pro
NeutralisetheEarth,0.3536467034334393,Neutral
st0mpeh,0.489094129437952,Neutral
xeon48,0.540486378720572,Neutral
tommy240,0.854629398952608,Pro
Hodors_shaft,0.5932154602448231,Neutral
cesaroncalves,0.430363099991043,Neutral
16901690007,0.413673526667202,Neutral
ModoGrinder,0.6273417643124265,Neutral
WookieDong,0.932904148293533,Pro
ivix,0.4163015138430486,Neutral
MetaBlockers,0.486233917342652,Neutral
OfficerKD6dash3dot7,0.3179662149112666,Neutral
darexinfinity,0.475013725288999,Neutral
freeley,0.6855896830628777,Neutral
Lebowski85,0.5129382014755394,Neutral
heavyarms_,0.3599528329709328,Neutral
DaOnly_S,0.5347960663215873,Neutral
ShotFish,0.967510960725692,Pro
TheLastMgtow,0.251494385205994,Neutral
bristlenose,0.0344368038584405,Anti
ShitpeasCunk,0.2287678514823435,Anti
dfSSPcnS,0.520202503895293,Neutral
wyrednc,0.5042272038075915,Neutral
IrishFlukey,0.49371889130858054,Neutral
Horse192,0.7401633919858205,Neutral
BilboDeD,0.66513723918941,Neutral
zephyroxyl,0.23185773677908977,Anti
pseudonym1066,0.374414307769178,Neutral
tufy1,0.4634995265514019,Neutral
archiekane,0.699248792876874,Neutral
sparked_out,0.447305133023671,Neutral
tiems,0.39523747716851754,Neutral
Redditfrom12,0.758166474241315,Pro
Subslaveuk,0.725885723947546,Neutral
wag123456789,0.7043382329681047,Neutral
Phoenixfir,0.264820270386391,Neutral
like-water,0.0252631067131542,Anti
Chronocifer,0.6542077843675651,Neutral
holisticmusician,0.43780086920934846,Neutral
bewaryoffolly,0.30928991366315184,Neutral
virachoca,0.276398566742055,Neutral
NobblyNobody,0.852395073956703,Pro
PhreakyByNature,0.5760858794889167,Neutral
StadtPeine,0.566192944532191,Neutral
blackmesamama,0.740659788080315,Neutral
Oh_You_Pretty_Thing,0.762283586154096,Pro
furbar82,0.5173029215580724,Neutral
OutofNames2,0.113578887516347,Anti
Johnsacko,0.99467474332707,Pro
Jackadullboy99,0.4705494890453354,Neutral
doot_bot,0.5,Neutral
Verrok,0.42103912750963596,Neutral
LyssabeDamned,0.7835528570970665,Pro
govanfats,0.667464417444422,Neutral
Heart-Break-Kidd,0.879354655807689,Pro
Miroslaw1984,0.9287203217038239,Pro
tsr1981,0.594473773982528,Neutral
facetaxi,0.3795898440472869,Neutral
kmeisthax,0.6013557090723975,Neutral
zappy_32,0.6012229753428879,Neutral
Dawpr,0.670626291888714,Neutral
-MontyPMoneyBags-,0.543496213840297,Neutral
ReverendTimm,0.6778295520522531,Neutral
Luseferous,0.3650918211401425,Neutral
0x44,0.1462348844078443,Anti
EvilCatEmperor,0.698051766440106,Neutral
ronnor56,0.5,Neutral
arsenixa,0.6122442363876787,Neutral
long_legged_twat,0.6984918869691662,Neutral
Reptilian_Freemason,0.5854831873704929,Neutral
DipsyDots,0.710740478398618,Neutral
lickmyfronthole,0.528556953876336,Neutral
kearnc23,0.47351245731275904,Neutral
cazzipropri,0.47082116377529853,Neutral
bigglego1480,0.526807668556864,Neutral
oldhand33,0.277676896503716,Neutral
Roronoa_Franekstein,0.147996582268065,Anti
judgefish,0.299004771082167,Neutral
IDidTheReichstagFire,0.46002096015633853,Neutral
7htw,0.5573017035177414,Neutral
scholesy_1822,0.5655297154297263,Neutral
hash00,0.107973070728322,Anti
lleberg,0.5078526964421587,Neutral
Hal_E_Lujah,0.712479870156324,Neutral
amrakkarma,0.5200188158500112,Neutral
KaidoXXI,0.5,Neutral
Bartsches,0.020949566919800204,Anti
cambskat77,0.464292283889746,Neutral
AndyTron_McBadass,0.815515661227279,Pro
ericadale,0.880028258450129,Pro
michael-streeter,0.152809111677559,Anti
Ochoytnik,0.5061923299796983,Neutral
ITried2,0.564758796769475,Neutral
homendailha,0.9674455353022665,Pro
lowendranger,0.571275132161691,Neutral
effectivamente,0.788724481890114,Pro
cordouroysweatpants,0.489410688842082,Neutral
FunCicada,0.37027850554233005,Neutral
pithy_name,0.4459041742895111,Neutral
Bobbafeck,0.361553717186447,Neutral
taibhseoir,0.573731087263423,Neutral
EsioTrot17,0.7735018793624516,Pro
tremenmendor,0.4033443964089184,Neutral
albion70,0.28474734170764,Neutral
CountVonTroll,4.92330195516687e-06,Anti
jimkilo,0.801710564502009,Pro
18118055,0.5162280461426731,Neutral
ratski0,0.5074643928358,Neutral
Whoopsiedaisyoops,0.45646002086930104,Neutral
Shamasta441,0.367447014562011,Neutral
Wazdakka,0.24481011735766764,Anti
Wonnebrocken,0.5149106824605225,Neutral
EatCickenKfcManager,0.88893323098452,Pro
MXgus,0.375545520649048,Neutral
brennybobs,0.5107217978773466,Neutral
barryvm,0.17323364130596175,Anti
justabloke22,0.3800892802584171,Neutral
DesertHoboObiWan,0.5950001823130593,Neutral
saulmod,0.7919581685224859,Pro
livingthedream1010,0.5047233826215011,Neutral
strokejammer,0.29548429747936006,Neutral
YouserName007,0.310380918440143,Neutral
sauvignonblanc__,0.4369543414861171,Neutral
Croatia4Sam,0.487124637356498,Neutral
RG1999_9,0.735746180970609,Neutral
Mr_O_Keeffe,0.5,Neutral
_dictator4life_,0.828594875794012,Pro
Stegasaurus_Wrecks,0.4158331373300459,Neutral
EnigmaEire,0.810841792655225,Pro
WhiskeyWolfe,0.433297599428078,Neutral
Muted_Posthorn_Man,0.6698314712454297,Neutral
keanehoody,0.5599712545829325,Neutral
8erren,0.4526754852740675,Neutral
petaah,0.733019428517937,Neutral
kaito1000,0.6450550180574943,Neutral
Cheese-n-Opinion,0.222274585089358,Anti
mvanio,0.49086561425460024,Neutral
CiscoRockatansky,0.5115946074125546,Neutral
NancyKwan,0.33812794206698765,Neutral
eridan_76,0.703905142834428,Neutral
aPhyscher,0.30413622303439114,Neutral
Slappethebassmann,0.539018884039869,Neutral
Awetand_windyday,0.602086984035218,Neutral
_Jordo,0.6853825642749406,Neutral
Putn146,0.255975078024637,Neutral
OkayBud17,0.4248243960375935,Neutral
lofty_landlubber,0.910259567111067,Pro
mikeiscrazy,0.5352002003149348,Neutral
withinthedream,0.435623419202976,Neutral
dontgoatsemebro,0.4606455006586696,Neutral
alpaca_wacka,0.49353950553695863,Neutral
duggi,0.286112424714879,Neutral
ShaneAyers,0.688260937936708,Neutral
Poebbel,0.827386653199998,Pro
teedeepee,0.3396268915844604,Neutral
GlassBumblebee,0.520446575279236,Neutral
MuDelta,0.794390338422648,Pro
andyouleaveonyourown,0.0001511104954309,Anti
Detailed_Dreamer,0.954384720538999,Pro
montymakesyouwonder,0.644171399323152,Neutral
Alkimogirl,0.662812780232443,Neutral
colcom,0.0149146816576661,Anti
sonyo23,0.6721155811952325,Neutral
SenorLos,0.5538400656695625,Neutral
MrBotnon,0.696350286045286,Neutral
Middles11,0.734451267797155,Neutral
BrotherBear74,0.475662117453808,Neutral
SlipperyTed,0.302373217414536,Neutral
Cruxeh,0.5002991002802794,Neutral
neil_estate,0.0142207012904926,Anti
5ideals,0.282261037899999,Neutral
diamondballs04,0.5756015844097307,Neutral
LightaFireinMyHeart,0.386034083905867,Neutral
Ahoymateynerf,0.6910602867449156,Neutral
Midgemaestro,0.1103788755118,Anti
gough98,0.626830774095266,Neutral
Arioch53,0.32664811082066253,Neutral
BobMcCully,0.567953789409727,Neutral
justbrowsinginpeace,0.5173752174145385,Neutral
punkbastardo,0.653904266502141,Neutral
ratatouist,0.663691826164424,Neutral
Nacc_n,0.5799515455137161,Neutral
Chocolatesouplm,0.430722953730178,Neutral
PiratesOfTheArctic,0.40289232764861405,Neutral
dwardu,0.705548359052363,Neutral
Tropical_Centipede,0.3623545767787675,Neutral
radical_flyer,0.6158196684709644,Neutral
the-Bus-dr1ver,0.556035856087731,Neutral
thisismytruename,0.574337855521124,Neutral
GuitarGerhard,0.229345993417917,Anti
aspz,0.40774591385374115,Neutral
CainFoool,0.377300700392108,Neutral
sl479,0.571604018552594,Neutral
eeveeyeee,0.24582508326905353,Anti
Ronaldo007tm,0.4854455623994247,Neutral
amishbrobot,0.779373651446587,Pro
hatgathhabnkfof,0.5513282314103225,Neutral
JJBright1980,0.7832856820908661,Pro
wunderspud75,0.84840509815729,Pro
Rayerth,0.4548657613741203,Neutral
elmokki,0.34012690863885064,Neutral
Basileus2,0.275786184049176,Neutral
Reluxtrue,0.674011471058566,Neutral
Sundowner99,0.0804730478499325,Anti
KaijuKi,0.5284288260841202,Neutral
JarlFurlong89,0.3904627938182036,Neutral
no_inspiration_today,0.25864560908640166,Neutral
pnni,0.3689842531482998,Neutral
Gungemuncher,0.541101481477615,Neutral
ThisValeOfTears,0.518868814608115,Neutral
sopte666,0.0595006506836759,Anti
Mewcenary,0.262853061380172,Neutral
alexdelarge85,0.0621050191824416,Anti
hydraulictrash,0.4310149728161772,Neutral
jaymuise,0.309599413231047,Neutral
IWishIWasAShoe,0.10037835865563575,Anti
Generic_Pete,0.7068429666031587,Neutral
your-conscience-,0.6938411014081303,Neutral
airct,0.666079623754199,Neutral
manowtf,0.4304871833379321,Neutral
pastdense,0.3034172467401887,Neutral
CMBDeletebot,0.43152214683343,Neutral
Grumpometer,0.2784724403335545,Neutral
Digital_Eide,0.6621486239019025,Neutral
EvilDoctorShadex,0.104359622919656,Anti
UnusualString,0.909337836624421,Pro
ReidyBadje,0.986934064718898,Pro
markturner,0.39038693405258923,Neutral
pieeatingbastard,0.3607929200845657,Neutral
throw8nov,0.34931757236660393,Neutral
Rusty_Kie,0.962333137705103,Pro
OrigamiMax,0.7242913479103302,Neutral
Muck777,0.708528499322869,Neutral
mattyglen87,0.71651300795067,Neutral
Hrimnir,0.78443807542303,Pro
SeriousMemes,0.7841539260437,Pro
Corrupt_Origins,0.8465449666390157,Pro
T_Ranter,0.455150999818082,Neutral
Novawulfen,0.42138031879558163,Neutral
LateSecretary4,0.931723337234195,Pro
_snids,0.5604584920547832,Neutral
CriticalH,0.47887257173337094,Neutral
ddprieto,0.26709887726821596,Neutral
NefariousCreamCake,0.40273467305500554,Neutral
jimothyjones,0.7400594590861868,Neutral
Dukem29,0.491750629968359,Neutral
theoob,0.723244406024585,Neutral
Elemayowe,0.25227110686281,Neutral
bombast-uh,0.5725235329632427,Neutral
Gealmo,0.836440440426806,Pro
MartinWeaver,0.5941779051684343,Neutral
FJLyons,0.733677816902069,Neutral
targrimm,0.7052127597495133,Neutral
alankyguy,0.7055881598604268,Neutral
TF997,0.628417715747076,Neutral
PuddleOfPuddles,0.7307291503434711,Neutral
hys90,0.180327522403791,Anti
GrumpySilverBear,0.5283623185311028,Neutral
Sayail,0.723322512270732,Neutral
robot141,0.11383825885692056,Anti
MagiusPaulus,0.3884816092997245,Neutral
Pingusus,0.6061161060742175,Neutral
Major_Cause,0.5460518087197223,Neutral
Warthog_A-10,0.42468526351641583,Neutral
nlpnt,0.5148751862555291,Neutral
DrPJackL,0.481064800303365,Neutral
EastWestwood,0.4401758044195672,Neutral
image_linker_bot,0.57246903149013,Neutral
Encrypt10n,0.323882630628987,Neutral
prezident44,0.43082735769786873,Neutral
TrailerParkPeople,0.6137893998553537,Neutral
ishetaltijdvoorbier,0.4473539822781494,Neutral
blowbergine,0.5920422628463102,Neutral
MoeSzyslac,0.3466979246687053,Neutral
Martel_the_Hammer,0.193531082580135,Anti
multiverse72,0.814076683985573,Pro
Indigetes,0.520819613904422,Neutral
stoaty-stoat,0.5640381186478322,Neutral
_DuranDuran_,0.46852882855507905,Neutral
parsethepeas,0.480301068518199,Neutral
MyGrownUpLife,0.304600435693579,Neutral
vorianrz,0.4307089490035002,Neutral
Norn_Queen_Yurei,0.6444219061046459,Neutral
Robotfoxman,0.942971020013523,Pro
mrelevenoutoften,0.3684603122228,Neutral
daithiq,0.5600714637730316,Neutral
MyRealPoliticalViews,0.3776670724183311,Neutral
Giraffens,0.0338780922382746,Anti
FogDucker,0.42370457839912096,Neutral
BiShyAndReadytoDie,0.47533489365951315,Neutral
MeMoiMyselfAndI,0.5342127094426675,Neutral
BecomingLoL,0.5955471278739018,Neutral
Loony_BoB,0.229970595069491,Anti
b00psie101,0.41905347489614586,Neutral
mkjones,0.34922614118295203,Neutral
emerty,0.33151911136970486,Neutral
shitsgigglesbarfs,0.6060502566368511,Neutral
geredtrig,0.6126113287035547,Neutral
SpiritOfTheVoid,0.5086147656439876,Neutral
PM_ME_POST_MERIDIEM,0.5074136233184685,Neutral
SMelancholy,0.5,Neutral
ApostleThirteen,0.0207559062610515,Anti
F1sh_Face,0.25036070659539345,Neutral
OkayLumberjack69,0.0022849541101958,Anti
Turdsinmyshoe,0.888169011232335,Pro
bucket_of_frogs,0.5082186562993166,Neutral
OpticalData,0.398071472846426,Neutral
mooglethief,0.12744501221836,Anti
fragment059,0.38297177027090107,Neutral
Bobjohnthemonkey,0.4514814642129177,Neutral
Agooelephant,0.6619909775614696,Neutral
edaz91,0.5203443302320473,Neutral
Egwene-or-Hermione,0.37207961427748987,Neutral
fondlemeLeroy,0.691988260828133,Neutral
FrankVillain,0.3030205736169,Neutral
chemo92,0.5,Neutral
AWildEnglishman,0.566238492412363,Neutral
zed1207,0.232202735986555,Anti
dngrs,0.718343490518434,Neutral
VierKeerNenHeld,0.329640211394414,Neutral
loctopode,0.539619356985558,Neutral
_Druss_,0.4655112860678014,Neutral
TheNorfolk,1.1522967331534e-05,Anti
gelinrefira,0.861843342209741,Pro
heavyballista,0.260381895706508,Neutral
100basepairs,0.78750278638158,Pro
markog1999,0.159612761896847,Anti
TP809,0.3512167107474984,Neutral
ZeGodEmperor,0.5297240504778467,Neutral
DisappearingSam,0.92695604912693,Pro
Azza186,0.755922921922089,Pro
McStroyer,0.402686171585936,Neutral
marcabru,0.690958312985562,Neutral
flinsypop,0.5427093642874014,Neutral
DadHunter22,0.5307394111578323,Neutral
chambo143,0.479408214601589,Neutral
I_paid4_winrar,0.502969459616037,Neutral
TheKrevar,0.79346645643239,Pro
torenvalk,0.3296818098522248,Neutral
Kraziee,0.526612980309459,Neutral
thebakerbastard,0.0078045362276097,Anti
theivoryserf,0.44058814118149553,Neutral
presidentdrumf,0.49315935103171477,Neutral
NeedsNewName,0.466991841806456,Neutral
weiv1,0.4452704714332507,Neutral
mach10mitch,0.8099647315965235,Pro
throwawaystuff000,0.5474909868508266,Neutral
happyitman,0.4886355639827611,Neutral
Mysterious_Bardancer,0.5547733839188687,Neutral
R_Lau_18,0.7159522148994559,Neutral
m-e-g,0.329915169458516,Neutral
R6S_n_looters,0.6709352758678943,Neutral
MoreHaste_LessSpeed,0.3730755473497619,Neutral
Wat1381,0.5946504476005773,Neutral
Msjhouston,0.590398649401665,Neutral
parachutes1987,0.4644137430110925,Neutral
notarandomregenarate,0.5902564427404476,Neutral
ferrisie,0.0881864329238955,Anti
JBloodStain,0.41693572337824336,Neutral
Argantonio65,0.0001719125946551,Anti
AboveAllBeKind,0.537104119187403,Neutral
thatwill,0.5066099379590667,Neutral
Traveller_Guide,0.6817155818344578,Neutral
FlibbleGroBabba,0.15524484630536645,Anti
Esoxxie,0.55803913389024,Neutral
AlexanderTheGreatly,0.5802583928194123,Neutral
DeepFakeFactory,0.4517974473031853,Neutral
HairyShelter,0.5598214902245884,Neutral
phrackage,0.4813017941614602,Neutral
American_Orange,0.4413011448933418,Neutral
MeanTemperature9,0.370004621573333,Neutral
JoanOfSnarke,0.224869804167983,Anti
Shivalah,0.6063300711283569,Neutral
brainbeatuk,0.6665967453006154,Neutral
Gorgeous-Glen,0.44569312864481875,Neutral
12acooke,0.5469801730642793,Neutral
thissorrow,0.0821604452927731,Anti
philyb,0.7486156164808244,Neutral
HappyCamperPC,0.518381091440674,Neutral
NeutronSoul,0.900781906765539,Pro
TheAnimus,0.3068408155656297,Neutral
rasmusdf,0.4931397475411234,Neutral
Crazy_Screwdriver,0.4439793689706285,Neutral
bz2gzip,0.4575999387705065,Neutral
myanusisbleeding101,0.4308226879093032,Neutral
256Q,0.5413132743952775,Neutral
Gregy163,0.48447773467869737,Neutral
by-accident-bot,0.345829472328279,Neutral
skullguy07,0.488506514277043,Neutral
6ManBand,0.509686440081647,Neutral
porter508,0.186729089581504,Anti
xbettel,0.4920501469242995,Neutral
SebKoda,0.9158399609390123,Pro
lexington50,0.4310289712787843,Neutral
Stubird75,0.4713265668197146,Neutral
Berserkr434,0.2334213036033986,Anti
politeAndLevelHed,0.144133676216256,Anti
MiniMitre,0.4867568880104825,Neutral
ModernAtlantean,0.3905775696435816,Neutral
Ravellion,0.5236863737333318,Neutral
cubenz,0.4326563650495417,Neutral
MrPahoehoe,0.5356739233093226,Neutral
MrOgilvie,0.2570276719698575,Neutral
bkor,0.3781816400334647,Neutral
bitofrock,0.4353116346812757,Neutral
4-8-9-12,0.6603108768387564,Neutral
Thewigmeister,0.84985074290115,Pro
floorfloss,0.376485885132743,Neutral
restore_democracy,0.4872661534305329,Neutral
RedentSC,0.591442993494563,Neutral
zante2033,0.5,Neutral
Mossaic,0.6550467343378854,Neutral
overoften,0.4943407673065038,Neutral
ThisRudderlessHippy,0.23743076834269042,Anti
HprDrv,0.45786502479311303,Neutral
Materiam,0.66818869306301,Neutral
Shamrayev,0.0006050269200216,Anti
QuisUt-Deus,0.14465230384258,Anti
MakeUKGreatAgain,0.5466689996866699,Neutral
LukeIsSkywalking,0.310017796011058,Neutral
themagpie36,0.577217424146869,Neutral
BradleyX,0.49308279799098864,Neutral
-Tyr1-,0.3536647616344654,Neutral
Timjenkinson,0.444938986787007,Neutral
pacoiin,0.457688104822815,Neutral
Everdien,0.6914074275280471,Neutral
hfsh,0.2169672149894032,Anti
Almdudler6,0.22757561170345594,Anti
TimGB,0.805011761648551,Pro
KnaxxLive,0.694355698223937,Neutral
11110101,0.224384701895382,Anti
Dontbethatguy123,0.41782122472737365,Neutral
TonyBonanza,0.372191306776434,Neutral
LakeSuperiorIsMyPond,0.5471195877594341,Neutral
FoxBoxRobox,0.6171857770184677,Neutral
JonnyBhoy,0.32183354906873796,Neutral
jplevene,0.6337623916612733,Neutral
Frostymcstu,0.37810592551547356,Neutral
johnrat,0.481714215742421,Neutral
UtahUKBen,0.44929342017873686,Neutral
gary11188,0.902514102606719,Pro
thesecretdave,0.464645870232227,Neutral
Avoc_Ado,0.24814234510025,Anti
8000meters,0.47188188736068937,Neutral
Born_ToBe,0.303771361194856,Neutral
thurstynhorny,0.6703893016334778,Neutral
DeadPengwin,0.3528460317275455,Neutral
WallaceRitchie2nd,0.5103348700920174,Neutral
tekkerstester,0.5751854383282646,Neutral
Spuzzell,0.26400030500771043,Neutral
DreadedMonkey,0.44806636357890434,Neutral
SirFireside,0.5561538899334192,Neutral
piva00,0.40484952183254697,Neutral
WoffIecakes,0.596868440492135,Neutral
vin7er,0.3954624728825456,Neutral
PiercePD,0.40908407173451206,Neutral
ben_shoes,0.375181671592033,Neutral
bluemoldy,0.4896143016706964,Neutral
ConceptoftheLiving,0.7416940723063098,Neutral
green0815,0.2991840771697355,Neutral
azuenin,0.4717367938176308,Neutral
_Maarten_,0.949911541264359,Pro
Qrewpt,0.4298954607441,Neutral
riddqpr,0.75617515693435,Pro
mungbeen,0.548194790756578,Neutral
Throwthat249,0.505676293350328,Neutral
Ocadioan,0.4155948265891656,Neutral
KugelKurt,0.5518329580191884,Neutral
MythicalSheep,0.24835707915109864,Anti
BloodMaelstrom,0.0582801521925421,Anti
hatz07,0.47768046916442036,Neutral
LittleJohnnyBrook,0.232914112225899,Anti
GeeMcGee,0.5248494546337259,Neutral
cenderis,0.28256395094438713,Neutral
Hay_3ert,0.5860669850179553,Neutral
TrueBlue98,0.5988403308502035,Neutral
thommogers,0.510546015008835,Neutral
Stephenonajetplane,0.6767240044776105,Neutral
Lopsided_Barber,0.5263878180201745,Neutral
Gimpfacemctavish,0.241525385158473,Anti
craic-house,0.41963198401175,Neutral
indigo-alien,0.42339955319084754,Neutral
ThinkBiscuit,0.581634744092667,Neutral
bab1a94b-e8cd-49de-9,0.380782920650447,Neutral
Serialver,0.248604635264812,Anti
thefabulousnorn,0.5675420372787288,Neutral
ApachePotato,0.6040177645124455,Neutral
Mikehdzwazowski,0.849075790258855,Pro
weweeeeeeee,0.4684726689742071,Neutral
RiptideRift,0.5441851009250485,Neutral
herro_rayne,0.46951771561627037,Neutral
acklay4,0.804828739967533,Pro
Thermodynamicist,0.37350413897065543,Neutral
Gauntlets28,0.6948437413916763,Neutral
TimFarronsMeatCannon,0.0089441460699311,Anti
MarxIzalias,0.151311004228256,Anti
ZG2047,0.433582878001634,Neutral
Rrdro,0.557575250552231,Neutral
FlawlessC0wboy,0.4849895237579575,Neutral
amplep,0.5338329465206783,Neutral
Justapieceofpaperr,0.5953569734622617,Neutral
spitz81,0.235544992890008,Anti
AftyOfTheUK,0.718760429965379,Neutral
smedsterwho,0.49691840899442996,Neutral
Damarrocarion,0.6118393847670915,Neutral
Tysiana,0.31827458706942013,Neutral
markcommadore,0.0932160107443289,Anti
The_Jade_Observer,0.5968669466554943,Neutral
Tefece,0.37246801717379263,Neutral
Ramacdo,0.5,Neutral
Chang-an,0.5474462733749687,Neutral
MrThorsHammered,0.487576768478304,Neutral
ConorNutt,0.96477106861425,Pro
Limmmao,0.6740528817806187,Neutral
Giga_Caligula,0.8361803224295654,Pro
treenaks,0.780561601630791,Pro
lee1282,0.211131173985212,Anti
UsedSocksSalesman,0.4781495864531378,Neutral
freepostage,0.0956646183782684,Anti
cantbug,0.169366445296173,Anti
Ferrowbane,0.624229828118311,Neutral
Leathershoe4,0.621846126192652,Neutral
_bh_,0.5206095300833347,Neutral
Rayvinblade,0.339691557905263,Neutral
ReinderTheHague,0.48108497650092075,Neutral
wessexking,0.6737669668413435,Neutral
tomten87,0.5296566464421265,Neutral
walshian,0.604066318157623,Neutral
GodsHolyTrouser,0.6051441598978053,Neutral
Zair92,0.836081187344488,Pro
Morrandir,0.5260032173663102,Neutral
icarebot,0.526978691276259,Neutral
Apostastrophe,0.878264404331009,Pro
todlurd,0.612349388277184,Neutral
teh_fizz,0.885420757211889,Pro
DazzlingTurnip,0.9158220405817155,Pro
MaskaredVoyeur,0.487765153541517,Neutral
SwampDonkey84,0.900561878768176,Pro
Epicrobotbunny,0.7236767534921216,Neutral
Atarimac,0.3517047323314738,Neutral
Preganananant,0.298489360610064,Neutral
theS3rver,0.4239932542025253,Neutral
Manchego222,0.188865823751968,Anti
The-Potassium-King,0.9694211534552548,Pro
phillwilk,0.5519032159256708,Neutral
1609344,0.5373920109061249,Neutral
jam11249,0.681431004135034,Neutral
Suicide_on_29-1-19,0.6019521333027863,Neutral
zagadka-1,0.486565002634092,Neutral
Deuteran,0.5428524033760107,Neutral
efrost55,0.7055524731992219,Neutral
AlayneMoonStone,0.490324862117119,Neutral
A_Real_Slick_Kiddo,0.396931387610972,Neutral
Samuus876,0.380191361312187,Neutral
International_Image,0.472297080619578,Neutral
EqualTour,0.539619356985558,Neutral
garbeldunk,0.472297080619578,Neutral
loxtmind,0.268423335667967,Neutral
wubaluba_dubdub,0.40376857947600486,Neutral
KellogsHolmes,0.5099540702381067,Neutral
1-6_,0.5537832117238024,Neutral
dino2412,0.0336915004363139,Anti
zauddelig,0.4211115441297693,Neutral
StayFree1649,0.5126951791492971,Neutral
Loony77,0.242163376894485,Anti
Dick_in_owl,0.5153672749819798,Neutral
queens_getthemoney,0.2439439755293169,Anti
blackerdecker,0.38855159095455993,Neutral
TheRollingWigwam,0.34861983539596,Neutral
DrMarlboro,0.574242432279217,Neutral
Taguroizumo,0.6399214594748818,Neutral
RayAdders,0.279779809313214,Neutral
Voltronic81,0.506839315330312,Neutral
NewestOrder,0.5732898930548176,Neutral
SavageTyrant,0.4572580003400425,Neutral
WetPhalanx,0.2926275864922662,Neutral
nborders,0.7094246695565805,Neutral
RedMist7,0.5605830584603343,Neutral
WDavis4692,0.589865652692124,Neutral
jdon1807,0.5175828800059313,Neutral
ZampanoBJJ,0.5868477864826263,Neutral
concerned_future,0.592018126339258,Neutral
rawling,0.318755701499012,Neutral
ot_w,0.420160188894508,Neutral
J-Melee,0.21900296109196452,Anti
kitafi,0.5661393840906287,Neutral
soopahfly82,0.7411513195879932,Neutral
stef139,0.315519007659022,Neutral
VindictiveCardinal,0.3914697624679148,Neutral
particle409,0.4631940277247838,Neutral
jaytrident,0.39797455303589,Neutral
kickme2,0.37383366743386,Neutral
philthehippy,0.978848649641733,Pro
TheRtap,0.5364761522630611,Neutral
cmbv,0.5,Neutral
metaframe1point8,0.4079740785576813,Neutral
Fooey_on_you,0.6391038599424202,Neutral
DarwinEvolved,0.553846094028273,Neutral
_ppi,0.397797687920468,Neutral
yogibehrer,0.31248320712962724,Neutral
FlyingScotzman,0.842709314669509,Pro
Allahtheprofitz,0.9453909918303915,Pro
darkwolf687,0.4224535548937982,Neutral
chinadtown,0.6176922111661,Neutral
MoPoRes,0.623737427469828,Neutral
Nachtraaf,0.435344319029103,Neutral
MassiveRaccoon,0.262201692683865,Neutral
dangerislander,0.418842206661326,Neutral
Dark_Byte,0.546337745473187,Neutral
doktornik,0.275891344370488,Neutral
dcmcmd,0.0306537708100418,Anti
cnncctv,0.832673386013179,Pro
treboruk,0.620111907410105,Neutral
dacoobob,0.4024096109531281,Neutral
BrainBlowX,0.25523016756418865,Neutral
sirjohnnopants,0.0580472350837232,Anti
anti-gif-bot,0.053766879175117,Anti
CityFapper,0.756775818083054,Pro
schumachiavelli,0.283622969245107,Neutral
sergius64,0.536115371495211,Neutral
Madelio,0.48629707373759,Neutral
antiforest,0.955072098247258,Pro
islandtom,0.591681860505801,Neutral
aubenaubiak,0.5010725175872088,Neutral
PardonMonsieur,0.46924031127965776,Neutral
makki623,0.894446004506211,Pro
ma2412,0.5334364789979023,Neutral
gabescharner,0.835996280287546,Pro
RoutineTwo,0.46247321025534915,Neutral
Ridog,0.5646489742012852,Neutral
HalfWayUpYourHill,0.602513618115761,Neutral
sort_yourself_out,0.442690244613457,Neutral
ralph8877,0.23553928633316892,Anti
CommandObjective,0.4000478009638594,Neutral
_pupil_,0.109533661026614,Anti
TehDiTH,0.767695541401163,Pro
n200518,0.463965394687039,Neutral
Mutant-Mantis,0.512467999752082,Neutral
albadil,0.38709840671783563,Neutral
Goodship01,0.46693146799498203,Neutral
P0L1Z1STENS0HN,0.5970152536481121,Neutral
WhoIsJohnSalt,0.6894907869347747,Neutral
UniqueUsername9091,0.557350100165806,Neutral
Sect-Camp,0.7990212115216477,Pro
Veknar,0.5340325962588461,Neutral
sebastian404,0.5150860181467697,Neutral
iulianverde,0.959308619666033,Pro
miguelrj,0.2677745224412185,Neutral
idyllego,0.4747058145933547,Neutral
Dunlikai,0.294968187180151,Neutral
Jaml123,0.6026694768277946,Neutral
abadhabitinthemaking,0.45115007572294336,Neutral
ArondelaAbleton,0.704456939242819,Neutral
Birdypal,0.300234908899168,Neutral
pjoneninerone,0.322442191226599,Neutral
SteelOwen,0.988640579778762,Pro
dimorphist,0.366055923177834,Neutral
Liiivet,0.779645933302739,Pro
YorkshireGnarly,0.691213693917624,Neutral
FollowJesus2Live,0.7686677049424259,Pro
7illian,0.4995448035025231,Neutral
pfo_,0.4802450882884498,Neutral
makwa,0.874306304332273,Pro
bigbanana765,0.487803421197663,Neutral
strims_world,0.5,Neutral
mellonman92,0.546143041375826,Neutral
ordinator2008,0.301851252995697,Neutral
RainbowWarfare,0.5525583497847131,Neutral
dreiju,0.31307777502726913,Neutral
frankiewj77,0.784469895972253,Pro
Bergerac1982,0.28922003809119684,Neutral
taylorharry469,0.9889447050189606,Pro
DarkhallPHD,0.133976612034131,Anti
Pan_Demic,0.757343625560393,Pro
dgfssrrrgyf,0.5585131639711399,Neutral
stuhlgang13,0.5455535370643618,Neutral
richardjameshill,0.5796045667543037,Neutral
Eric1491625,0.669024781285047,Neutral
ThoughtfullyReckless,0.547902028167744,Neutral
serendib34,0.4296188194595782,Neutral
Handsome_BWonderful,0.543639608391338,Neutral
icedcoffeestrong,0.5604947357352502,Neutral
LemonFreshenedBorax,0.437347940059838,Neutral
vreddit_bot,0.382916978551721,Neutral
capitalcitygiant,0.4350218600357723,Neutral
Lawdie123,0.773185002045996,Pro
shato91,0.65379024965269,Neutral
LH_legend,0.2132075145831641,Anti
elusivehonor,0.2950356926963031,Neutral
heathenINeden,0.0022031861537915,Anti
harrasment_monk,0.622519220083264,Neutral
Elavid,0.6270458428980655,Neutral
LPD78,0.5236704925936804,Neutral
allthesegradations,0.5,Neutral
mr-trp,0.613340136978145,Neutral
pmcall221,0.25710923379592215,Neutral
endianess,0.5806736876121794,Neutral
AvatarIII,0.311013880414262,Neutral
LuisRic0,0.770992111505333,Pro
rickselest,0.66337692637609,Neutral
JamesOfCarpathia,0.0078658910197857,Anti
KekZii,0.7083168385719314,Neutral
AMancunianAccount,0.5162138863657045,Neutral
grondie,0.807613642901744,Pro
Bearaphine,0.4212012385240644,Neutral
WayneKrane,0.5127905979252155,Neutral
alphacross,0.09406742306926187,Anti
robjapan,0.5062163987361816,Neutral
prouddogdad,0.766654375037453,Pro
F-Block,0.46867517999622266,Neutral
AlFrans,0.577897761517057,Neutral
MartinIsTheShit,0.78575699956016,Pro
Z3r0sama2017,0.601395663321243,Neutral
CherryBoard,0.714211801510912,Neutral
Koka-Noodles,0.605159479002605,Neutral
iamezekiel1_14,0.826980690754658,Pro
TheOrangeOfLives,0.552418247180619,Neutral
Letterbocks,0.4279155010433695,Neutral
mikespimpin,0.196132270658163,Anti
othelloblack,0.4986415930085845,Neutral
81misfit,0.696703749427127,Neutral
TheUngoliant,0.6231880361860092,Neutral
contentBat,0.45530585225414555,Neutral
syncsynchalt,0.385591021371524,Neutral
greb88,0.3769608959119474,Neutral
regular_german_guy,0.07372389934561,Anti
pm_me_your_gentiles,0.45660548747600915,Neutral
quillboard,0.57102798825192,Neutral
Forward_Collection,0.5855408062290405,Neutral
Philluminati,0.49178060414678093,Neutral
Shivaran,0.965364256907029,Pro
saxon84,0.641873656594397,Neutral
rrudol64,0.523407535990779,Neutral
chubbykipper,0.568990280853555,Neutral
upaLumpa,0.4241445661839943,Neutral
AnotherAlire,0.42455406894107234,Neutral
CensorThruShadowBan,0.4358012062349741,Neutral
foxyahri19,0.273633766237418,Neutral
betweentwoeternities,0.7946276378148475,Pro
Yellow_Crackers,0.47358195034882555,Neutral
Wonckay,0.49109652841583096,Neutral
jjolla888,0.987381527627554,Pro
unkiejubjub,0.4179128856496145,Neutral
harrisonyorkshire,0.7882800196595795,Pro
jerifishnisshin,0.4910198715256538,Neutral
MrGreenTabasco,0.885680550688572,Pro
authentic8info,0.521086288201597,Neutral
MrAronymous,0.67152472200362,Neutral
Bleizwerg,0.32588642012161834,Neutral
blaster1-112,0.39729034597138013,Neutral
AcrossAmerica,0.5158202133688724,Neutral
jeffplaysmoog,0.6577451028383565,Neutral
lurkalurkaii,0.5805251141928863,Neutral
user00420,0.46384705364392137,Neutral
JimminyCricket67,0.754099599741426,Pro
Rhinofishdog,0.46217836527580686,Neutral
HailDestroya,0.4242526052039117,Neutral
igreatplan,0.228874224432282,Anti
Mrgamerxpert,0.38709385340769953,Neutral
EasyE1979,0.5270632472262592,Neutral
RichardStrauss123,0.40482750368620424,Neutral
its_a_me_garri_oh,0.5460843764727622,Neutral
Slartibertfist,0.4398339258856514,Neutral
ALIENWHOWANTSTOLEARN,0.7075008935944718,Neutral
brokenstar64,0.5232364086963494,Neutral
1xltP3mgkiF9,0.48595949292249274,Neutral
symmy586,0.708363278937288,Neutral
RetardedRon,0.4628553135107035,Neutral
_riotingpacifist,0.5570781478082206,Neutral
Fr_FintanStack,0.5,Neutral
twwsts,0.591536518061744,Neutral
Horatio1805,0.38416925850295697,Neutral
WhiteJamKiller,0.5490770013861526,Neutral
Sonos,0.454556850781022,Neutral
RRDiei,0.5055963055092649,Neutral
insertcredit2,0.983271362788512,Pro
Gh05T_wR1T3R_CDXX,0.591279452713179,Neutral
29mkdrive,0.4653924454385435,Neutral
Alonso-De-Entrerrios,0.5841120098972343,Neutral
PensivePengu,0.4844595904443086,Neutral
ValhundOmega,0.705695995515169,Neutral
Papaye92,0.286742852226286,Neutral
Panikos0,0.398359375788381,Neutral
techie_boy69,0.5034971309374907,Neutral
pedrocr,0.31239215552255367,Neutral
smellycoat,0.0018425776293969,Anti
TheBlackcat34,0.4393926496935843,Neutral
hatespeach82,0.48776629042054276,Neutral
Arcalys2,0.615249088731553,Neutral
EjaculatingMan,0.44874940731145874,Neutral
jellylorum01,0.525699752862981,Neutral
doffelmon,0.5091941487893334,Neutral
cammyb64,0.7307740374240774,Neutral
SubzSkin,0.507346313686711,Neutral
bnnk8,0.5816560643527839,Neutral
frillytotes,0.775119219851771,Pro
RapeyDave69,0.6591300374350865,Neutral
Puteh,0.60169671351508,Neutral
Wombatwoozoid,0.084595009304327,Anti
GoshDarnMamaHubbard,0.5088191114492013,Neutral
N3CR0M0RPH1C,0.5684115833152632,Neutral
Spikearoonie,0.5,Neutral
Leokdar,0.6444851421555385,Neutral
usernumber1337,0.4301549491611449,Neutral
billy_clyro,0.595421021554629,Neutral
musterchoof,0.698493357397031,Neutral
Javier170992,0.138001814954428,Anti
MackdaddyQ,0.5834722466176515,Neutral
correojon,0.822791139398415,Pro
Krildon,0.602752484149065,Neutral
no_user_exists,0.804191404775761,Pro
CountryOfTheBlind,0.6404272641882336,Neutral
Ultrhops,0.84519708058961,Pro
Jayhcee,0.5580808853126735,Neutral
BoJackB26354,0.59710251143009,Neutral
the_unfinished_I,0.4027780300221415,Neutral
Spank007,0.427987607668853,Neutral
gapspark,0.49291314268372155,Neutral
232thorium,0.5462310434723687,Neutral
Filbo_Baggins,0.5090445753798084,Neutral
Stunning_Cost,0.581389125522592,Neutral
Front_Sale,0.6452286004976902,Neutral
ListentoLewis,0.42833156229777775,Neutral
LinconshirePoacher,0.381435572303941,Neutral
neil404,0.18546317484458452,Anti
Shades_McDude,0.48696193329109355,Neutral
agree-with-you,0.34385284889667256,Neutral
GrantS94,0.5255630092606426,Neutral
yorkie11,0.2548035528244309,Neutral
joshmase,0.814754110625208,Pro
Muanh,0.5627629957140063,Neutral
Josh8484,0.8039477901548445,Pro
playaspec,0.749950609708837,Neutral
ANEPICLIE,0.620714482241424,Neutral
Nanosauromo,0.6214714098114344,Neutral
alexdeutsch,0.6205509982723553,Neutral
TwelveInchTim,0.5753435641253035,Neutral
GottJager,0.6111724394668784,Neutral
Lilytrap,0.202066309788871,Anti
KaktusKontrafaktus,0.43734085062437117,Neutral
Nakwenda,0.610111203030098,Neutral
Pepurrio,0.4608303606203256,Neutral
Bearmodulate,0.836618587394149,Pro
DrJohnM,0.53418954290006,Neutral
suprc,0.38623331441902,Neutral
MannOf97,0.0061596613036731,Anti
zeozero,0.42696507994774235,Neutral
PepsiMaxismycrack,0.499840366739353,Neutral
TheCaffeinatedPanda,0.0676666867994747,Anti
quite-the-contrarian,0.275786184049175,Neutral
cattt8678,0.438123035733257,Neutral
orangesquareonwall,0.41267352533888696,Neutral
Meritania,0.5156608487630922,Neutral
rao79,0.42130631951426756,Neutral
MaximalRecord,0.44810269041483003,Neutral
StiffNipples94,0.525926948610801,Neutral
ThunderCuntTheBrave,0.7449938623432455,Neutral
psham,0.5449989387097856,Neutral
Venilix,0.325721100248044,Neutral
muttonwow,0.42418783299363205,Neutral
Rojo40,0.5842433124387343,Neutral
Gaychicagorunner,0.312176724754459,Neutral
badhand86,0.653395535348209,Neutral
rebblt,0.552190323472249,Neutral
IAmASeriousMan,0.7581973535821529,Pro
CyGuy6587,0.44687486025065937,Neutral
Raigirin,0.5459031406528352,Neutral
etherealsmog,0.5464614810909952,Neutral
MediumFinish,0.21261662010637872,Anti
woozytoucan,0.870626045698314,Pro
Kyte1985,0.673411343592221,Neutral
RandallSullivan,0.5444459073009791,Neutral
krystalizer01,0.5231982089297453,Neutral
MetaNex,0.814110325554848,Pro
sarh_4,0.25950154085504706,Neutral
20CharsIsNotEnough,0.160590364120522,Anti
ComputationalMat,0.3707019981492589,Neutral
ReyScavenger,0.437164229724394,Neutral
tweakerrobin,0.451666561855919,Neutral
ToddTheMusicGuy,0.7824525394028246,Pro
MorganaHenry,0.2937601796235535,Neutral
LemonFreshenedBorax-,0.5100800068920415,Neutral
iPhader,0.563057377354784,Neutral
surreptitiouswalk,0.38546042302232697,Neutral
mktolg,0.263216858047847,Neutral
ownworstenemy38,0.107564258512165,Anti
Cimejies,0.6433626222727087,Neutral
TheEmbarrassed18,0.44015744347729546,Neutral
UnsafestSpace,0.644199391725281,Neutral
ba14,0.4102025026898306,Neutral
coffepotty,0.608231918480057,Neutral
masterfasak,0.710401772390783,Neutral
Avaderon,0.544269938229014,Neutral
ACheshireCats,0.5199416901441105,Neutral
DANK_F0RTN1TER,0.770716903325706,Pro
true-fanLLL,0.270888100291095,Neutral
funkmachine7,0.521039214635746,Neutral
Kebriones,0.5079458991310712,Neutral
Spiritimvu,0.561229865843214,Neutral
ZenMeester,0.47699211640450984,Neutral
Nogginnel,0.5075197451839243,Neutral
SneeblyPibbles,0.1632884765370923,Anti
SmeggluHeddlu,0.534743965352466,Neutral
straightsally,0.220960229593262,Anti
wastedruncycles,0.408965865673586,Neutral
Krististrasza,0.576530732474021,Neutral
shpargalka,0.12059666459514,Anti
Dududuhhh,0.2704773417157378,Neutral
speechless-dude,0.5,Neutral
jas1989,0.5424187391738067,Neutral
orphanoftech,0.5249365544255216,Neutral
Benjji22212,0.301134742083633,Neutral
david_t_rex,0.754752229270131,Pro
feshfegner,0.5449088473711601,Neutral
clichebot9000,0.0267225838946302,Anti
PoshInBucks,0.914591103097573,Pro
Zuslash,0.5467735650109649,Neutral
EhAhKen,0.5165506608408266,Neutral
MickTheBoxer,0.5363762488808392,Neutral
Vlad51,0.503509464933726,Neutral
tschmar,0.432787052963772,Neutral
Holy-Wan_Kenobi,0.54384410186775,Neutral
DareESwalls,0.808998437193092,Pro
Flammabledruid,0.46745340004088504,Neutral
SalivaSurfer,0.6353742533116331,Neutral
doomladen,0.4549000752664625,Neutral
LordRobin------RM,0.0802523144359091,Anti
sweepingchange,0.529884481191238,Neutral
alanor1991,0.383370734015054,Neutral
WhoHasThoughtOfThat,0.2685073384808752,Neutral
Raknosha,0.3329268897592366,Neutral
TopKat_,0.479667786998449,Neutral
Bummerman2,0.986671163485945,Pro
supaflynw10,0.5822818818254508,Neutral
BisexuallBillGates,0.304552792811693,Neutral
regularhumanmale2,0.3984535150791245,Neutral
lazines,0.142478801783143,Anti
jonkro,0.547620518373498,Neutral
New-Atlantis,0.467792648467737,Neutral
Eniugnas,0.4351097749300495,Neutral
skidon90s,0.630603277163351,Neutral
RogerLeClerc,0.6131696124652304,Neutral
TechnogeistR,0.5212905132724843,Neutral
Maddokz,0.52122735779738,Neutral
Lomachenkoisgod,0.839403679320263,Pro
FeelsBradMan01,0.724298373741179,Neutral
WankWankNudgeNudge,0.555920793663843,Neutral
JaydonManders,0.547690031919094,Neutral
aprilmanha,0.6017665114636771,Neutral
Samic_OWillie,0.5843209304593373,Neutral
Deathofthepine,0.477062070596439,Neutral
daveysprockett,0.35426025869796535,Neutral
beardinbath,0.761440054952083,Pro
Stpeppersthebest,0.2576726075090155,Neutral
JethroMason,0.3179865200954207,Neutral
Southpaw535,0.992078046650201,Pro
OrestisTheBeast,0.310512371441066,Neutral
HippoChiaPet,0.43960457751224546,Neutral
duluoz1,0.132243082040386,Anti
nt-gud-at-werds,0.40725073510512,Neutral
austieman,0.18251928638444195,Anti
Richard2957,0.4754085047951415,Neutral
ric_in_scotland,0.498296588216681,Neutral
DeDeluded,0.4680124694550621,Neutral
Ohdake,0.21912035880851177,Anti
Slobberchops_,0.6660773333300267,Neutral
BritishBadger72,0.5960662474184043,Neutral
Chris0288,0.43849200974924935,Neutral
YourFriendlyNoggin,0.6606547770762642,Neutral
TheChallengePickle,0.6038727623018099,Neutral
SeanEire,0.4553278585616738,Neutral
CloudaneUK,0.291764683605578,Neutral
Khal_Zhako,0.09688836053450911,Anti
Sergiology,0.380498808033472,Neutral
Pawnasam,0.4454772833865518,Neutral
L0rdInquisit0r,0.200946887468899,Anti
ATReade,0.6947830626948409,Neutral
the-real-apelord,0.430963308716272,Neutral
loosecannon24,0.5924009973734821,Neutral
bimbo_bear,0.7601502347495253,Pro
markhadman,0.579758491244178,Neutral
Theonewhoplays,0.471860327896027,Neutral
rEpConD,0.5,Neutral
donald_314,0.5078813613809058,Neutral
TheSchaeferchen,0.996582937751347,Pro
hotmial,0.5444738565078168,Neutral
LeStrep,0.768319222511052,Pro
gandhi_theft,0.5702457972141926,Neutral
janstenpickle,0.5405211792568385,Neutral
evil0sheep,0.0582523556290505,Anti
rueckhand,0.49476134852401954,Neutral
Al-Khwarizmi,0.39398349328828525,Neutral
Cinkupis,0.44491817963113905,Neutral
captainapop,0.5732022738670602,Neutral
jaejin90,0.4643992728974147,Neutral
ProtestingBanana,0.684748067656073,Neutral
silver-beard,0.00783834899924035,Anti
Nertez,0.2494003540100544,Anti
dotCoder876,0.3386676644344526,Neutral
That1Guy2811,0.744291800773981,Neutral
Insanity_Crab,0.42997761754779,Neutral
MithranArkanere,0.549450031910707,Neutral
Karma_Horan,0.0055509089554162,Anti
yung_marste,0.454417611224087,Neutral
Brutal_Deluxe_,0.6198885477625548,Neutral
l77e,0.546890073530889,Neutral
tofer85,0.5192132611210827,Neutral
winchy3265,0.179993831483826,Anti
Il_Gigante_Buono,0.6419903233090125,Neutral
samdking2001,0.69509325574108,Neutral
srd5029,0.277128758167254,Neutral
JustAStrawHat,0.45524378860188863,Neutral
Iamleafnow,0.5670917146623164,Neutral
Nabooish,0.34246008650773063,Neutral
eggg_sarnie,0.6197402593851975,Neutral
wroclad,0.4284444485797329,Neutral
chibihobo85,0.27645051884612754,Neutral
WiggyB,0.523217995037698,Neutral
monkey_bubble,0.2925397938997431,Neutral
Nutellover,0.5767959734585016,Neutral
RakeNI,0.7984312582587362,Pro
lfdfq,0.889366930910532,Pro
oxyowl,0.668379668960047,Neutral
ET72,0.5893532701368113,Neutral
Vonplinkplonk,0.4718639888128904,Neutral
Hakawatha,0.39811031945230346,Neutral
GLUTINUSMAXIMUS,0.494243083516708,Neutral
ocelot12345,0.0700708190685412,Anti
Vargau,0.39295599177038654,Neutral
VisserThree,0.62984414752172,Neutral
Slide_A_Pinky_In,0.421077572958251,Neutral
KillAllSeagulls,0.5144519407486522,Neutral
PepperUrAngus,0.6688850487847783,Neutral
Truthandtaxes,0.4962909517866875,Neutral
Grinchyaaa,0.4172348884448138,Neutral
nbrnay,0.5853617274256135,Neutral
lowercase_capitalist,0.699437135903155,Neutral
HellFireMF,0.29803070877983595,Neutral
juststuartwilliam,0.5163354246589825,Neutral
Papazio,0.33771474215578645,Neutral
thetyphoon123,0.5998747011927558,Neutral
Aryon714,0.5982999460900124,Neutral
Least_Initiative,0.529721655944087,Neutral
Poorlyhunger,0.5,Neutral
Krendin,0.4008640485176023,Neutral
Raudus,0.5037529167955105,Neutral
TimDRX,0.33373620259021813,Neutral
jimftr,0.463467379841866,Neutral
far2,0.4937042647259621,Neutral
Jottor,0.525218203676643,Neutral
benjorino,0.49191893833564204,Neutral
TheShrewsburyGuy,0.921782511719401,Pro
jack1509,0.382796121538715,Neutral
Drift_Velocity,0.5811110146389284,Neutral
Anti-Criac,0.4100785845892446,Neutral
uggy80,0.5473606417034094,Neutral
Taxicity,0.5475226623292634,Neutral
Mountain55,0.8543186101856387,Pro
Kantuva,0.609317866959255,Neutral
jagga0ruba,0.0560287878530332,Anti
spokesyboy,0.7292839368884374,Neutral
domnelson,0.171611615982994,Anti
vros1607,0.6530871613996664,Neutral
Septictheskeptic,0.5074201460566429,Neutral
zachy000,0.5682380242227243,Neutral
Aurora921,0.5968604972876593,Neutral
caki4703,0.505394353671695,Neutral
Un-Tron,0.2419694835885883,Anti
Monkey-vs-Robot,0.581138986718076,Neutral
Mecheng46,0.315691718361013,Neutral
soverign_cheese,0.0026804212058316,Anti
julmakeke,0.6929378708291667,Neutral
derpetina,0.606071497986165,Neutral
whatdowedowithmillar,0.5382609708005746,Neutral
dumael,0.5725309030828516,Neutral
Scumwalker,0.703101042260055,Neutral
ViddyDoodah,0.43736387209470234,Neutral
oberluz,0.842200623076184,Pro
Theghostofyashin,0.695807414779987,Neutral
LucasOFF,0.6559784681815812,Neutral
2booshie101,0.381917472855369,Neutral
IfYouKnowThenYouKnow,0.364319904529855,Neutral
Farcryfromreason,0.21269675757185721,Anti
sassybatman69420,0.5223720983529242,Neutral
nobbynobbynoob,0.5529138525317088,Neutral
Tyler119,0.1361473602131,Anti
Top_Sprinkles,0.5,Neutral
DesperateWealth,0.147900533988515,Anti
-Angel--Dust-,0.4477858999023506,Neutral
wonderboi_777,0.5103656551779809,Neutral
brickses,0.26944173679577793,Neutral
sphinky2020,0.5849840878068447,Neutral
AbstractTornado,0.41907612895217855,Neutral
Aexalon,0.724866378017649,Neutral
britinph,0.921210332010031,Pro
Mazza11,0.46569637839323497,Neutral
zirahe,0.248936695384209,Anti
cjbeames,0.6176577315859322,Neutral
asters89,0.44027116951371636,Neutral
-ChrisBlue-,0.612973689733676,Neutral
bulgur,0.37675161964852627,Neutral
jimmybitcoin,0.4257817817985911,Neutral
Goosebuns,0.367200097153881,Neutral
LeoBravo,0.0006757383572578,Anti
abirdleaf,0.4519292932422408,Neutral
cognoid,0.3540559529395825,Neutral
seventeenth-account,0.241903414992195,Anti
themykonian,0.3232583914935963,Neutral
ClassyCoder,0.47806572891742444,Neutral
TheMagicMrWaffle,0.36813228794615266,Neutral
Liberum_,0.3638858648511,Neutral
DrNoPants,0.29766844803864556,Neutral
O_Deoradhain,0.7589543698357193,Pro
Apple-Droid,0.223996171023087,Anti
whatisthisnowwhat,0.7158671451463825,Neutral
Darkspy8183,0.53823548731964,Neutral
pablonieve,0.46713773435685946,Neutral
sevensinnersid,0.473760639588589,Neutral
Mungo9000,0.468582155834929,Neutral
arrdvarkius,0.5922426260115845,Neutral
clockstruckduck,0.105397067729946,Anti
ArousedinCrowds,0.5038512008750443,Neutral
Dusty1997,0.618111288527149,Neutral
latflickr,0.29739946631302594,Neutral
Jiandao79,0.3620967757227743,Neutral
Jimmyjazz7777,0.6923046251687874,Neutral
starbucksresident,0.426565847474322,Neutral
Ge0rge_JM,0.5543963057980605,Neutral
IcarusBen,0.48238754600785194,Neutral
Rizlaaa,0.6347621922746656,Neutral
BRAYNE_1,0.857113944042005,Pro
NormanConquest,0.39470194359408256,Neutral
PlutoPanda,0.403185101585329,Neutral
DillyisGOODATPOLTICS,0.472720842411276,Neutral
-to-,0.733019511648011,Neutral
contrafuckinband,0.6150256509105014,Neutral
OllieSimmonds,0.33178451970374445,Neutral
Buibenfooph,0.6205541230056053,Neutral
aplomb_101,0.6196379159990635,Neutral
theageofspades,0.558471186948069,Neutral
abz_eng,0.6671118593853997,Neutral
readthispieceofshit,0.5504859561880704,Neutral
bensthebest,0.369507917959518,Neutral
trukk,0.196839876992016,Anti
PigeonMother,0.5872072406247747,Neutral
-imsolowkey-,0.5226468632531043,Neutral
_freefolk_,0.352319236346921,Neutral
HeyT00ts11,0.683416900105371,Neutral
gengengis,0.5,Neutral
rmc1509,0.5209707253500044,Neutral
managedheap84,0.6315267854501209,Neutral
benjiabc,0.6997852591736338,Neutral
chickenpi,0.544237805364241,Neutral
ElPazerino,0.535508501392424,Neutral
nitramlondon,0.5323445940635068,Neutral
_JustJenni_,0.522635772125413,Neutral
adambadun,0.4825596266020007,Neutral
FordyO_o,0.157450049207615,Anti
cbfw86,0.5742612077529227,Neutral
BlackYupster,0.84045846355554,Pro
James_Rustler_,0.621534119868469,Neutral
TheSavior666,0.672981504740807,Neutral
guebja,0.5566191798711155,Neutral
differentshade,0.5578928420291229,Neutral
CanYouSpellBDSM,0.425974232934978,Neutral
TENRIB,0.552872875676084,Neutral
_No_Donkey_Brains_,0.33915101849025997,Neutral
cherific,0.2629225485394177,Neutral
kridenow,0.5720727565257704,Neutral
arandomstr1ng,0.336757246723934,Neutral
Fribuldi,0.4804430389831447,Neutral
Meryhathor,0.5899027210250103,Neutral
SapphireSawfish,0.409076348983477,Neutral
gauharjk,0.5290598875885354,Neutral
markusro,0.5764214031392865,Neutral
ep-1982,0.582894966634462,Neutral
basicchannels,0.36965249115006743,Neutral
AlpineLake,0.5475361667680255,Neutral
chotipamplemousse,0.179862641017224,Anti
pittwater12,0.661279502678599,Neutral
cornishskeptic,0.3687766417115964,Neutral
SirWinstonC,0.0839811688839231,Anti
arceustier,0.415492148612627,Neutral
Groty,0.973347218182479,Pro
up_the_dubs,0.48783127289519507,Neutral
acsaid10percent,0.623840318631215,Neutral
1115955,0.723241410218711,Neutral
palt220,0.5904352640449059,Neutral
lvanden,0.46032955209757753,Neutral
_Andrew7,0.221642776358774,Anti
weallsellourselves,0.4960737115305588,Neutral
shambambigalow,0.4421230908540903,Neutral
sdfdsize,0.5591993994215121,Neutral
40DegreesNorth,0.8813915140973579,Pro
MissSamanthaLovecock,0.512985829396873,Neutral
realAdversus,0.44912642061346375,Neutral
picturesfromhell,0.539619356985558,Neutral
checkchiron,0.178030919608188,Anti
stringParameter,0.35830817401147064,Neutral
OandG,0.512225216136694,Neutral
d3agl3uk,0.3905463509678846,Neutral
L0kitheliar,0.509479964978143,Neutral
ngdd22,0.5202860115001935,Neutral
jkdvxlkjejnnnkl,0.4818278121634538,Neutral
FamilyDaddyTimes6969,0.754251879818507,Pro
LeanderT,0.5735812253495517,Neutral
Skafdir,0.31751829844440327,Neutral
momentum4lyfe,0.3752492125448606,Neutral
nojah_bloke,0.310512371441066,Neutral
Snippy_Snallygaster,0.7895711659485259,Pro
Ompet,0.602633751687696,Neutral
Talidel,0.709713227867026,Neutral
sniffykix,0.167490073140153,Anti
diederich,0.19112241892329943,Anti
tamotuq,0.5712203930296589,Neutral
ElDon7,0.408585296147827,Neutral
BrushRush,0.5847595688270775,Neutral
ctrlOS,0.3157910705023607,Neutral
Northwindlowlander,0.127952956438674,Anti
W75Ink5EjpTQ,0.98424431839129,Pro
Aus_pol,0.597284422262499,Neutral
BaltarsCult,0.5,Neutral
Aijabear,0.538332794653118,Neutral
biggerwanker,0.6056500362015822,Neutral
Cyannie,0.778070921271786,Pro
balaks,0.2307790886693445,Anti
Julmath,0.4249611396387025,Neutral
ta9876543205,0.5361823863071435,Neutral
officialuser,0.788248639741605,Pro
BadLuckBaz,0.45435055934680724,Neutral
LobsterKris,0.6817460149133385,Neutral
I_don_t_even_know,0.534622963280874,Neutral
Dicebar,0.498214203832558,Neutral
Showeryfever,0.400936471153293,Neutral
MrMostlyMediocre,0.4841368538425394,Neutral
FlibDob,0.6446364791363739,Neutral
Leon_Q83,0.957571965018101,Pro
TowerOfGoats,0.1915554451370143,Anti
Armani_Chode,0.6419417559502785,Neutral
alba876,0.5499628234923065,Neutral
boostboi,0.5995543680406562,Neutral
Come-Together,0.62808825030652,Neutral
inilzar,0.4769644522386105,Neutral
crushyerbones,0.471361812879151,Neutral
Ikori,0.716133874384226,Neutral
DocGenesis,0.12272069676307,Anti
Dawdius,0.133722682408761,Anti
-BananaLlama-,0.242448804661921,Anti
Blue-honey-2476,0.68932957286397,Neutral
gmopancakehangover,0.890045970000995,Pro
ruggpea,0.80884371318547,Pro
acidosaur,0.43031760256136004,Neutral
beartankguy,0.46332372548849,Neutral
benchan2a01,0.34031896499559466,Neutral
lomac92,0.288188182082058,Neutral
frankandsoap,0.5118868752888174,Neutral
SunshineCat,0.36665368841648,Neutral
ilovemallory,0.23505002521320667,Anti
Greppsch,0.456555450660572,Neutral
KungFu-tze,0.5548007919023235,Neutral
MoIIuscYes,0.617082221165743,Neutral
Pineapple__Jews,0.499940139038185,Neutral
Radontal,0.8171367467731749,Pro
Sheant,0.5561556303537557,Neutral
ChoMar05,0.048401564649955,Anti
gorillamucho,0.999809478886813,Pro
Anemosa,0.470349667294585,Neutral
Bingo2012,0.6373406950033176,Neutral
borges2666,0.328767242276654,Neutral
ciaranr1,0.3060213935301015,Neutral
DeafeningLure,0.938135795601358,Pro
feliov,0.363067963694142,Neutral
CGBisMyFather,0.835401903476032,Pro
xPineappless,0.625059714274684,Neutral
burketo,0.3033244994166329,Neutral
bipolarnotsober,0.418996256248488,Neutral
Im_Chad_AMA,0.34225531352291,Neutral
Cyzor,0.398256797296929,Neutral
rvanderlay,0.5,Neutral
andrefigueira,0.520995986459177,Neutral
Browneyedleo,0.5,Neutral
toffeeapple89,0.580097291739767,Neutral
Rejusu,0.5097496686459903,Neutral
VariousLiving,0.5782164572907755,Neutral
ice2kewl,0.880835324023559,Pro
dnadv,0.5051303371618674,Neutral
SHN378,0.789430394315707,Pro
letsgoraiding,0.3960139430955715,Neutral
Zodaztream,0.775405258445253,Pro
17-Jul-18,0.49361524138299195,Neutral
dolledaan,0.4140288263728287,Neutral
MobiusF117,0.38158206187846255,Neutral
JoinTheFightersGuild,0.3692602135285595,Neutral
tommzk,0.517335326372509,Neutral
ErrrorWayz,0.5102138329909632,Neutral
StarMangledSpanner,0.4444288472767597,Neutral
kirststre,0.7031299007030364,Neutral
qwertybz005,0.73168897171242,Neutral
jabbles_,0.403697175984174,Neutral
calvind8080,0.39813960871906223,Neutral
BitterCelt,0.0048081402007853,Anti
Benzjie,0.47742375321583447,Neutral
Lariatoooooooo,0.358107637850325,Neutral
MiserableDescription,0.683067895422625,Neutral
m0j0licious,0.303168502743177,Neutral
myungsunscott,0.236835917713868,Anti
yendorion,0.5829486933599373,Neutral
ReasonableLadder,0.793725842462742,Pro
Mamalamadingdong,0.6024943280433102,Neutral
whydoievenreply,0.676813025067324,Neutral
germainefear,0.478089656284875,Neutral
GodOfDucks,0.218226516545574,Anti
mariuolo,0.5081250657004878,Neutral
alexvocado,0.612531618424149,Neutral
RoadRunner_1024,0.342032846888614,Neutral
EFTBot,0.128186603152445,Anti
AromaticStrawberry,0.6074710616453058,Neutral
KnightOfWords,0.3316876420278153,Neutral
robfromdublin,0.2751277452024412,Neutral
sirnefsi,0.3360930866155189,Neutral
envirogeba,0.309656710016588,Neutral
IronBahamut,0.706602212189949,Neutral
luca_bill2000,0.5334301719234436,Neutral
dickierichie89,0.958874143556632,Pro
autisticparkour,0.910743885469095,Pro
masturbatingwalruses,0.513247924598283,Neutral
mzanin,0.3841989550351611,Neutral
WhoSweg,0.6584660004417903,Neutral
arcticox,0.335484920337915,Neutral
otisandthehuman,0.166336244674013,Anti
Soncatwhite,0.40823272179774894,Neutral
JonstheSquire,0.3959206038835304,Neutral
ThatChap,0.417410846799791,Neutral
Raraiya,0.5640318927138631,Neutral
Jimothythegreen,0.5009782164091645,Neutral
KaliAvali,0.0266446761952355,Anti
BrutalBoo,0.46310857008364903,Neutral
Jason96P,0.710778143272124,Neutral
Dar_Jus,0.48018135783239396,Neutral
Fubar2287,0.5017760497102255,Neutral
Antpants,0.0887224151111807,Anti
Shouldhavejustsaidno,0.44058269996628535,Neutral
Greywolf979,0.1945717365391075,Anti
anonexfapper,0.5949923919212872,Neutral
troudbit,0.77740980511206,Pro
jmash99,0.9187526952458461,Pro
Xairo,0.4497369993297564,Neutral
Haveyouheardthis-,0.28255082799717385,Neutral
KAHR-Alpha,0.5868436738768891,Neutral
ISpendAllDayOnReddit,0.768299694699983,Pro
2.82828E+17,0.506370933593519,Neutral
Savagehenry1,0.4825583719055766,Neutral
A-Charvin,0.49991715494640254,Neutral
DesignerAdvisor,0.388595884778723,Neutral
recycleddesign,0.540014736499686,Neutral
Noxava,0.32552267622108944,Neutral
hhave,0.725330429613145,Neutral
7c4f2bc63adadcda8ec7,0.644958443541991,Neutral
kevin2357,0.22607483072093135,Anti
psswrds,0.45248114130031303,Neutral
Leiegast,0.375543143707173,Neutral
Sorceress1,0.3376251321794825,Neutral
Elgarr2,0.37348140833088,Neutral
Rooster_Ties,0.4414838123848739,Neutral
Notitsits,0.563362747030779,Neutral
Plane_Responsibility,0.996005492941751,Pro
trippy55,0.321300898619154,Neutral
findiz97,0.734434049817067,Neutral
Darkentwo,0.6391782193131426,Neutral
mangonel,0.5222249884848722,Neutral
NotAzakanAtAll,0.562685776933934,Neutral
joey_bosas_ankles,0.953670650990457,Pro
multiplevideosbot,0.00689870598571505,Anti
Tooluka,0.5705903300181085,Neutral
Thestereotype101,0.5298909322897981,Neutral
churchill-bday,0.633657431114339,Neutral
Yogle83,0.0001657167977939,Anti
NotLikeThisManNo,0.5770463449704467,Neutral
MetalAsFork,0.752238755989532,Pro
Sikorsky1,0.211920672313191,Anti
DynamiteKid1982,0.5254387279717605,Neutral
elenorfighter,0.5319101962927004,Neutral
yuligan,0.191467069819124,Anti
kipiserglekker,0.33650669047516246,Neutral
theonlydkdreng,0.2437936616185691,Anti
sorenant,0.108522715217081,Anti
richbayliss,0.23435247306831708,Anti
JAMP0T1,0.539268553742606,Neutral
LordAlexHawke,0.342417688662863,Neutral
JimmyThe1Life,0.144248730233277,Anti
tigerbalm_eu,0.5601143843528532,Neutral
revelation60,0.5748392763716137,Neutral
WarrenOF,0.5771328482397181,Neutral
l4pin,0.31206695708640136,Neutral
vpsjaars,0.0391169327091823,Anti
chewinghair,0.4475250124770228,Neutral
IWantOreo,0.663128802489709,Neutral
DrOfDarkness,0.7390271796470632,Neutral
Icelander62,0.264770777163632,Neutral
Scum-Mo,0.3327735061206935,Neutral
Peopletastegreat,0.49325776765258,Neutral
Mowgles_,0.4391104020785271,Neutral
sotv,0.474975399556837,Neutral
NCC74656,0.0399488128097231,Anti
WilliamLondres,0.534030033448352,Neutral
guymanndudeman,0.69218494745087,Neutral
Rsbox,0.7966402460974903,Pro
planetf1a,0.4438875444012675,Neutral
iamugis,0.69195745739023,Neutral
turfburneraccount,0.210622282472247,Anti
trisul-108,0.479141443680206,Neutral
Zephinism,0.663187284879877,Neutral
aintnuttin,0.5114824114531239,Neutral
mini-hodor,0.5141874075086175,Neutral
tim_at,0.696350286045286,Neutral
sis_masis,0.3669025701721245,Neutral
159conor,0.46180670689179404,Neutral
Base2Smith,0.7219431736839638,Neutral
leogershonw,0.5,Neutral
Mitosis_Man,0.3078219821944485,Neutral
footnote-nik,0.544275181048255,Neutral
123twiglets,0.5228493963478694,Neutral
IncelBE,0.27821952214343165,Neutral
John_Idol,0.4994424381741987,Neutral
dillanthumous,0.44331764981780797,Neutral
fairywoodlandsprite,0.5730744316249334,Neutral
Cl-Lt-Lucas,0.457792894722187,Neutral
Gluebagger,0.653768856547245,Neutral
okay12,0.4360042251039207,Neutral
nathan123uk,0.5148181234217197,Neutral
0nn0,0.566972061984016,Neutral
CuthbertCollingwood,0.7366790315791746,Neutral
QuantumMemorandum,0.767506203740152,Pro
uomoFIRE,0.536370386182146,Neutral
bloodynervous,0.999586886793503,Pro
DodgyLandings,0.6924349839267694,Neutral
beldarin,0.4780036877207715,Neutral
Pink_Robin,0.478657209323596,Neutral
threedifferentonez,0.5,Neutral
sidetone602,0.0002907020865633,Anti
Ack_Nak,0.13604811731919,Anti
irresistibleforce,0.4770518543933092,Neutral
zygzor,0.700952107869256,Neutral
DiscordGladiatrix,0.5436201071899186,Neutral
FurieMan,0.540493906958641,Neutral
Utterdrott,0.5535173110256205,Neutral
123498765qwemnb,0.7116238439881274,Neutral
PeripateticSyrup,0.39440330457862927,Neutral
lucajones88,0.7901084678591127,Pro
NewDateline,0.7499679173514605,Neutral
your_friend_papu,0.711135262863092,Neutral
miXXed,0.5210785317855251,Neutral
ThirtyThirtyWin,0.693663545945332,Neutral
stevep98,0.5050388194074559,Neutral
DeadRat,0.594367309022691,Neutral
ProfessorBlahBlah,0.464876932442111,Neutral
SarahC,0.125280928577318,Anti
chrisinfrance,0.5,Neutral
B3RN_ARD,0.5162174932050853,Neutral
belladoyle,0.9376622229041963,Pro
shitozi,0.999999980065378,Pro
hoteloscar,0.267833523386877,Neutral
0ddEyes,0.558652603643047,Neutral
tavitavarus,0.24691642259816826,Anti
bjoerneb,0.5712922275573545,Neutral
EXile1A,0.507036851534965,Neutral
FloodyIRL,0.40891095414203926,Neutral
Ko_deZ,0.36175885256792945,Neutral
HappyFriendlyBot,0.45085466662512724,Neutral
Tsjaaahhh---,0.8024592384421569,Pro
tupped,0.20581933419907,Anti
Hoobleton,0.354122338767518,Neutral
manutd2002,0.5701692497902068,Neutral
c0mpanioncub3,0.2038615165311775,Anti
freeturk51,0.51464243966359,Neutral
nixass,0.5872459415845799,Neutral
pen_with_no_ink,0.34075737287220476,Neutral
brianduffy88,0.44100819452926665,Neutral
berniephysio,0.549552781690567,Neutral
twm77,0.5483600956268744,Neutral
Vergehat,0.948569511841193,Pro
KX321,0.438420297244988,Neutral
Nalena_Linova,0.333478037214376,Neutral
sp0tify,0.6937816030349125,Neutral
Taranis44,0.287231356641709,Neutral
FieserMoep,0.5837122817898046,Neutral
arabsandals,0.5331456786500405,Neutral
BrogaLuv,0.556340831568,Neutral
VoinaYMir,0.0251448184358414,Anti
Sheepcago,0.036537075543523,Anti
Kanelbullah,0.565563257905695,Neutral
Legal_Dan,0.917262273999981,Pro
TheOneWhoKnocksBitch,0.5,Neutral
ImSuperObjective2,0.4827889279739977,Neutral
Lord_Handkerchief,0.8093052027950443,Pro
penguin_panda,0.202470292481737,Anti
Y_Sam,0.212350733212464,Anti
Univold,0.765483844323104,Pro
evandijk70,0.445520910770846,Neutral
catalbaReborn,0.3976332897331116,Neutral
davelad86,0.5514868997877935,Neutral
50shadesofbombay,0.619926682460262,Neutral
Rouge_Robot,0.666441626942691,Neutral
Bodhigomo,0.7093456091724,Neutral
neutrondecay,0.423681997346748,Neutral
distantapplause,0.707404859991189,Neutral
OrlandoJames,0.379753611233182,Neutral
FutureGayPolice,0.562257226562708,Neutral
AltaVistaIsGood,0.28248786909076334,Neutral
RonaldFourgates,0.414077325185364,Neutral
PrettyRekles,0.989651275856214,Pro
JamieTallica,0.45221692673513,Neutral
DumbJustice,0.481113341608332,Neutral
Laughinboy83,0.4243997289606908,Neutral
TheFedoraKnight,0.6728927349860965,Neutral
S_4177,0.5007971650489293,Neutral
SpiderfamReturns,0.36726607264057565,Neutral
EmeshGab,0.507683619249584,Neutral
MissMavisMing,0.7892082435914624,Pro
utroi,0.569660887550443,Neutral
Maximus-city,0.456559591419958,Neutral
Tomcat501,0.346800718232915,Neutral
woodruff42,0.4589058073409211,Neutral
morg791,0.4732284443190915,Neutral
aardvarkarmour,0.8527619003294885,Pro
gingerflo,0.5369425113076137,Neutral
itbesomebodysfault,0.31404342700566573,Neutral
lDeadlyfury,0.646105783554033,Neutral
ARogueHobo,0.48094907488593647,Neutral
Beardyrunner,0.376270956730571,Neutral
PearlFarbour,0.570317386159705,Neutral
CSH-1,0.6473454993495866,Neutral
thebabyseagull,0.5695924313509769,Neutral
XJR15,0.916598196244917,Pro
zippy72,0.4674584130789615,Neutral
QCloner,0.972901396104232,Pro
ShottazYo99,0.510994918070782,Neutral
LeoBartlet8519,0.508448766348265,Neutral
wherearemyfeet,0.58912814523622,Neutral
MJS29,0.24710314540389405,Anti
Muckyduck007,0.488674751251521,Neutral
consume_me,0.823189486747239,Pro
jeweetselluf,0.44389128177183296,Neutral
Thanos_Th,0.851675794175195,Pro
CommanderSpaceCat,0.6773459938285492,Neutral
abloblololo,0.415840601820041,Neutral
bokavitch,0.485704804264607,Neutral
chanigan,0.476981697078053,Neutral
DexterAndThePhantoms,0.113143029939749,Anti
Ser_Cheech,0.7231527538237593,Neutral
dohpaz42,0.309636155450583,Neutral
BicMegaLight,0.18396523574864,Anti
fapping_bird,0.556102068458835,Neutral
campkilometrico,0.31673226664748655,Neutral
RajBandar,0.3757255442880155,Neutral
AwDheere,0.568875758601954,Neutral
ILoveJuicyTushy,0.993828822891869,Pro
mantrarower,0.5017031411134245,Neutral
Getboostedson,0.250512893805809,Neutral
pmckizzle,0.755955050679484,Pro
Piere_Ordure,0.48252031315672067,Neutral
Service_the_Fixer,0.6110493358166658,Neutral
odorouselbows,0.1441977724373193,Anti
CaptainCupcakez,0.836964603902952,Pro
sh0t,0.3596693258842333,Neutral
FunShadow87,0.5,Neutral
StuDevo,0.5,Neutral
kirkbadaz,0.118643030613696,Anti
CodeCaps,0.7152643663477006,Neutral
ShibbyHaze1,0.6158859329726525,Neutral
zerotheliger,0.7742828426190923,Pro
buttholdestr0yer,0.45818012513481077,Neutral
Reza_Jafari,0.31353108849399336,Neutral
groggy999,0.5945271287701868,Neutral
heavy_coffee,0.397748022859878,Neutral
xPonzo,0.6013532547881997,Neutral
Internetley,0.7346125375259165,Neutral
Skairsnik,0.369852172611252,Neutral
Communism2024,0.639149994518984,Neutral
Nodens_Dagon,0.5,Neutral
upvote_my_ass,0.22638735510419,Anti
Falstaffe,0.5176602293204665,Neutral
A_MemberBerry,0.5798554682152705,Neutral
PraetorDragoon,0.571258191488571,Neutral
sophyandres,0.6186934438526126,Neutral
Delheru,0.994075346906614,Pro
VesperHolic,0.891652850581122,Pro
Veghog,0.39580715676310924,Neutral
traceitalian69,0.0514264962848792,Anti
Hanzitheninja,0.3493144035676666,Neutral
CarelessWhispa,0.0040453122706535,Anti
H3dg3h09,0.4098916510153495,Neutral
yuropman,0.5237232213857614,Neutral
EverybodyLies91,0.468582052328492,Neutral
CakeDay--Bot,0.27194550455776684,Neutral
Bookmanfilm,0.4889684207143405,Neutral
mankycrack,0.395307307039648,Neutral
FartyMcNarty,0.306992346090259,Neutral
MisunderstoodAsian,0.46204035667643395,Neutral
PhilMitchellOnCrack,0.500902123827506,Neutral
PCDominiqueWalker,0.524098087599261,Neutral
ThisFiasco,0.4663314948088615,Neutral
EvilBacon_,0.480865756171293,Neutral
monnayage,0.5191005629530965,Neutral
Smiffy01,0.5279498394667915,Neutral
MikeyTwizzy,0.676696343435222,Neutral
FogFriend,0.5030296163332333,Neutral
duckfighter,0.38619947349475936,Neutral
Mumbler82,0.807644643001797,Pro
Rooboy,0.444020756207314,Neutral
Willum,0.304187960822665,Neutral
hawkeyehatton,0.547282113458631,Neutral
dingoonline,0.254674487253479,Neutral
GTiGuy,0.5838688559152027,Neutral
knightofgib,0.614999312924383,Neutral
moogintroll,0.45963294187752146,Neutral
chemisca,0.76305563696089,Pro
powelly,0.415336762110771,Neutral
ParatiisinSahakielet,0.5583976624575313,Neutral
BlobadyBlobBlob,0.255339941005372,Neutral
ShinyRockFox,0.4244444944583387,Neutral
Snappy_Darko,0.830226217379861,Pro
jwnskanzkwk,0.4944194351604147,Neutral
Capmemo,0.7485313337229,Neutral
kicking-wolf,0.286673070887065,Neutral
fsdagvsrfedg,0.589929790418139,Neutral
NotTheSameEverywhere,0.346305670372167,Neutral
mackay11,0.39984072561681,Neutral
TOV_VOT,0.5771725228291215,Neutral
pavetheway91,0.4792708482468483,Neutral
Malkiot,0.45524658212341873,Neutral
Icreags,0.3450349796134289,Neutral
sub-t,0.5,Neutral
AStarBack,0.103593547207271,Anti
RainODonnelagh,0.594020585738598,Neutral
bouncedeck,0.632722539652001,Neutral
brasio84,0.5189179593392,Neutral
_Safine_,0.424319195089531,Neutral
dessmond,0.4248454929718859,Neutral
gufcfan,0.252892640980389,Neutral
HitemwiththeMilton,0.7082336742969643,Neutral
TammyElissa,0.5165256570782744,Neutral
TheGreyt,0.4051182026525195,Neutral
kerrangutan,0.153750547121079,Anti
WrennyJen,0.2927739944780775,Neutral
VenomPyro,0.184502644470833,Anti
BongoMan7,0.48169113042270156,Neutral
tye_h,0.453138617251802,Neutral
BlueMonday1984,0.5,Neutral
NeptuneLeNegresco,0.47412647820417303,Neutral
ZxZxchoc,0.0347205988979713,Anti
RepeatedSignals,0.993078961607825,Pro
nonchalantfool,0.7164429444364995,Neutral
swed1shchef,0.47110906669588065,Neutral
phate101,0.28451685466205,Neutral
justmatt89,0.5321303761161944,Neutral
UrhoKalevaKekkonen,0.4538077514253994,Neutral
ragnegengar2,0.4232115897171913,Neutral
tekkeN303,0.42853382980646465,Neutral
lostllama2015,0.516186058809782,Neutral
hoihe23,0.43366358974602814,Neutral
Harrison88,0.4107022110418995,Neutral
onframe,0.6084127411498532,Neutral
PrettyText,0.506980085664193,Neutral
light_odin5,0.48314061888284404,Neutral
shootupyourschool,0.3212439003205804,Neutral
andrew_ie,0.660819406791124,Neutral
OpusRelinque,0.45478295136927305,Neutral
FNGNation,0.5808769852864781,Neutral
lennihein,0.5867258233890287,Neutral
simo_rz,0.2813146710357512,Neutral
mockrotten,0.42371264599654146,Neutral
danddersson,0.0769828726001578,Anti
drowner1979,0.969742977913936,Pro
lanskyid,0.7564690198036557,Pro
akz,0.408158723754043,Neutral
aneurinsmith,0.0225632366776785,Anti
SteelyTuba,0.417011850763388,Neutral
coldstreamer59,0.6268259094835915,Neutral
WanderingATM,0.166692162867741,Anti
titian834,0.67465674482759,Neutral
sc7606,0.914632017324127,Pro
Shock_Masterrr,0.329247355738368,Neutral
bedberner,0.026045691161936,Anti
norieeega,0.88972835842104,Pro
CuthbertTheDestroyer,0.5188242383034231,Neutral
RedListHunter,0.709960046582356,Neutral
superhappyrobots,0.57488169699771,Neutral
mostlyawake42,0.528532029664381,Neutral
Wildlamb,0.633143732931208,Neutral
Captftm89,0.3049251974965071,Neutral
afua82099,0.234982266562177,Anti
96-62,0.4745203809913312,Neutral
pino8282,0.0598047185105929,Anti
CouldBeTheGreatest,0.356376207485388,Neutral
Kitedude,0.4422835441022564,Neutral
Divisas,0.663796498911557,Neutral
cbusalex,0.4222360076089832,Neutral
BugalooShrimpp,0.3359468188350105,Neutral
conventionalWisdumb,0.332411489941067,Neutral
FreetheDevil,0.886278129135076,Pro
haroldpotter12,0.524729936772646,Neutral
BickyLC,0.45990749353376864,Neutral
dontringmydoorbell,0.987639411817967,Pro
StrangerDangerBeware,0.3386917201035925,Neutral
GooseCamel,0.128419154028872,Anti
tylus9086,0.4942106481734993,Neutral
eatingdonuts,0.393961044458769,Neutral
defunct_cloth,0.5660995017891816,Neutral
blackmagic70,0.4698138036284523,Neutral
RedWhacker,0.46971538664617,Neutral
JacqueBonhomme,0.9994581447390334,Pro
gman1234567890,0.694595476738255,Neutral
igetpaidtodoebay,0.779042530790334,Pro
teh__Spleen,0.3533279827177595,Neutral
Platypupduck,0.519447331877554,Neutral
mattshiz,0.6909085206012757,Neutral
Wyand1337,0.559934598312526,Neutral
handsandteethforest,0.525229475592446,Neutral
judeorange,0.6184477235213401,Neutral
Yodplods,0.7195756095822619,Neutral
Osbios,0.4220713451316598,Neutral
Itzjaypthesecond,0.261241786082833,Neutral
Azman6,0.6495573500990335,Neutral
Saintaw,0.4217488794668695,Neutral
jpf137,0.979456758528649,Pro
troggbl,0.573757025884421,Neutral
Sp00kym0053,0.703450526436207,Neutral
KillerSlipper,0.459478452763112,Neutral
RassimoFlom,0.571400058232945,Neutral
Cozypowell007,0.309276773445591,Neutral
TheKingOfDogShite,0.405306479530155,Neutral
ALittleBitOfHate,0.679461922215478,Neutral
ClothedIrony,0.821613954408529,Pro
herbiems89_2,0.721780873371106,Neutral
RussiaWillFail,0.5519727241256079,Neutral
wushi,0.74697043478101,Neutral
_kusochi,0.578959309456722,Neutral
elspis,0.611731298430045,Neutral
Icabbles,0.5609808355938846,Neutral
rik73,0.47142006934477587,Neutral
Panasas,0.4166390541884295,Neutral
PeaSouper,0.0477716063909813,Anti
EwanWhoseArmy,0.5,Neutral
psd2020,0.9599165755701827,Pro
_Cow_,0.6742036708282605,Neutral
KidDon8,0.771543205388116,Pro
BlogSpammr,0.599654669583276,Neutral
da-me,0.5876227693701767,Neutral
elmariachi304,0.860972459001091,Pro
xpdx,0.401300836538392,Neutral
calimlol,0.372325957598467,Neutral
LoboAlto,0.458051253175073,Neutral
JustBrowsing696969,0.360084041117632,Neutral
about3fitty,0.505383651678912,Neutral
braito4,0.584581895979571,Neutral
fisher__2000,0.462919831116188,Neutral
the_one_jt,0.48654184359873115,Neutral
bristolcities,0.4267985173618533,Neutral
spoonrise,0.34130404139325865,Neutral
burritobill95,0.503425279668489,Neutral
TheMikeDee,0.5300437726163993,Neutral
TrustYourFarts,0.0124702189060527,Anti
fahrenheitisretarded,0.46279545932765853,Neutral
joebeau5403,0.0283450222900114,Anti
Primebeef,0.5,Neutral
Atrovol,0.465346724075989,Neutral
ServingSailor,0.4679144817661669,Neutral
mrbigpiel,0.527723812471469,Neutral
scolley224,0.911468583538807,Pro
ultrazars,0.454782887445963,Neutral
TrumpsYugeSchlong,0.33516476513523263,Neutral
nonamenomore,0.683826426938318,Neutral
zaphod_vi,0.47827317499183825,Neutral
Disaster532385,0.2820660028869353,Neutral
3xergi,0.232939068238155,Anti
qp13,0.557036403521018,Neutral
cooooooolusername,0.549615596420548,Neutral
Titrifle,0.5061576544546278,Neutral
Comissargrimdark,0.788062657953544,Pro
RatFuckMaggotCunt,0.108847957749285,Anti
slutmonkey123,0.29218145456785,Neutral
Proud_Idiot,0.42494612180785124,Neutral
pseudont,0.45002380335422804,Neutral
AspirinTheory,0.0662217079343077,Anti
H2V2C1,0.660498362859496,Neutral
Toggleguy_,0.454399063247435,Neutral
Batmack8989,0.48530025709237995,Neutral
valoigib,0.5271752257662321,Neutral
spacegazelle,0.261896643799156,Neutral
BusinessPeace,0.5401096202206912,Neutral
xignaceh,0.47810274936504893,Neutral
Axelrod75,0.40844458663104705,Neutral
Celldrom,0.4707217436832257,Neutral
CI_Whitefish,0.4707900056516761,Neutral
blockchainunchained,0.5084034378115355,Neutral
WeinerGmbh,0.0593291642700134,Anti
donalc93,0.28778783906753497,Neutral
AndorianBlues,0.3443069972894445,Neutral
CarnivoreX,0.5,Neutral
ivaylo_belchev,0.25470359792457603,Neutral
DanJdot,0.45948644758815194,Neutral
Superbeast3001,0.615791235703858,Neutral
Abominom,0.42567730008592025,Neutral
TNTiger_,0.0849897034340669,Anti
datascientist2,0.3327808334681627,Neutral
RedCatBro,0.6004520445750271,Neutral
bishy-,0.5839592214155648,Neutral
Spooknik,0.185485256973677,Anti
JPO231288,0.284795135971149,Neutral
b-foo,0.6799934681918796,Neutral
arrogant-rat,0.5679205945036178,Neutral
AFX28organ,0.5503649585754476,Neutral
StinkyBrownCheese,0.440230880756455,Neutral
unionReunion,0.38819439884570894,Neutral
Shoop-de-Boop,0.391186229239686,Neutral
Smallbluedot,0.4250835396595889,Neutral
ShpudzAndSushi,0.4467242669857848,Neutral
Razzzp,0.482347135276423,Neutral
alexfulger,0.446215652980421,Neutral
OptimalPaddy,0.165944315149033,Anti
lordofherrings,0.489620305533355,Neutral
Chairman_Moe,0.72589123659406,Neutral
leo__bulero,0.527225113069847,Neutral
jlindsay773,0.6534637716001219,Neutral
unknown_aime,0.4771821792769743,Neutral
Fishscalesoupcookin,0.6808379304750355,Neutral
kerelberel,0.409801025622517,Neutral
Nall-ohki,0.623058049167447,Neutral
SnootyMehman,0.476610878970189,Neutral
Tiothae,0.162011447444651,Anti
jonnyiw,0.473690890913041,Neutral
ShibuRigged,0.30232217723921373,Neutral
GruntySqueakBeak,0.3266744952034756,Neutral
The_Ol_Grey_Mare,0.362761934788049,Neutral
ULTiMO_H3RO,0.328330378898627,Neutral
A_Gustave,0.3828961133345083,Neutral
JimbobobaboBob,0.754574992416777,Pro
WeeWeeDance,0.1763320844392076,Anti
Gen8Master,0.44027278680427634,Neutral
Phtpnk,0.36453043394655776,Neutral
RCTeducation,0.257958254579356,Neutral
Rubberduck_LV,0.6289281466270804,Neutral
HysteriacTheSecond,0.0306822587631594,Anti
stunt_penguin,0.754163926415623,Pro
sir_fenwick,0.407480534629774,Neutral
tarutataru,0.6928372191629636,Neutral
devilshitsonbiggestp,0.0123881883827806,Anti
selfbuildveteran,0.7005783746575167,Neutral
Yourparkingmeeters,0.315837347161698,Neutral
vaguelypurple,0.5625671955182349,Neutral
TheGrimDark,0.4486379859545299,Neutral
Frogloggers,0.926451172354927,Pro
MalkyC,0.356622094971185,Neutral
twitterlinkbot,0.145047932240771,Anti
SiberianPermaFrost_,0.639866770334943,Neutral
anything_for_upvote,0.685302991360794,Neutral
Alucardlil,0.3592629379175925,Neutral
noentiendoDS,0.4873841651105195,Neutral
achceo,0.43293073012786865,Neutral
scientarian12,0.393101450337197,Neutral
conworker2A4LIFE,0.712396658504648,Neutral
spiteful-vengeance,0.37021724847158677,Neutral
omlette_du_chomage,0.690157191952589,Neutral
excelevator,0.466090883124507,Neutral
stevo_78,0.5176957587968787,Neutral
PixelRage9,0.8175638169636306,Pro
codioloop,0.15858970601697822,Anti
phyrros,0.1622379916810695,Anti
gerundio_m,0.4671751455643164,Neutral
GuardFighter,0.6171080150392697,Neutral
Otters-Pocket,0.436493623616611,Neutral
zandy2z,0.975684927884369,Pro
tiexano,0.457967549213618,Neutral
UnknownUsername_,0.47321290299985197,Neutral
korbelix,0.40410229827015703,Neutral
cianic,0.6085713911159257,Neutral
rthehun,0.707268255046926,Neutral
daghada,0.45690650135886746,Neutral
SuperNahta,0.349763997313678,Neutral
AFrigginWizard,0.5425176556059518,Neutral
rubikovakocka,0.249233451096991,Anti
bot_bot_bot,0.3895821819014495,Neutral
maddaneccles1,0.17328026976269487,Anti
Verify_23,0.214137096627798,Anti
wcds2,0.582806612480159,Neutral
stochastix_randomus,0.48418348085750784,Neutral
raknor1981,0.891719836531476,Pro
internetrambo,0.5655171568775829,Neutral
transmogrificate,0.0991910675437329,Anti
DawsonPugh,0.728234765989793,Neutral
globaldu,0.392767530909641,Neutral
Brumafriend,0.783049417089947,Pro
Lord_Trollingham,0.3214320068027925,Neutral
Helldogz-Nine-One,0.5025170466615684,Neutral
SMTJackFrost,0.8735848745842515,Pro
kapodistrias,0.589088713314217,Neutral
anthonybsd,0.783351897925147,Pro
SuperSodori,0.2319222494412983,Anti
bastc,0.303730369022538,Neutral
paperclipmammoth,0.521604269614919,Neutral
WhyFix,0.3322818728330957,Neutral
aaa101010aaa,0.528873085780628,Neutral
PoopDustGoober,0.431020907201018,Neutral
Artless_Dodger,0.3176965951693225,Neutral
acaicompacoca,0.431020907201018,Neutral
cooash,0.802146581009112,Pro
dreeke92,0.5086806398021977,Neutral
WALL_OF_GAMMON,0.651826565637002,Neutral
CatsEyeslnTheDark,0.77184795766903,Pro
Laikitu,0.46926783558614565,Neutral
HCkc1n,0.8070282634802473,Pro
ka41m,0.6198919175209605,Neutral
NonAbelianFrog,0.628884009085616,Neutral
realoksygen,0.4431085255221215,Neutral
Ergok,0.547612923850143,Neutral
The_Pringles_Man,0.6267688044688148,Neutral
Holy_Roaming_Emperor,0.310143950970196,Neutral
magaton5,0.459475647256017,Neutral
Lil-Chongo,0.7197610021768146,Neutral
oskich,0.899813349352089,Pro
mrmoo232,0.608658477111225,Neutral
cin3hack3r,0.34520200961444947,Neutral
SpikeHimself,0.5856272343675812,Neutral
Reapercore,0.154168059295369,Anti
mynameisfreddit,0.35416435291499204,Neutral
Trynottobeacunt,0.472297080619578,Neutral
InclusiveOr_Bot,0.523407535990779,Neutral
meitham,0.5016444499871805,Neutral
mighij,0.5518780623389457,Neutral
Eddie888,0.770792032505697,Pro
Nikki-pat-77,0.8161010179057809,Pro
LethalMartial,0.5767010791553855,Neutral
tr40834,0.533297191128437,Neutral
x-Mortal-Wombat-x,0.202154429759886,Anti
Daria1984,0.599045685275007,Neutral
meatskull,0.4269006213896753,Neutral
TapdancingJesus,0.805147550339094,Pro
BikerMouseFromMars,0.5459119847305187,Neutral
foobar93,0.576891443263796,Neutral
WeKillThePacMan,0.15753808037787,Anti
QuietZiggy,0.5397506015479221,Neutral
some_toast_,0.5,Neutral
mr_johnsie,0.329096666640368,Neutral
Pickwickian-,0.721984797653545,Neutral
Greippi42,0.6234656212379885,Neutral
ADampDevil,0.245226541586587,Anti
Master_Structure,0.44758671019979945,Neutral
edelkoikarpfen,0.808921733700491,Pro
CarderSC2,0.5315800423060084,Neutral
NaughtyReplicant,0.600521697324865,Neutral
batkhow,0.47551360545792665,Neutral
nagromtpc,0.415776475716837,Neutral
praise_st_mel,0.46572796107202313,Neutral
gerflagenflople,0.4627566790489756,Neutral
jumdogg,0.425614008978623,Neutral
nmbrod,0.9628957125167701,Pro
LopsidedCoast,0.278449179122677,Neutral
kibbeling1,0.7251234363284363,Neutral
PilkoTrumpSycophant,0.327518105142146,Neutral
Cadwaladr,0.209759793642676,Anti
___alexa___,0.184585838984276,Anti
Never-Regret-It,0.565332208034714,Neutral
Amaninthenude,0.5992626170350156,Neutral
Lord_Percy_Pig,0.450233963420938,Neutral
klimauk,0.725968705444483,Neutral
Feuershark,0.33736782270795196,Neutral
WordWorthiest,0.3349931006741695,Neutral
Tigerjug,0.07909528018534119,Anti
NoahHaders,0.3271844916998205,Neutral
dGhleSBoYXZlIG5vIHdv,0.42677041610081,Neutral
townmonks,0.6180850437075912,Neutral
bongjovi420,0.5705101444287813,Neutral
-laissezfaire-,0.7879413566235224,Pro
NinaZzzz,0.5469945833105685,Neutral
Hagee0r,0.870836619676481,Pro
originalcyri,0.886382222247765,Pro
FreeloadingPoultry,0.44984791327254875,Neutral
Sneakysouthpaw,0.828729454968513,Pro
Amb_12,0.3699140181414164,Neutral
midlakewinter,0.616018533992614,Neutral
TheresHimselfNow,0.372990538673985,Neutral
Boylaaa,0.861795252380955,Pro
leozord,0.652475777453432,Neutral
develomancer,0.458712136428656,Neutral
gjmc82,0.971434915408786,Pro
AgentOli,0.5,Neutral
Mauvai,0.34251165214625,Neutral
DrOrgasm,0.247487787037833,Anti
Peil,0.669280550529352,Neutral
Melkorthegood,0.863227440442844,Pro
ElNicho30,0.815857127659523,Pro
AnticsVR,0.0468622838196078,Anti
BigFatMoggyEejit,0.39404724407980596,Neutral
Metag3n,0.0005658810724496,Anti
Siriusmack,0.866739772925403,Pro
popkulturniy,0.399216892817904,Neutral
SeamusHeaneysGhost,0.5448209352542907,Neutral
pokenguyen,0.5448702160645137,Neutral
ChezYakamoneye,5.93927320672251e-06,Anti
trustnocunt,0.408712441277826,Neutral
helemaalnicks,0.40606314075874195,Neutral
MalgrugrousStudent,0.566246678124698,Neutral
DiscoMonkay,0.0016711729954258,Anti
4-Vektor,0.2315821447226429,Anti
niconpat,0.594673362387235,Neutral
danchamp,0.627762673665168,Neutral
DaveInYYC,0.5388383441813078,Neutral
labyrinthes,0.32144798287214826,Neutral
Jeqk,0.502006772734434,Neutral
Tp_f1,0.243143805749125,Anti
SelfBid,0.4114007342199265,Neutral
CodexOfDoom,0.980781029484963,Pro
keepittidy,0.433301487724689,Neutral
clive_u,0.2044301302046372,Anti
Ahlvin,0.0439423234242305,Anti
BlueFaceMonster,0.574230340223707,Neutral
ReCursing,0.062331560071572,Anti
crackeddryice,0.479552115451096,Neutral
notmeok1989,0.782915843436615,Pro
Kari-kateora,0.6932001097691579,Neutral
fantablob,0.5244503562746127,Neutral
QuandaryOfRed,0.709595645743789,Neutral
JarJarBinks237,0.768612522212875,Pro
vimefer,0.5459380302772798,Neutral
ThisIsMyUsernameAT,0.5225128394563813,Neutral
SiThePhotoGuy,0.6098033445538021,Neutral
klumpit,0.411717216136033,Neutral
turnipsoup,0.320085001778194,Neutral
FDGF1,0.4452740001292093,Neutral
LagniappeNap,0.802440204004379,Pro
velothian,0.497354711517818,Neutral
EmpiresGreatestSon,0.841831854410182,Pro
primeirofilho,0.0255408576068171,Anti
malicious_turtle,0.455166057408466,Neutral
TheMightyCephas,0.4212744475658355,Neutral
Nosebrow,0.458826792559376,Neutral
Bernott,0.7631366669719566,Pro
Pikolas80,0.763330060393993,Pro
ronano,0.71740447578614,Neutral
medutis,0.313089890068592,Neutral
SuperHeroConor,0.342290935538172,Neutral
neondiet,0.42493710268314994,Neutral
Urban_Eagle,0.914071033201881,Pro
_Zelf_,0.954921670568452,Pro
MediumBurntToast,0.3845353263604506,Neutral
KitsuneTiger,0.504954429642789,Neutral
scootaboy,0.47441888676403654,Neutral
NoAnswerbutQuestions,0.43613136297648963,Neutral
letmepostjune22,0.48971292249922527,Neutral
headsortails69,0.3711241674700675,Neutral
Darklondon,0.3802437940373395,Neutral
cobhgirl,0.4584926140145931,Neutral
btinc,0.3399569320829433,Neutral
am0985,0.14882753747017452,Anti
kittiefox,0.292665703125297,Neutral
beipphine,0.47743919598977635,Neutral
Technodictator,0.6030368619394131,Neutral
fortis,0.6267006821307447,Neutral
achillems,0.37639531444616203,Neutral
DoctorYoghurt,0.3297484165674705,Neutral
Kyusu,0.740269099122417,Neutral
justinian91,0.560537506239277,Neutral
epi-phany,0.4040146915859835,Neutral
ararepupper,0.595950929612876,Neutral
balloonist35,0.8010745705469119,Pro
EuropeanResident,0.513875799979215,Neutral
MelanoidNation,0.5444735869178795,Neutral
nexustron,0.5,Neutral
Ankarette,0.182801119184597,Anti
Justyouraveragebloke,0.987558675835358,Pro
Kentyboy123,0.3562307647151983,Neutral
Taladar,0.49192347313522594,Neutral
akmere,0.768337958119752,Pro
Incelbydate,0.6066912639510315,Neutral
F10NN0,0.8208866160088197,Pro
catec87,0.13127161184466885,Anti
monsterfurby,0.3790195651737524,Neutral
Toasted_Badger,0.139813391936929,Anti
1999-2017,0.5,Neutral
Finsceal,0.2971901986986055,Neutral
TwoFluffyForEwe,0.514586332762118,Neutral
robkaper,0.40256678317488187,Neutral
xRyubuz,0.5616433245465036,Neutral
Dupensik,0.5696842655262974,Neutral
jmmcd,0.40448814388554943,Neutral
RogersPlaceBartender,0.55279341397277,Neutral
Chronotaru,0.40169496540402533,Neutral
FiveAcres,0.1500363902160775,Anti
crdctr,0.682763912815497,Neutral
_Technomancer_,0.418873470650937,Neutral
GlitteringBuy,0.39032972844840935,Neutral
gangofminotaurs,0.538921821789746,Neutral
DonQuiBrained,0.27267922209707834,Neutral
rotflol,0.0408103023750646,Anti
Doudinou,0.391827800187558,Neutral
YourJoyOffendsMe,0.998688181593383,Pro
jukranpuju,0.5592494049525636,Neutral
pir22,0.901867019034892,Pro
throwaway1liner,0.35512699062716324,Neutral
bogfield,0.5029190537343622,Neutral
white_nerdy,0.991152491162137,Pro
MsGxx,0.5145207012555021,Neutral
KiraNobby,0.3855596664764,Neutral
ProvocativeTV,0.238941861628116,Anti
drdestroyer9,0.251762690596009,Neutral
oxacuk,0.0628257602533008,Anti
BaronWiggle,0.5525033196669694,Neutral
rockyroch69,0.8014133734310129,Pro
isozvaillancourt,0.545477370656579,Neutral
LaughingAtTheRight2,0.6373945443215595,Neutral
Nasherino91,0.005424562893173,Anti
Magallan,0.3007691346532055,Neutral
fuau82100,0.21423042119113458,Anti
fractals83,0.6814823349238083,Neutral
Fulp_Piction,0.285919175205851,Neutral
Alma_Encantada,0.659625723904682,Neutral
el-pietro,0.3520288866691607,Neutral
SlyRabbitWeasle,0.222368859619513,Anti
SquidgyTheWhale,0.5622876282926663,Neutral
JJD14,0.0277712606643863,Anti
Lickmehardi,0.446160755735537,Neutral
BoxingFan88,0.47966977638267827,Neutral
walnuthugger,0.251241515893076,Neutral
chappyhour,0.5965847262055363,Neutral
bikasv,0.389584265582971,Neutral
pleasefatladysing,0.722601751969354,Neutral
HalcyonAlps,0.39054068472873454,Neutral
Frank9567,0.38151430015290483,Neutral
Magalabungalaho,0.5812569698901908,Neutral
international_gypsy,0.6457933195004947,Neutral
wipeitonthecat,0.5761611328769385,Neutral
goto1415,0.646330335338821,Neutral
cryan24,0.0396323505023922,Anti
neepster44,0.535821759346986,Neutral
dodosphinx,0.6162013428107176,Neutral
whampstomp,0.782667612835537,Pro
Devilaz,0.6189347104182485,Neutral
Premium_Edge_Lord,0.5802032471359813,Neutral
justinisinlondon,0.400331860805319,Neutral
Aliwithani,0.8035449966357756,Pro
Yasuchika,0.366094231768326,Neutral
dsj070,0.5226691774942128,Neutral
EncouragementRobot,0.563800608602895,Neutral
flonchchider,0.311789798991438,Neutral
newMike3400,0.5898789755968673,Neutral
RynocovUK,0.42898732648706794,Neutral
Sixty9Eyes,0.879381574034808,Pro
gamesart,0.7339098525755585,Neutral
eliquy,0.6236232756512003,Neutral
General_Alpha,0.3927897802340187,Neutral
BOBINLONDONUK,0.5712254174545786,Neutral
KalleKaniini,0.0689602585749822,Anti
foolsgold1,0.918911287163095,Pro
Vennn,0.223837919196948,Anti
Skatesafe,0.446397695210555,Neutral
MAGAyarHUNYADI,0.5354714746614955,Neutral
The_Irish_Empire,0.54442608325177,Neutral
wlynncork,0.4944221626802723,Neutral
ZetZet,0.5001739260287047,Neutral
Shapitizer,0.686468870588764,Neutral
nottoday2019,0.32821143895823535,Neutral
BlueAgaveEspecial,0.537693244622663,Neutral
Jadeyard,0.24317068131161695,Anti
baboons_scare_me,0.329644335346886,Neutral
Grenayedoom,0.578319030028189,Neutral
systmshk,0.613761640067541,Neutral
Shanbo88,0.3020068987871405,Neutral
Blaat1985,0.722351250397358,Neutral
SherlockeXX,0.150026201840732,Anti
psychonaut4020,0.377370361012214,Neutral
civy76,0.488218410857004,Neutral
J1mj0hns0n,0.7645165823934863,Pro
VerGuy,0.3692420211264582,Neutral
pcjwss,0.6986947555037201,Neutral
Cymen90,0.774575906736809,Pro
I_Like_Dem,0.3309401698067855,Neutral
dictatemydew,0.0150330190326272,Anti
rootusrootus,0.7208433912029315,Neutral
Wildfoox,0.0403842245522358,Anti
CivilRepublic,0.5573932528977913,Neutral
AyDoubleYouDee,0.9140186739597445,Pro
An_Eloquent_Turtle,0.340973532033173,Neutral
panchoadrenalina,0.645415981295318,Neutral
yampp,0.118382420734372,Anti
dagelijksestijl,0.305090067286162,Neutral
PinkyPonk10,0.23847720004944,Anti
StoopidFacts,0.447773271521325,Neutral
Watergeito,0.316939689054694,Neutral
Lord_Slong,0.37472996069605974,Neutral
95DarkFireII,0.4478179135729886,Neutral
jaypp_,0.010072219299365,Anti
rohan_himself,0.5251542907786645,Neutral
TheLoreBard,0.372126811224935,Neutral
oggi-llc,0.50199041433955,Neutral
zoonage,0.426440157443338,Neutral
cybes511,0.68301738592221,Neutral
decentishUsername,0.5721334355835105,Neutral
murraynho,0.5182526291728803,Neutral
xela88,0.5554944149531137,Neutral
Commenter1000,0.40768961753447,Neutral
Jbuky,0.6269205909872756,Neutral
HCE1132,0.681009082376412,Neutral
Luxass,0.2906693140521077,Neutral
TaizawaOwl,0.39743942685763833,Neutral
thejamsandwich,0.0582674098840011,Anti
vetinthecity,0.0912183706114512,Anti
muntaxitome,0.441881794440711,Neutral
EmperorXeno,0.72890426682428,Neutral
PruritoIntimo,0.5375148242672354,Neutral
Joana1984,0.835555346997595,Pro
WahiniLover,0.190249059280939,Anti
Guy72277,0.34567633855701146,Neutral
tjarko,0.4125905804222275,Neutral
SmokingNoseBlunts,0.78383391990463,Pro
sqwiwl,0.40947391283115153,Neutral
Imnot_your_buddy_guy,0.3580390530229162,Neutral
sartres-shart,0.47528448437566395,Neutral
ron_burgendy6969,0.5420669285776001,Neutral
Pissfingers,0.5457909093487917,Neutral
saul_m,0.32836960294419176,Neutral
paxnn,0.40071965388386,Neutral
a_change_of_mind,0.3590593387540868,Neutral
Bropstars,0.456954567545328,Neutral
MrMister1994,0.741704526370013,Neutral
ianwold,0.359492205139728,Neutral
HeliotropicJourney,0.998180570427179,Pro
fiveguysmilkshake,0.23949687567252131,Anti
aonome,0.5162903845334201,Neutral
dotpaul,0.3174281485471729,Neutral
YPRMSCGN,0.525031122692667,Neutral
Micro6y,0.44180688924793,Neutral
ongebruikersnaam,0.37929730333278,Neutral
Sgu00dir,0.480999870329231,Neutral
Illustrious_Warthog,0.46041512189431627,Neutral
podebyta,0.694344026691983,Neutral
VplDazzamac,0.5260760994154342,Neutral
wscottwatson,0.283642040014757,Neutral
Wenge03,0.4639138498936014,Neutral
cockeroo,0.632544631894673,Neutral
Jellico,0.649463263596431,Neutral
Ayoublfc,0.579489830141229,Neutral
Darth_Bfheidir,0.4329015951744551,Neutral
twice4mylife,0.538998519422971,Neutral
Broadside486,0.44994011335196,Neutral
makuntizsmelli,0.5782814170017267,Neutral
TheGorilla0fDestiny,0.5641244596194344,Neutral
WolfSpinach,0.29106042903726387,Neutral
Careful_Hearing,0.154206243482134,Anti
EverythingIsNorminal,0.400507444003276,Neutral
redstarduggan,0.290338661134431,Neutral
JustAnotherWeasel,0.45278866543523,Neutral
fpigorsch,0.499940139038185,Neutral
ReligiousGhoul,0.0640490009069631,Anti
60660,0.312792394974013,Neutral
compaq1024,0.3779417567754667,Neutral
MutsumidoesReddit,0.5759348499723583,Neutral
thebaldmaniac,0.837434307916491,Pro
WvvooB,0.35648409587972774,Neutral
PropitiousNog,0.4887782486450649,Neutral
HKei,0.23846563519857988,Anti
ChuckyChuckyFucker,0.488447111083751,Neutral
ProtMearbhall,0.488081970250133,Neutral
cajetanp,0.32807998072243,Neutral
Salt_View,0.48854528534362984,Neutral
Ccrdngsttmnt,0.563201594638211,Neutral
CrocPB,0.5001796311061006,Neutral
peterbalazs,0.3597782209534756,Neutral
fritzfischer,0.368495252180377,Neutral
Sabremesh,0.4703554164846998,Neutral
paganaye,0.36116301519798755,Neutral
cronus89,0.554516779902478,Neutral
ihatemondays92,0.33915260065848346,Neutral
Phimanman,0.696680181213317,Neutral
ColossusToGuardian,0.49911648502646394,Neutral
Laurian,0.6382708874668855,Neutral
BlindPaintByNumbers,0.6812059862703269,Neutral
randmzer,0.7029912845109575,Neutral
chazmuzz,0.617961301941839,Neutral
Mad-Eye-Ryan,0.931107939705729,Pro
hoeskioeh,0.266143667283522,Neutral
HackNAxe,0.839693358284281,Pro
Versaill,0.601354491772515,Neutral
ganniniang,0.363600523223608,Neutral
luctoni,0.301565278752299,Neutral
DonPhelippe,0.6063281188435842,Neutral
DangerousBeans1,0.3967221164155565,Neutral
jingyan4,0.210535679337122,Anti
Morrinn3,0.756851354952526,Pro
Camelbeard,0.5581325898558491,Neutral
Kafkaofsalford,0.6287157896411897,Neutral
tbc21,0.5307521907251563,Neutral
sammysounder,0.49051188608913976,Neutral
Baldrs_Draumar,0.5401647308388424,Neutral
SirOden,0.5153301176440626,Neutral
ZfenneSko,0.8193266089849921,Pro
Cowmarket,0.440155535757763,Neutral
dominic_grimes,0.371739121844886,Neutral
muminisko,0.5057055935361836,Neutral
Slight_Lemon,0.94861943874015,Pro
smtid,0.660967879958639,Neutral
Zazmuth,0.423536554953922,Neutral
TwentyThreeBadger,0.446960217029231,Neutral
eacg14,0.606290626701217,Neutral
Pleased0ntask,0.560505232194652,Neutral
jpty,0.5377006930189495,Neutral
keon2000,0.6307080916169133,Neutral
neutrino71,0.38192952746392184,Neutral
sektabox,0.638084890987358,Neutral
ouverture8,0.897772142072582,Pro
MultiMidden,0.4838374071629325,Neutral
niceguysfinishtheOJ,0.528516744418149,Neutral
wuxmed1a,0.701512192510252,Neutral
Musicatronic,0.7148865117084455,Neutral
Pinkllamajr,0.751442863534188,Pro
tinnedspicedham,0.576535005518156,Neutral
plug_play,0.5266864387698805,Neutral
Algell123,0.539313885306658,Neutral
mymangotree,0.5642667270793813,Neutral
ultramarine11,0.18854333011535304,Anti
NotYourFathersEdits,0.513698333773795,Neutral
Famous_Stelrons,0.2731480478207276,Neutral
notsosharpy,0.5513876242103974,Neutral
nannal,0.353637499366022,Neutral
DirteeCanuck,0.546576848985432,Neutral
foopac,0.8500183626335099,Pro
pygmy,0.769327184538457,Pro
SagedOut,0.797002372997502,Pro
Schumarker,0.482260461102596,Neutral
subhanghani,0.147788964131638,Anti
MuOpiod,0.292954611672807,Neutral
iceevil,0.751090710372946,Pro
Dicios,0.999538645659596,Pro
Erqzzz,0.440710832743946,Neutral
JohnSavage_,0.624085084916156,Neutral
CandescentPenguin,0.5425215865685232,Neutral
Sa10aep,0.786998381700782,Pro
Psycho1985,0.49700582969639895,Neutral
andrusbaun,0.611392580654301,Neutral
naaiseun,0.5863888058186918,Neutral
JMT97,0.714286672386467,Neutral
ackchyually_bot,0.562146735300886,Neutral
jessicabite,0.5156403697947265,Neutral
Dartillus,0.26542284143332084,Neutral
theJarlAli,0.58401578479731,Neutral
Fatuous_Sunbeams,0.3555158422146466,Neutral
deurtje,0.48080903458176527,Neutral
AdobiWanKenobi,0.5058436122347356,Neutral
CondescendingPsycho,0.451029934168099,Neutral
iSanctuary00,0.55284247489255,Neutral
JJB92,0.244959970463362,Anti
Rashaway18,0.5,Neutral
dideldidum,0.2995486692271311,Neutral
bijomaru78,0.156579483812093,Anti
Neptune9825,0.0096548245006129,Anti
anxious-and-defeated,0.581217470370848,Neutral
Mackle,0.257765718955339,Neutral
ElectronicNinja700,0.697778755945522,Neutral
Benja1789,0.0664687079626422,Anti
themadhatter85,0.528401914189479,Neutral
lameuniqueusername,0.0027781181158868,Anti
RomanichalGypsy,0.5948838406256017,Neutral
nekokun,0.611433203119428,Neutral
FakeNameCommenter,0.384671123350401,Neutral
MartinSimms,0.38661946747557296,Neutral
dorf_lundgren,0.3915026742287764,Neutral
vS_JPK,0.501487521654315,Neutral
dundeegirl1993,0.4383887416987465,Neutral
TheDuckyOne,0.5553583846078053,Neutral
savvasa,0.6444794661295886,Neutral
TittiesVonTease,0.735578327439563,Neutral
maxime81,0.325295208772352,Neutral
fareplay55,0.752397364279111,Pro
Kare11en,0.31770138214030297,Neutral
tech6no9rat,0.5353136669481499,Neutral
guinnessburger,0.276145396568292,Neutral
ERG_S,0.5798687504848775,Neutral
TigerSharkDoge,0.641999241730333,Neutral
Cardiff_Electric,0.638471727159236,Neutral
SerDavosCrabman,0.411333101513797,Neutral
dogbert617,0.23226806859485247,Anti
Notey22,0.6325926952148445,Neutral
madeinacton,0.646010557501408,Neutral
Mr_ryles,0.4831937313738235,Neutral
InadequateCoder,0.6540238948199008,Neutral
TheTorla,0.5882207674612561,Neutral
shaunybbz,0.5522724784838962,Neutral
Jorob81,0.604364155829749,Neutral
kehtolaulussa,0.536512612945117,Neutral
KurdishGoon3r,0.688105225265158,Neutral
nemoknows,0.774899349092886,Pro
randomashe,0.41820567932543,Neutral
Ioewe,0.39395838821664986,Neutral
Andreagreco99,0.337347545590711,Neutral
oshawa_connection,0.584485003247071,Neutral
disposabelleme,0.7655385888794584,Pro
Fiosracht_,0.45781537067957906,Neutral
DonHermano,0.3882454903805971,Neutral
AdamNadrac,0.6540401365964114,Neutral
MaddDogg24,0.99232458403748,Pro
thethirdrayvecchio,0.276401168338295,Neutral
Jinzub,0.7027963628002759,Neutral
phreakingkin,0.48189463525412,Neutral
CarlSmith95,0.6400953134578141,Neutral
Tecnoguy1,0.3450517215363581,Neutral
AnBearna,0.521256283659727,Neutral
RedArcliteTank,0.4133212955801921,Neutral
Chuggacheep,0.445773208306542,Neutral
Effective_Ease,0.31085100596417614,Neutral
Danmaakthetmaarzin,0.332386708749516,Neutral
DesPratt,0.0960441996625848,Anti
fz6greg,0.5308387342920594,Neutral
subsonico,0.571423829054391,Neutral
TealHighCloud,0.378552866810087,Neutral
Loftcolour,0.04735155232079655,Anti
aenae,0.5368465624895947,Neutral
11kota,0.513758469581341,Neutral
sfcol,0.526251418934574,Neutral
comeoutoftheflowers,0.5,Neutral
myusernameblabla,0.36899770518531905,Neutral
sansdecorum2,0.33561982823584624,Neutral
JacindasFuFu,0.5,Neutral
ajf_7,0.220323750400354,Anti
FetidFetus,0.669376328778271,Neutral
germanbeer,0.5,Neutral
Antigonus1i,0.429880158188669,Neutral
Matthiey,0.571117383299325,Neutral
Bencil_McPrush,0.252452491517671,Neutral
FlyHighFlyFree,0.674061894125321,Neutral
bobskizzle,0.536764497343871,Neutral
Apprentice57,0.1923580455130415,Anti
pointofyou,0.26854159294215646,Neutral
OzJJJJ,0.2133037477339185,Anti
ThreeMillionYears,0.603682695385795,Neutral
eoinfitzkk,0.3999102330963355,Neutral
CIA_Bane,0.25764329083954635,Neutral
Yooklid,0.230075795676779,Anti
noug4t,0.24149225968885552,Anti
Elec_EngiNero,0.498334351477256,Neutral
KeepItGood2017,0.5110521974321126,Neutral
judgewooden,0.4395013987353485,Neutral
nctrd,0.6064469325755428,Neutral
riemannian2,0.433897947837991,Neutral
BLM4442,0.903327881420771,Pro
HaveANiceDay1983,0.5639205249864572,Neutral
Galleazespy,0.583938636687539,Neutral
Mr_Keydeed,0.416646865241982,Neutral
watnouwatnou,0.412044179989031,Neutral
baldhermit,0.4040620992523574,Neutral
Kikiyoshima,0.496327785550488,Neutral
naslundx,0.7361935381337039,Neutral
BCJoey,0.750746351500318,Pro
Kandierter_Holzapfel,0.517815972074137,Neutral
revjrbobdodds,0.24307455257825528,Anti
Northenwhale,0.5261178042380074,Neutral
geralt922,0.4629917828453205,Neutral
rarz,0.51335246121591,Neutral
CatharticEcstasy,0.6380291261749148,Neutral
Chasp12,0.578933761399704,Neutral
Darth_Benji_Wan,0.5115634721059518,Neutral
LuthorHarkonsWetDog,0.5992047330539039,Neutral
Bjartleif,0.376387622697468,Neutral
GeekDuncan,0.6354613480612825,Neutral
DirtyBrownMonkey,0.0055791602946532,Anti
jhenno78,0.3642863730942855,Neutral
WoodenMorning,0.147114560029814,Anti
YourWorstThought,0.112291003072945,Anti
juanjux,0.168681356987933,Anti
nexusanphans,0.420598477944835,Neutral
justcommentingagain,0.5155822588556278,Neutral
Spinnweben,0.4833876368523873,Neutral
ben-c,0.23064446837062766,Anti
seularts,0.557207917551354,Neutral
Punk_Nerd,0.2550604607333502,Neutral
Brosama220,0.4455006816713097,Neutral
SirNoodlehe,0.13190815766871325,Anti
Zedilt,0.665407620189144,Neutral
Madhippy,0.5774856086265533,Neutral
PitchforkEmporium,0.6436813879514826,Neutral
TheZaeLoX,0.434042188480878,Neutral
TheHistorian2,0.5201418630766954,Neutral
Graham2405,0.666410592002414,Neutral
Weszelev,0.5,Neutral
knobbles78,0.51151929073733,Neutral
Btshftr,0.569612938452594,Neutral
krumms0r,0.364927373827699,Neutral
chrisjoy41,0.645592296031511,Neutral
Taalnazi,0.5994451820148494,Neutral
indyK1ng,0.731077089537036,Neutral
Rchee18,0.337888397464203,Neutral
Fox_inthebox,0.959990149114668,Pro
LisburnRoadster,0.407836433348229,Neutral
DexBuildOnly,0.261508061757509,Neutral
writer_karl,0.24066879119009,Anti
Bzoski,0.674546790740946,Neutral
isaidthisinstead,0.3760394149720896,Neutral
Monkfish,0.440092040708817,Neutral
anonymousalpaca1,0.507070255630325,Neutral
whydenny,0.5473971019505615,Neutral
harkinian,0.28846021248632653,Neutral
hldshflskdhfsdlh,0.5279383824522692,Neutral
Plato534,0.787900434507599,Pro
itsZizix,0.08665121109634387,Anti
consaw_,0.699237487131446,Neutral
TonyIscariot,0.828016252612404,Pro
MrNotPink,0.444745677464786,Neutral
BecauseTheyAreCunts,0.5036115866083263,Neutral
Ljmcd269,0.44979983160619,Neutral
Sarlo10,0.658654493038843,Neutral
alekzander01,0.4954070290020023,Neutral
nowtwrong,0.45966246376627923,Neutral
BackflipDolphin,0.34853545373851513,Neutral
poppo199999,0.479123040579128,Neutral
tlrobson,0.5010299405747269,Neutral
ExtraCurricuIarSpork,0.47542413594264055,Neutral
BeretvaJanos,0.522665311356972,Neutral
mixedfeelingsqueen,0.526739088518984,Neutral
Lastedrexking,0.6009237642515274,Neutral
jazzjamzz,0.314271923127056,Neutral
davclav,0.879735784803369,Pro
911roofer,0.4272665759162285,Neutral
trocster,0.4809396786898604,Neutral
Reedenen,0.76299810657821,Pro
CleanAccount12,0.6526513541675003,Neutral
jeynesm,0.479115824485636,Neutral
Enkrod,0.530018396402503,Neutral
motasticosaurus,0.5402792200608495,Neutral
Prophetic_Raven,0.4357363649694223,Neutral
SupervillainEyebrows,0.0572219640873439,Anti
ItsFuckingScience,0.25730370918967777,Neutral
allevat,0.177464708954396,Anti
svel,0.47142395783043833,Neutral
Synatics,0.146261253245335,Anti
brblol,0.5478555937021027,Neutral
ireass2200,0.8886570695609715,Pro
LAEMPCHEN,0.740510573980063,Neutral
iani63,0.165028716094109,Anti
SlantViews,0.5291243948005109,Neutral
almundis,0.6234118283794962,Neutral
jffsscriptsfirewall,0.5711685433333932,Neutral
NLdave,0.588482597020577,Neutral
Caladeutschian,0.111927566602387,Anti
kirby42,0.7135347633232845,Neutral
d0mclarke,0.5880976867726947,Neutral
jackasskermit,0.393412273016109,Neutral
Gryphon117,0.291776521492538,Neutral
thebluemonkey,0.49286065997597966,Neutral
SciFiPhoneUser,0.47625771815182383,Neutral
JumboSnausage,0.23588944120766583,Anti
Oneleggeddan,0.456072152305452,Neutral
Serial_de_Killeur,0.999929042092792,Pro
Rudoprophet,0.357218757242111,Neutral
hannomak,0.437308121009085,Neutral
audioplumber,0.45727380633758796,Neutral
PerfectlyDarkTails,0.463526697824422,Neutral
Stephan1234,0.5272081984946215,Neutral
mysterious-stranger0,0.6390199836201615,Neutral
wordsworth555,0.4802807806578589,Neutral
chrisrazor,0.582711547340705,Neutral
BrightCandle,0.45537484359189406,Neutral
glbltvlr,0.436897812025023,Neutral
dpd22,0.305511100820392,Neutral
bishbosh1975,0.61336077482701,Neutral
tissotti,0.378828429303788,Neutral
angrox,0.104463449500064,Anti
the_eotfw,0.7530218291984451,Pro
WildestWilderbeast,0.5,Neutral
AdmiraalSchaap,0.278172580464836,Neutral
cole7232,0.414336315025272,Neutral
AIgamingDotCom,0.472187979681669,Neutral
HARIE_POTER,0.446694355280938,Neutral
philosoraptor80,0.32503397386328026,Neutral
GoodOlBluesBrother,0.2394825763247301,Anti
Je_Suis_Francois,0.658585664995168,Neutral
penthiseleia,0.11590581962203421,Anti
YOUREABOT,0.550937215299368,Neutral
isaacclemon,0.633845975188832,Neutral
justanotherspecies,0.5,Neutral
Alec935,0.4848622932927885,Neutral
ecgWillus,0.264164102363787,Neutral
TempleOfIron,0.8775226428542611,Pro
j5a9,0.978798363951363,Pro
Wyrmlimion,0.820199258233989,Pro
Grozzzzzzzz,0.111733792589908,Anti
DanCalifornia,0.429807751345252,Neutral
Suzette-Helene,0.7335344158104,Neutral
DarkhavenSquare,0.47561754223276853,Neutral
ActiveSupermarket,0.391915706067382,Neutral
chazzcraig,0.229053026722835,Anti
WeeMSP,0.6602118812641345,Neutral
commandx,0.519640582618461,Neutral
Calandiel,0.585676063483362,Neutral
Gilgamesh2010,0.691780289956333,Neutral
PepePringles,0.4738172561788,Neutral
pathanb,0.0315423864153732,Anti
MajorGef,0.5342276126502167,Neutral
Jazz-Mojo,0.329223080485218,Neutral
weyr,0.5865778650354321,Neutral
rules-1,0.542278584792901,Neutral
blastxu,0.489050372226654,Neutral
Ready_Maybe,0.4745065414993906,Neutral
an201,0.3734938484461616,Neutral
fat_bike,0.355444424811313,Neutral
JonathanBloggs,0.5726273812955119,Neutral
Stirlingblue,0.38666624925896725,Neutral
kickasz,0.162333409966809,Anti
tetralogy,0.580152069250601,Neutral
albertshroomstein,0.499681387321197,Neutral
dargere,0.3916683003964941,Neutral
mminnoww,0.684943806222913,Neutral
mbuckbee,0.5234623574548692,Neutral
n-x,0.3056623825489756,Neutral
dymaxion_cheesecake,0.4741946781872555,Neutral
richnobes,0.611833297584836,Neutral
Nordcorner,0.528580097580001,Neutral
ManyaraImpala,0.5816264551474125,Neutral
Steampunker55,0.38076093638963154,Neutral
MW2612,0.501840032538745,Neutral
dullidulli,0.6760934493899885,Neutral
ZanVaelius_GP,0.39545809353877837,Neutral
jayclub7,0.449534462558474,Neutral
eugenesbluegenes,0.620112259768491,Neutral
daisy_neko,0.8076966766342263,Pro
FireDoorKeepShut,0.43660390859333,Neutral
bingohoer,0.5228743649618816,Neutral
zlan,0.4953960885057918,Neutral
3man75,0.6410157918972494,Neutral
ostara_xx,0.441537234626717,Neutral
the-real-putin,0.47829528233784,Neutral
sleazyrapaciousheel,0.503290731830653,Neutral
AugmentedGemini,0.864121603685448,Pro
Scrivenerian,0.5594192619528945,Neutral
Alexander_Selkirk,0.682760030852177,Neutral
curiouscabbage69,0.40895854504004103,Neutral
SibbertoftWanderer,0.7268528607500195,Neutral
skfmert,0.5838350932873962,Neutral
Geoku11,0.9795720915853755,Pro
iridako,0.40069768824103236,Neutral
Zenlight0,0.581179659374168,Neutral
Foxxal25,0.101360383598297,Anti
SchlepSchlepSchlep,0.850509878356046,Pro
lw5i2d,0.428536936456342,Neutral
Captain_Biscuit,0.497020959572754,Neutral
zapatrzenie,0.515690330781496,Neutral
lightofaten,0.5004135299577337,Neutral
NiskaHiska,0.576956496333606,Neutral
leo_nz,0.997567238849781,Pro
elemmcee,0.6227256831908565,Neutral
DisconsolateFart,0.49508069928037474,Neutral
Crypto_Crunch,0.694165720982712,Neutral
skippage,0.628276417219307,Neutral
HanOnlyWan,0.586120536631727,Neutral
BATIRONSHARK,0.5880508366798762,Neutral
ThatGuyWithABear,0.6947077764479386,Neutral
FullLeague,0.4226593497411716,Neutral
akiiler,0.691489618917409,Neutral
atyon,0.4656427651453646,Neutral
kluu_,0.505635393538274,Neutral
DPres0,0.225402288782843,Anti
lteak,0.666636204462736,Neutral
Ragyrag2,0.717463572574494,Neutral
Spontin,0.2671828407956283,Neutral
EasilyAnnoyed,0.45123108948316687,Neutral
TheDarknessIsSpread,0.59347065297641,Neutral
CuteMarshmallow,0.77977842996017,Pro
Tridimensionale,0.6380733033948125,Neutral
KingMierdas,0.5741224595263563,Neutral
AverageDan52,0.6879930207827765,Neutral
Trumpdoesntcare,0.593901872897432,Neutral
lordofarch,0.426962358642587,Neutral
NogardDerNaerok,0.5,Neutral
prickleberry,0.654902125948897,Neutral
yolohamish,0.087785516464784,Anti
ridgemondano,0.5,Neutral
ObsidianPetrichor,0.15704528789790967,Anti
burundilapp,0.0729502399032803,Anti
KreamyKerry,0.668585159464225,Neutral
Democ35,0.999952203097245,Pro
gshennessy,0.0750884224059796,Anti
dada_,0.2925007671943406,Neutral
sx0,0.0062094079485543,Anti
FannyHound,0.724263132377561,Neutral
Kingfisher_ybw,0.44514524064394895,Neutral
TalosII,0.496552033288757,Neutral
hanzerik,0.4246183638144888,Neutral
ProgradeThrust,0.0931578690065461,Anti
tomic24,0.5228957513061596,Neutral
SteelRockwell,0.498538117952824,Neutral
HommeCelibataire,0.4165548927743844,Neutral
Advanced_Bumblebee,0.9539911795458,Pro
Wardy90,0.534467126500579,Neutral
takesthebiscuit,0.462184100626072,Neutral
fr4m3er,0.53251615590346,Neutral
Logarithmique,0.5589120302326643,Neutral
MuffledApplause,0.127091351896507,Anti
BitterAardvark,0.5380676436522156,Neutral
StupidBear23,0.9046252508363535,Pro
enchantedlearner,0.721934524897174,Neutral
CanYouEvenCount,0.0335671968279121,Anti
parlor_tricks,0.5213878121707871,Neutral
resavr_bot,0.0136259014182115,Anti
tawm77,0.662574499917599,Neutral
tatoghost6,0.437765872710987,Neutral
Precedens,0.753165363444896,Pro
Mr-Chrispy,0.6834947401273196,Neutral
FilletOfWang,0.8341539759522038,Pro
Biscuitman82,0.448693673039243,Neutral
MarcoTruesilver,0.148023111109647,Anti
emmYeahNah,0.517197964230319,Neutral
valenbo,0.354230164392977,Neutral
BeNERiSM,0.720404427301244,Neutral
Sirbosston,0.526025141238292,Neutral
wheretroublestarts,0.558375661152459,Neutral
SoberIrishGuy,0.179931167009665,Anti
mugwort23,0.90160580721845,Pro
MobsOnTheMove,0.138887528073221,Anti
gpex,0.652336287882128,Neutral
hwc000000,0.4960457956620597,Neutral
Wrenkle,0.604991661401185,Neutral
Ihearrhapsody,0.636862773862017,Neutral
Aptom_4,0.416498509705778,Neutral
ernespn,0.6023616501439314,Neutral
PaperPritt,0.24813956160766626,Anti
Goldeey,0.394109592776073,Neutral
___matthieu___,0.4798864419709607,Neutral
caerdyddambyth,0.5069544492031862,Neutral
101010110,0.5310793439151642,Neutral
CryptoTrendzApp,0.374015757162097,Neutral
fuckyouredditx2,0.6722402043892001,Neutral
ByronicAsian,0.696487888902706,Neutral
Plopsis,0.6846883266573116,Neutral
Robw_1973,0.4534151302686494,Neutral
TangibleKiwi,0.5817351679803225,Neutral
CIeanShirt,0.250876985008946,Neutral
scg159,0.154347978901866,Anti
sikorrsky,0.428804525360026,Neutral
remy1235,0.522238253083891,Neutral
Mikeside,0.5401417689220416,Neutral
bobskip,0.4076885094882925,Neutral
biggler,0.837359519048709,Pro
Cre_13,0.5425466861697043,Neutral
steve1786,0.0693731977422159,Anti
kaisyteknon,0.4695607781327954,Neutral
ElephantsAreHeavy,0.4605496814975205,Neutral
ughit,0.490821279866528,Neutral
narraThor,0.5241086787204247,Neutral
phitar,0.290231339827711,Neutral
Fizzafarian,0.0874980953225645,Anti
sqeeezy,0.713850705812213,Neutral
garylad7,0.3294781192325294,Neutral
MrG1nge,0.49747393619388736,Neutral
adrianchatto,0.5116953249075764,Neutral
AntiGoogleAmpBot,0.331351117302539,Neutral
lucylulu23,0.634880884780867,Neutral
Reymma,0.340738968851674,Neutral
Nattie2312,0.62624560164681,Neutral
jonnyshields87,0.63803344805517,Neutral
wiselstorm,0.6294835851444046,Neutral
xknowles,0.5655996277376816,Neutral
BulletOfWar,0.579796616950133,Neutral
mrblaoblao27,0.926798107946351,Pro
Finchlo,0.6535356346343453,Neutral
Rantore,0.6200233604057487,Neutral
Grindslayer,0.4672520185236064,Neutral
Paul_Heiland,0.38713645905819677,Neutral
TheLasagna_isOK,0.836848318731193,Pro
Kreature,0.5538052591469637,Neutral
9throwaway2,0.759327030658346,Pro
Badgerisbest,0.760030892802387,Pro
IndianPeacock,0.949815902841811,Pro
StuartyG11,0.7695273418135697,Pro
Atxlvr,0.637239119788489,Neutral
Show_me_the_truth316,0.7257190486458089,Neutral
Lordofanywhere,0.7062472673308464,Neutral
lev_lafayette,0.286587106357585,Neutral
joshgarde,0.12767876670901016,Anti
Franks2000inchTV,0.4850095265981068,Neutral
ThonroTheUnworthy,0.604564615937565,Neutral
turbochimp,0.823195280024329,Pro
sandsheikh,0.43926073096221696,Neutral
earth_person_sofar,0.4993008993641185,Neutral
FullTimeBellend,0.295814738352804,Neutral
frank123xyz,0.6322510016004783,Neutral
Ahaigh9877,0.27755146121199886,Neutral
ryuali,0.579160596222766,Neutral
Amaroko,0.417563138055032,Neutral
ChuqLI,0.47110203459397315,Neutral
Memo_moto,0.574158787413205,Neutral
BenEngieNadger,0.606771112810871,Neutral
Damascus_ari,0.490931921802105,Neutral
ky1-E,0.0770219382048876,Anti
madminer95,0.08486807381396985,Anti
Glideslopegear,0.7506061602337988,Pro
hanooka,0.6012752929520295,Neutral
stewundies,0.493119655256207,Neutral
Kir-chan,0.472126565557041,Neutral
hakoonamatata9,0.5830109247274379,Neutral
vreemdevince,0.391679643023996,Neutral
Pocket_house,0.44353750200965414,Neutral
indoorheroes,0.718149579119491,Neutral
fretit,0.392108555465075,Neutral
aaaaaaaarrrrrgh,0.5613628111592629,Neutral
baseballoctopus,0.5784343335772401,Neutral
KatieIsSomethingSad,0.495116269883723,Neutral
distortedtheory,0.17317163404008784,Anti
Qverlord37,0.452922408567335,Neutral
Anti-This-Bot,0.445185809362836,Neutral
Cizzar,0.467684281744868,Neutral
MCTerminologyBot,0.13936193392136864,Anti
grandcastilo,0.2413489116587112,Anti
LimitlessLTD,0.6958247475930492,Neutral
llothar,0.4324571600860436,Neutral
FemaleNun,0.464690367802613,Neutral
Ashengard,0.519167080749557,Neutral
Kalyka98,0.39715914821532877,Neutral
corpus-expat,0.32039002496071806,Neutral
Szkarad,0.685735399787379,Neutral
TSW_Climbdown,0.5317093753901612,Neutral
isokarhu,0.0123143282711356,Anti
RoaringSilence,0.42102685396689665,Neutral
Blackneomil,0.2749788122426745,Neutral
Mcwedlav,0.2778842834446455,Neutral
wesap12345,0.38213098207983,Neutral
tanaanjungle,0.45415580046792947,Neutral
5tu,0.38218091915362135,Neutral
maestromusica,0.0057988537349463,Anti
sensesalt,0.905576018330264,Pro
_nikhilesh9,0.439673451214996,Neutral
JoJoNezy,0.99542773716022,Pro
Crocophilus,0.5665322037739919,Neutral
Paul-Ramsey,0.754002205377125,Pro
BigRedTek,0.278761578845445,Neutral
traphappy12,0.784785939475491,Pro
bercian82,0.4471175379556683,Neutral
InnocentTailor,0.5169884898426731,Neutral
janjerz,0.609802555864697,Neutral
call_me_mr_right,0.507756780370331,Neutral
Ted-Dansons-Wig,0.610909874715596,Neutral
smeltingscane,0.13535619790333037,Anti
RuhlPlage,0.429852828124165,Neutral
acid-badger,0.5241294488486476,Neutral
kemide22,0.741665569951465,Neutral
Salty_Scotsman,0.516695468625144,Neutral
Man-o-North,0.805422122273273,Pro
colmod,0.0838616486550426,Anti
Larnievc,0.7622521820633705,Pro
jackj100,0.442492954955292,Neutral
Aviskr,0.725846235138445,Neutral
kwyjibowen,1.91722565197601e-06,Anti
account781,0.5700569981316063,Neutral
venuswasaflytrap,0.115290814583078,Anti
Cygopat,0.5940563889076683,Neutral
peri_enitan,0.38519360828266946,Neutral
TheIPAway,0.49574406501137097,Neutral
MindsGoneBlank,0.050506040931482796,Anti
exharris,0.29396544883059306,Neutral
lilticus-,0.959946669774268,Pro
chummypuddle08,0.4593633147319096,Neutral
Saphire2902,0.6882464049344195,Neutral
Zenidiller,0.5486646594701717,Neutral
fforw,0.37970740834642747,Neutral
Awesomefusion,0.136234857802392,Anti
i_love_sexy_ass,0.2918125956951982,Neutral
nailbunny2000,0.684094798921257,Neutral
hug-bot,0.0947540767513411,Anti
FforJurassicPark,0.5915086072826967,Neutral
Marsbar3000,0.5195189818719822,Neutral
CredibleCriminal,0.686641881217708,Neutral
ForgedInEngland,0.7168204527046655,Neutral
blockmonkey81,0.8390776056383311,Pro
vegan50,0.437774949540075,Neutral
grumpyoldme,0.408069924552115,Neutral
John-newton,0.5718597215238731,Neutral
Anomalistic_Username,0.507717878141571,Neutral
loveatfirstsideboob,0.4482207077423152,Neutral
Princ3Ch4rming,0.5117026990156445,Neutral
Noodle-Works,0.456643000220456,Neutral
valde_,0.13683725543088943,Anti
OECU_CardGuy,0.5,Neutral
CoratisonArt,0.5603201166080489,Neutral
PodcastJunkie,0.6535418732509544,Neutral
SittingNevil,0.49477465016298694,Neutral
da_clig,0.3960058779501969,Neutral
krewes,0.670614150848733,Neutral
Keurprins,0.574426720737888,Neutral
golfing_furry,0.383566247916505,Neutral
quotton706,0.7923667357321396,Pro
dottme,0.570249676887875,Neutral
IIABMC,0.529237501819036,Neutral
xnyr21,0.6217424144949985,Neutral
rollotape,0.0537855662913167,Anti
gashstabber113,0.595543924253399,Neutral
redrocerenihsnus,0.6859099569505189,Neutral
grizzchan,0.44586173440888077,Neutral
VirtualRageMaster,0.18530611130677813,Anti
Ground-Rat,0.009662108150119877,Anti
Mankini123,0.5149756396769544,Neutral
MyHatIsAPigeon,0.433477782256326,Neutral
Joopthedog,0.553604602473596,Neutral
discreetecrepedotcom,0.5801474508513077,Neutral
cuntingtons,0.5,Neutral
Foothill_r34,0.55310982380519,Neutral
dshine,0.09710587103077725,Anti
MrNiffler,0.6122850335076049,Neutral
SkullLeader,0.45830843541947475,Neutral
subhuman82,0.4633332742232915,Neutral
metinb83,0.45415287417064254,Neutral
WeeFreeMannequins,0.39880368475084405,Neutral
TechnoSocial0,0.211251772075053,Anti
tunafish91,0.455161659386198,Neutral
ar-dll,0.619072785171546,Neutral
JCMcFancypants,0.3729720506834564,Neutral
zeldor711,0.68790925927,Neutral
Barb_Redgreen,0.48630388757056703,Neutral
MysonsnameisCarlos,0.599433190611159,Neutral
scotiadk,0.6254741672655525,Neutral
svanegmond,0.79354368503163,Pro
NeedleAndSpoon,0.580097112994836,Neutral
trippsie,0.527170339572223,Neutral
TheFalkirkToon,0.398223419766019,Neutral
Jaguars-gators,0.47450056112915795,Neutral
tantismobboggan,0.63441453262762,Neutral
guto8797,0.49739440254007494,Neutral
RoboticElfJedi,0.0505256837127033,Anti
exoendo,0.6334996385677124,Neutral
chrisgoose64,0.41495698643520396,Neutral
Grebmolb,0.650687128250607,Neutral
TomJC70,0.5684988753631358,Neutral
SchrodingersMillion,0.5410820192006376,Neutral
woody6284,0.448027767075905,Neutral
Gbo78,0.6856308167729325,Neutral
IcarusTonnerre,0.4831463378576725,Neutral
Unpredicted6,0.693684438913182,Neutral
wayne2000,0.6097368454033543,Neutral
RudeDirectSlav,0.37966210203757755,Neutral
Gesetzistgesetz,0.855725927221554,Pro
kiredi,0.985966733649049,Pro
fullmetalraz,0.43563197406464405,Neutral
kingiskoenig,0.22533744271932,Anti
DANNNY_SCO,0.993361025416996,Pro
xomm,0.337836006349709,Neutral
vaesir,0.496993341091879,Neutral
gangculture,0.0158804562312007,Anti
EGaruccio,0.20200101858223266,Anti
sn0wf1ake1,0.0123888226305804,Anti
Demorag,0.46730056874603537,Neutral
Work_Account89,0.5788351907845214,Neutral
ravensshade,0.544359874993648,Neutral
PM__ME__Y0UR__NUDES,0.885474137269014,Pro
Eveyismemes,0.7686296714910492,Pro
Beurglesse,0.477936841428681,Neutral
TheRealTinfoil666,0.4106101436969296,Neutral
crural,0.599608257755715,Neutral
Maffster,0.493925781105184,Neutral
colddance,0.0499248963263689,Anti
Voodoo_Dummie,0.61631684115622,Neutral
prof1crl7,0.523231707476521,Neutral
Telinary,0.893281436497928,Pro
SirLasberry,0.43978331114950453,Neutral
Go0gleRoks,0.704485515815798,Neutral
IntrusiveIndustries,0.59187524824874,Neutral
light2020,0.477517154368274,Neutral
RandomUserName24680,0.259344332153118,Neutral
earthmann,0.256285580296452,Neutral
Pisslexic,0.459067687968725,Neutral
poliomaldini,0.611762899603046,Neutral
TusNua_2019,0.5347921409467097,Neutral
manjindermultani1998,0.45494863612950937,Neutral
MarceNobre,0.790334426859445,Pro
SnowOnSpruceTrees,0.4307950998442655,Neutral
FraeRitter,0.5392865478130344,Neutral
qwertyified,0.357747333327563,Neutral
Teddy0k,0.649996104606412,Neutral
Fire_Extension,0.378185220147551,Neutral
ilPopolino,0.5719747064275107,Neutral
femmeVerte,0.840264280376291,Pro
DivinityInsanity,0.709814498175428,Neutral
violencequalsbad,0.5062183183561907,Neutral
first_lvr,0.66955603101222,Neutral
tcrlaf,0.4517524407824788,Neutral
Krakuuus,0.411869546137637,Neutral
I_See_With_Sound,0.5216903261005764,Neutral
ankeiii,0.45921683735525753,Neutral
MondoBandeenie,0.5169883027986355,Neutral
ijdod,0.4671675853416829,Neutral
TeamySFW,0.457973266080904,Neutral
zingpc,0.592549412715021,Neutral
PistachioCaramel,0.171973828898941,Anti
NotAnName,0.521106341633821,Neutral
starzgoblue01,0.3669887500218878,Neutral
dalovindj,0.38866381850385395,Neutral
The-Vision,0.43126290682993856,Neutral
ChuntyUK,0.463843055943395,Neutral
ItzDaweed,0.5,Neutral
WTFwhatthehell,0.3638553358165351,Neutral
cybicle,0.2883305674093172,Neutral
moeluk,0.567088569797821,Neutral
luqqyblod,0.5758103891818954,Neutral
Liamorockets,0.5078063517170542,Neutral
kebab4you,0.745220420746183,Neutral
buoren0,0.5069021242708245,Neutral
SheetrockBobby,0.3444578494569715,Neutral
Renderiviean,0.308995434715279,Neutral
alternative_drinks,0.5251533021601578,Neutral
clandestineLynx,0.321423233121346,Neutral
youhavesomeskillz,0.487462247831109,Neutral
Bubis20,0.22993376202494997,Anti
4bess,0.6141077240861513,Neutral
Malkovitch1,0.3794828123854952,Neutral
jolie_j,0.893291129278464,Pro
NannyOggSquad,0.679381988378673,Neutral
LivingMichaelJackson,0.389149107213576,Neutral
RedditWaffler,0.7814760982683003,Pro
Yamosu,0.373326119328045,Neutral
ernesto_perez,0.706423141369098,Neutral
theWZAoff,0.781775145553296,Pro
benthecassidy,0.0009076697643725,Anti
darkescaflowne,0.20529067130479,Anti
spikeyMonkey,0.588736633634196,Neutral
rilsoe,0.3276360159641817,Neutral
slappy_mc_fappington,0.490917929526889,Neutral
NotFromMilkyWay,0.6963065488241155,Neutral
rainyday7,0.4470774429772185,Neutral
LiftAndSeparate,0.5803078846392651,Neutral
formallyhuman,0.3473429986939735,Neutral
moloch101,0.875908363116112,Pro
human_trampoline,0.73506238016225,Neutral
Cherry_Darling,0.352071497903284,Neutral
bacon_feeder_9000,0.8730852243541251,Pro
Cholo981,0.5528415838894256,Neutral
doodlemonster1,0.5288159875642604,Neutral
sash71,0.40307873009157974,Neutral
Brotherpain82,0.4857367896424315,Neutral
InsaneRicey,0.5327833273690398,Neutral
Durzo_Blintt,0.846745913157495,Pro
MadGoalie,0.666962977393696,Neutral
SlipperyJimDigrizz,0.4120563560528347,Neutral
aqueau,0.08754114514817055,Anti
xrobau,0.4942201868831253,Neutral
WolfhoundCid,0.42140113461156,Neutral
StottyEvo,0.240538130038644,Anti
tmagalhaes,0.5308310688567572,Neutral
Montreador,0.869322256281428,Pro
HangGlider20,0.3108435546106851,Neutral
enterence,0.0824484807781678,Anti
uxses,0.618604865609053,Neutral
Gain-Boy,0.47313130216456045,Neutral
Jam_Kuradoberi,0.6754289150064722,Neutral
hellotheremrme,0.5177724034477276,Neutral
johnsoone,0.4264865300548875,Neutral
Kitane,0.431853821912344,Neutral
Egonga,0.5784506096077117,Neutral
Magjee,0.5031206351234623,Neutral
puetzk,0.4563150237389405,Neutral
heslooooooo,0.0290917990919054,Anti
Carnwenhan,0.672328893511739,Neutral
dhen061,0.106776015131792,Anti
Wursticles,0.49855127723440323,Neutral
StaceyDon,0.5553215802691787,Neutral
revpidgeon,0.5111203120621376,Neutral
ploize,0.378404364442561,Neutral
procrastinator0,0.52094541340659,Neutral
Bibdabob,0.588249205223301,Neutral
bittybrains,0.4880885631817214,Neutral
RedSnt,0.4771061265178596,Neutral
jarnehed,0.505917036113101,Neutral
Anders81,0.429892751575527,Neutral
filipv,0.857228156224725,Pro
CymruChampion,0.973722755707348,Pro
Genoshock,0.8427611069173979,Pro
Troydenz26,0.7042342227728096,Neutral
krisjimsampson,0.5383845443571,Neutral
Poteten01,0.526427552342968,Neutral
EliteIcy,0.669302383977357,Neutral
zauraz,0.345225386890821,Neutral
ur2cdanger,0.446530148421003,Neutral
Thomas_exe,0.7045553494933575,Neutral
Profesor335,0.35660491430803964,Neutral
jazekers,0.7057372394235405,Neutral
discretelyoptimized,0.0215443560397996,Anti
CupOfTea999,0.6577776004699685,Neutral
blackcurrent-juice,0.358277830223231,Neutral
squashandzucchini,0.137168537072439,Anti
ket_88,0.3716358400172675,Neutral
Jarlaxle_Essex,0.8156426928603585,Pro
traumasponge,0.3413220970446868,Neutral
nineelevglen,0.7136564543595808,Neutral
chlolou,0.395070704800056,Neutral
samcn84,0.8076499680068583,Pro
DefiantElevator,0.32849162964784945,Neutral
idrinkbeeralot69,0.652578532577065,Neutral
Juurdd,0.8028484907065849,Pro
TheClnl,0.666346885605776,Neutral
bottomfishbananas,0.6225040096965133,Neutral
kphollister,0.5959692680298481,Neutral
ghost_of_dongerbot,0.323147240153099,Neutral
hx87,0.49585268442793906,Neutral
iced_maggot,0.45173908333636,Neutral
LemonFreshenedBorax_,0.455492009373708,Neutral
BLUNTYEYEDFOOL,0.680434328149398,Neutral
hhgomp,0.6315677731998195,Neutral
sapperfarms,0.6870926141993876,Neutral
RockyClarke63,0.303328279919357,Neutral
the__brit,0.0001324337852722,Anti
oj2004,0.33095246808737,Neutral
Alexnu789,0.650410316897079,Neutral
arianeb,0.4451386524353217,Neutral
Breadknifecut,0.12386193115213799,Anti
skankhunt5175,0.6679627017460018,Neutral
ismark,0.48936185362333,Neutral
friendlypolyp,0.7376772261619665,Neutral
BlueDusk99,0.46651293619952566,Neutral
rainbowbicorn,0.26296132779712506,Neutral
lucalucasita,0.6591786191934945,Neutral
merrychristmasyo,0.981750490849685,Pro
Suremezz,0.270176530194969,Neutral
oatbakes,0.7579343778140575,Pro
Heinzoliger,0.656080731300007,Neutral
khaaaaaaaaaaaaann,0.246154846142812,Anti
Wemwot,0.49452125202072666,Neutral
Rokutokunoku,0.594772080712497,Neutral
SandyEEC,0.5517611611596266,Neutral
Voltix12,0.539388825181619,Neutral
Wildroses2009,0.2410533689303181,Anti
CharlieCrockpot,0.643539210706735,Neutral
Vandykoop,0.930215462717014,Pro
LondonCardsFan,0.75593160318283,Pro
TheIVALAICESTATE,0.0140961416954941,Anti
nmclphoto,0.483735870189235,Neutral
Angryhobbit,0.6508034739822435,Neutral
tschernolol,0.696350286045286,Neutral
Rhampaging,0.566871981558763,Neutral
Jinxedchef,0.5929938664363711,Neutral
Magget84,0.758114201822766,Pro
CefnwrCymru,0.536514294659759,Neutral
Bizarrect,0.354695805098844,Neutral
TheGoddamBatman,0.7878364637447535,Pro
hortonhoo,0.578437329973852,Neutral
br0mer,0.5288577580050371,Neutral
Vigolo216,0.538581795657888,Neutral
droneupuk,0.419159199064784,Neutral
Smoker81,0.41606505054852905,Neutral
biznes_guy,0.901793135499195,Pro
Kuraja,0.0100665148174825,Anti
bakerie,0.610076659623525,Neutral
Jetboy01,0.5802589887292896,Neutral
Snoodini,0.696364525247291,Neutral
Citadelen,0.390839076577376,Neutral
jeanpaulmars,0.5831866850026671,Neutral
alan_-_,0.5321493834451783,Neutral
xgladar,0.7191311186005022,Neutral
Chef_Deco,0.595780561449883,Neutral
Yogi_2024,0.605204496852805,Neutral
Ducky118,0.9106194105138501,Pro
Worldgnasher,0.5703044660081018,Neutral
Blimey-Penguin,0.5572912469199525,Neutral
nippowdon,0.717175784442128,Neutral
cypherdusk,0.7492052114953359,Neutral
margoose87,0.38924420810175,Neutral
HuubHoven,0.6127472246710214,Neutral
CongregationVJackals,0.5868683663780705,Neutral
lagetsuke,0.44208836191976214,Neutral
Tourist29,0.0289165005399727,Anti
ohbabyitsben,0.698073600230518,Neutral
Malt129,0.584407169040667,Neutral
soundslikemayonnaise,0.5086476800734269,Neutral
offthelimit,0.815828108360506,Pro
bouncybobcat,0.169935344250666,Anti
Coby900,0.549883923057126,Neutral
Jezoreczek,0.589735563121596,Neutral
GigabitSuppressor,0.946695904896274,Pro
House-of-Suns,0.801026212333639,Pro
nalydix,0.44128696295678416,Neutral
fabsterpal,0.37135940508526,Neutral
Charleloe,0.517465346128198,Neutral
Harvenheidt,0.42516153745039653,Neutral
InABadMoment,0.39150481535816306,Neutral
Atika_,0.0994714715180405,Anti
Monkey8585,0.5,Neutral
thedudesews,0.5434249734022295,Neutral
Elizner,0.309696901246462,Neutral
Polyonyma,0.466600415672081,Neutral
Nigelwethers,0.115739306773566,Anti
ncf25,0.0581645463736571,Anti
0zythe2nd,0.445899246115592,Neutral
Oukawamine,0.738543409996916,Neutral
UK_DUTY_PAID,0.704817292234166,Neutral
MetalMonkeyBomb,0.6374849466841515,Neutral
hellasketchy,0.48193878402891804,Neutral
laur3en,0.364814202110126,Neutral
TheAlmightySnark,0.75322249744316,Pro
Sarahsota,0.0032412947968863,Anti
jj30523,0.37853326307158,Neutral
2hotdogtoaster,0.48089448061685963,Neutral
lancashirehotpots,0.66178818506113,Neutral
btraber,0.4854951531449565,Neutral
k3ith8,0.629758740994756,Neutral
vejket,0.7059560393284094,Neutral
jibe4gaja,0.574334679081923,Neutral
devensky01,0.4587820632113335,Neutral
mb271828,0.791205463613838,Pro
fplidontknow,0.191721862346292,Anti
mgtow_daddy,0.5599615102104222,Neutral
Mojosjojosss,0.4966767536441276,Neutral
tawke,0.823280301571093,Pro
barryfuckwit,0.33046833959184446,Neutral
mattgregg,0.6645589865005901,Neutral
Brunolimaam,0.6398112119316325,Neutral
Digipocalypse,0.5013905816428924,Neutral
zipper_sniffer,0.503842036464352,Neutral
LostSoul187,0.469343226006338,Neutral
szoszk,0.199897256296844,Anti
Mydwinter,0.411532551860863,Neutral
GeekMoore,0.400435915474436,Neutral
digital_element,0.1820754724630287,Anti
Summer_2021,0.3338567068088107,Neutral
CultistOfOldOnes,0.4792300597199843,Neutral
MikaFF14,0.567580564298475,Neutral
VideoFork,0.47431499409036504,Neutral
ExpensiveQuantity,0.2573507687548331,Neutral
DeadManIV,0.5041443089242565,Neutral
WieBenutzername,0.7180381890805444,Neutral
blackandwhitefield,0.553549814606431,Neutral
tes_kitty,0.3699695778110429,Neutral
unipt,0.373961316722167,Neutral
guntr,0.5748255628595631,Neutral
firestarter111,0.573465612284069,Neutral
MalleDigga,0.5783222909224996,Neutral
rillydumguy,0.969023372464334,Pro
ChellyTheKid,0.35969454115436755,Neutral
bearfaced,0.23531095192684834,Anti
AndrewChulchie,0.36362064941114,Neutral
civilisedvortex,0.41585675616811996,Neutral
etitom,0.156565222419727,Anti
Cornfapper,0.234387582363371,Anti
Madpony,0.854601373281234,Pro
gt_ap,0.140978034377732,Anti
drift_summary,0.548210578708168,Neutral
IronJohnno,0.616392190515319,Neutral
Skothatron,0.558181915299996,Neutral
MachoMaamSandyRavage,0.1983375404163273,Anti
drxc,0.51709182685431,Neutral
monkeywork,0.0373869299985604,Anti
kangaroowallabi,0.466551428691007,Neutral
boulty14,0.740517741446157,Neutral
IrishCarBobOmb,0.4849175101039083,Neutral
dkwangchuck,0.480414442419673,Neutral
Devilish2476,0.925703596220094,Pro
satysin,0.0014702418437717,Anti
Eberon,0.918431095026168,Pro
trowaway998997,0.441528910039044,Neutral
XxXabbybXxX,0.9177334188872074,Pro
Zombiellen,0.5041656036948544,Neutral
JAYCAZ1,0.560191891935143,Neutral
QueenElizabethII,0.8914871938968555,Pro
Neon667,0.249926643263039,Anti
RisibleComestible,0.0006801002239129,Anti
faithle55,0.5334316885877548,Neutral
Kingroffy,0.7826502330329753,Pro
butteredcrumpet,0.668693760421554,Neutral
Arlae_Nova,0.311813354183352,Neutral
TheBluePapaBear,0.246497625956968,Anti
BreakingBraddd,0.691592434460088,Neutral
eukubernetes,0.43198648948074303,Neutral
xyzabc123ddd,0.477062442586079,Neutral
karatass91,0.301897397282129,Neutral
Jubilee1989,0.41322823936311404,Neutral
Staple_Sauce,0.0359686092166151,Anti
Captain_Dindu,0.986962315036409,Pro
cornichon,0.7810005743307296,Pro
fudg3z,0.44402946251999514,Neutral
three29,0.364237681356034,Neutral
hatsch52,0.4059889386546858,Neutral
Greyplatter,0.438460607089383,Neutral
Down_The_Rabbithole,0.685011561251432,Neutral
RipeContext,0.559691033883757,Neutral
ohohohohohohohohoh,0.5636570665962521,Neutral
Ironcymru,0.532695408981377,Neutral
uberduck,0.501803915832053,Neutral
multipath_tcp,0.851573155184738,Pro
Nam_Dnilb,0.752346280693275,Pro
olliemunday20,0.5494513223469562,Neutral
judgej2,0.0071080446245685,Anti
Neotetron,0.431627470163245,Neutral
OpalFalcon,0.41362422454372,Neutral
Chemical_Nail,0.3077523209474747,Neutral
BillyMayzzzz,0.5,Neutral
AverageBritishBloke,0.0242501702721832,Anti
dandyangyy,0.7065700574154077,Neutral
welshman1971,0.432008264286846,Neutral
napking24,0.988100967830613,Pro
DiogenesOfNike,0.4879084637816564,Neutral
DrunkenSQRL,0.433452999117836,Neutral
Vorenvs,0.5365485502904135,Neutral
TheGrumpyEnglishman,0.35543891836777,Neutral
Kaffekoppen2,0.5888910325998344,Neutral
andyswain,0.917002553401216,Pro
rpad,0.593721436492843,Neutral
gebfree,0.172511252699179,Anti
EduBA,0.543146175117777,Neutral
emilsedgh,0.492206125977171,Neutral
InvertedVantage,0.410272648235477,Neutral
thezerolemon,0.52782383556004,Neutral
off_me_head_pal,0.846630998547721,Pro
AnnieGSF,0.5028082325595685,Neutral
Hoffi1,0.49473291173697537,Neutral
NickUnrelatedToPost,0.4980813612446562,Neutral
HotMustard84,0.5209250686654138,Neutral
HELLOWORLDITS1998,0.849264111201203,Pro
Heresiarca,0.746649858311182,Neutral
Fake-Plastic-Me,0.380201468970819,Neutral
Porkydawky,0.600056726153666,Neutral
kledon,0.479528514147264,Neutral
iDIinNottingham,0.0527253050314641,Anti
QwertyBertie123,0.3360767058790995,Neutral
butlerian_jihad,0.226653081854386,Anti
semi-cursiveScript,0.636836520868817,Neutral
Bandelay,0.119815860077659,Anti
PinkBullets,0.93374073459406,Pro
Grammaticouscous,0.488928625940273,Neutral
turrican2000,0.0325707882566364,Anti
LightsiderTT,0.12316513942036605,Anti
Neptesh,0.375966930737411,Neutral
Philip_Raven,0.931586211841137,Pro
Mr_Magpie,0.49942916897295,Neutral
DreamySailor,0.527248400168566,Neutral
septumsgrave,0.599926785493406,Neutral
WildGooseCarolinian,0.38970158980188757,Neutral
adarkuccio,0.584872498191473,Neutral
Dreampy,0.313762754501319,Neutral
ethangeeze,0.442232936124871,Neutral
SDK-MikeyBoy,0.5365460340914503,Neutral
derjungekarl,0.175316072752104,Anti
squ34m15h_0551fr4g3,0.46090457607501084,Neutral
TheHolyTacoEmperor,0.513698333773795,Neutral
Anon-Facts,0.8505583751015611,Pro
DragoBirra,0.679726093012328,Neutral
Sesquatchhegyi,0.103009404331916,Anti
courtenayplacedrinks,0.6236733473452281,Neutral
vorphagan,0.43633014572251,Neutral
Mornar,0.327190436784796,Neutral
daddywookie,0.34121878553272494,Neutral
240-185,0.2203270756474359,Anti
Lisa5605,0.6134948464305604,Neutral
appropriate_accounts,0.47350711307083876,Neutral
czechonesauce,0.905609097386481,Pro
humanity-101,0.015945291779097,Anti
Floodzie,0.348086542759841,Neutral
yourgooseiscooked,0.362084259037572,Neutral
basicform,0.49244769039563896,Neutral
Domak04,0.5158879694708516,Neutral
Czexxi,0.798481917046203,Pro
traveltrousers,0.573989102036641,Neutral
bottomofleith,0.47123911592588663,Neutral
hughesjo,0.469450271853357,Neutral
cartmanthegreat,0.643504770114902,Neutral
coredalae,0.950752660051282,Pro
jdmgto,0.38525251425913076,Neutral
GambosandPeggabowts,0.901818695965483,Pro
WorldWidePatriots,0.7202731335796791,Neutral
nrmnzll,0.4835574087493465,Neutral
avael273,0.7200505279516044,Neutral
mchairmaster,0.3851605054854945,Neutral
Pokr23,0.356510411301605,Neutral
Ankheel,0.290534095405213,Neutral
MrsMeestah,0.460406852130425,Neutral
The_BlackMage,0.57925682974289,Neutral
slightlylazy,0.41707306176839254,Neutral
Sisarqua,0.43562691879358484,Neutral
StarvingForIntimacy,0.366154714514418,Neutral
troutmaskreplica2,0.464879968076669,Neutral
My_two-cents,0.5246317180164844,Neutral
anhsbio,0.532272611100797,Neutral
lg23640,0.48131549981350075,Neutral
bmxdk,0.521319727939698,Neutral
pktcap-uw,0.588567525138215,Neutral
3hoursago,0.5,Neutral
llViP3rll,0.6241368426159345,Neutral
Gromarcoton,0.7169878986181354,Neutral
Hodlinginafart,0.49814431055975605,Neutral
OverByChristmas,0.47307424012223,Neutral
PaulieThePolarBear,0.40465282560210136,Neutral
CWewer,0.5339534362686134,Neutral
Rikeka,0.4870756068645637,Neutral
MrBamboozleperson,0.635407667327837,Neutral
smrmoon,0.989723967544949,Pro
Pooeymagoo,0.338452778387109,Neutral
Dariusraider,0.5969537942442931,Neutral
niktereuto,0.579420721345597,Neutral
MainSailFreedom,0.1305540445250849,Anti
Alehandro66,0.182171977905129,Anti
tomparkes1993,0.5610282612211266,Neutral
Video_Kojima,0.1646567917694215,Anti
Julian_007,0.506564176771975,Neutral
Brbi2kCRO,0.341999447622942,Neutral
anonymousdude,0.7638844886136409,Pro
chitmande,0.773422880158385,Pro
Cerveza87,0.550974895444151,Neutral
SG_Dave,0.412648061165693,Neutral
fishesthatsmell,0.52660613095774,Neutral
yrurunnin,0.343449636376331,Neutral
darkwise_nova,0.6018434496609745,Neutral
rex-ac,0.163740782756986,Anti
porkyboy11,0.607042047139638,Neutral
ConsistentVanilla,0.6199893923338275,Neutral
InfiniteActuary,0.642447253842612,Neutral
scattenlaeufer,0.48719980297359544,Neutral
whomem,0.7512060864985235,Pro
Klopferator,0.0928725380203719,Anti
Igloooooooooo,0.530533804267483,Neutral
Logicmeme,0.28295747315038766,Neutral
cottoneyes,0.8479869901339085,Pro
PmMeYourUnclesAnkles,0.162024740116382,Anti
DamNamesTaken11,0.32580812729568,Neutral
Danr24,0.0186110730208542,Anti
MaxxyWaxxy,0.86558630109371,Pro
tudale,0.584625453638593,Neutral
Vyt4s,0.48373912555394294,Neutral
London-hound,0.258330106787877,Neutral
Triggered_Nometry,0.367575083027277,Neutral
padmanek,0.32600251941926234,Neutral
bridavis6854,0.564758796769475,Neutral
KatanaAmerica,0.566747714529718,Neutral
383736djdks,0.405599213843999,Neutral
WallacePark,0.6105233952806024,Neutral
PM_ME_A_GREAT_GOOD,0.5148276623705428,Neutral
bahtman-,0.41044591274616754,Neutral
SensitiveSquibblez,0.8796272879098,Pro
LJSilver96,0.258487721486056,Neutral
Gl33D,0.541394981453989,Neutral
begsbyebye,0.890205141519139,Pro
VoloxReddit,0.3910857468033071,Neutral
pete-morris,0.674909803717618,Neutral
Mortalsatsuma,0.8311279572973505,Pro
Montella9,0.821807155249173,Pro
newerNan,0.371022469144665,Neutral
LemanOfTheRuss,0.0997653584632905,Anti
LatinaMermaid,0.35784557608484,Neutral
SquiffyMcwhithers,0.376863134274376,Neutral
LarnachAutharan,0.31911101667644265,Neutral
Myz1988,0.2985314512535605,Neutral
guppiesandshrimp,0.505149816014382,Neutral
TheGuyInTheOP,0.462231621386743,Neutral
starwolf256,0.8558997170338805,Pro
youRFate,0.480637649660165,Neutral
BobBobssohn,0.363498369575615,Neutral
SteveIDDQD,0.7487082403398845,Neutral
Murlock1,0.6289000947224308,Neutral
Myrdonian,0.392114105742033,Neutral
Attempt6690,0.2324211554775255,Anti
cevynbarry,0.704173424802461,Neutral
te2000,0.241969348770205,Anti
DontCountToday,0.187518584527696,Anti
FintanStack,0.191896883554423,Anti
sheepdo6,0.649913108549061,Neutral
gggg_man3,0.5022945728796139,Neutral
thesagex,0.7869368469828111,Pro
haoxinly,0.5,Neutral
Zeterai,0.502023911198466,Neutral
MountainLeader,0.49854535217067,Neutral
nearbytap,0.416997974594238,Neutral
THREE_EDGY_FIVE_ME,0.580372944728865,Neutral
BoredandTired01,0.530094329035098,Neutral
singsong101,0.5760334070277695,Neutral
PresidentNewsom,0.990523068821264,Pro
Carved_,0.501163513018914,Neutral
searlee,0.571940735925766,Neutral
Tonaia,0.3400691758482963,Neutral
_Diskreet_,0.585941038695903,Neutral
r6boarder,0.6509102291366057,Neutral
RainbowChianti,0.816517452452014,Pro
kr209,0.943831200906117,Pro
dubiousfan,0.5269896568552281,Neutral
gashhill,0.785060703153229,Pro
sdhand,0.486204599773987,Neutral
Jade222Gem,0.582495563842182,Neutral
Sir_Gideon,0.890832453270388,Pro
throwaway394802938,0.519833624303104,Neutral
Hallam9000,0.2667419552202461,Neutral
minimalmaple28,0.699610011703573,Neutral
Chronroco,0.524352572138529,Neutral
Cuterneter,0.453178073375917,Neutral
Sordrado,0.5,Neutral
Shepsypooh,0.5,Neutral
DrCram,0.204175943304838,Anti
fdar,0.44326337870612015,Neutral
Gugolas,0.5557166915167222,Neutral
kenpus,0.560413359154729,Neutral
ruanl1,0.348655025129496,Neutral
caveydavey,0.3607842278948475,Neutral
modern-pleb,0.6699612208458925,Neutral
andtheninthefog,0.304109769191988,Neutral
johnsmith1527,0.557228571684545,Neutral
Paweleggg,0.5,Neutral
Hkerri200,0.592407105804298,Neutral
irishmadcat,0.681913572558103,Neutral
dohajames,0.817446374517906,Pro
TheGolfBallDimpler,0.686290354827914,Neutral
WorldGamer,0.3727572555942405,Neutral
sharkboyjosh,0.5775453330321785,Neutral
__Not__the__NSA__,0.46548612690329905,Neutral
razgossj,0.527920805662547,Neutral
MikeFromBraavos,0.113658917625001,Anti
TapHereToWin,0.4023143359225255,Neutral
RichyWoo,0.4511428990059056,Neutral
NWOkid,0.5034736762145255,Neutral
cano_dbc,0.930911976795833,Pro
sherbetsean,0.5353107178659624,Neutral
dr0ps,0.558760343625903,Neutral
daisybell1,0.445382115570231,Neutral
The-Losers-Manifesto,0.346439596544627,Neutral
EquinoxEventHorizon,0.7235405206250108,Neutral
jahmez,0.501505814126099,Neutral
bdonvr,0.4444306502990574,Neutral
mma_jd,0.707958133870826,Neutral
kyletheboss,0.553514344642933,Neutral
FairInvestigator,0.5269666478958931,Neutral
streaky81,0.7047992306324137,Neutral
wikicha,0.539544169005329,Neutral
bewlsheeter,0.461779515478833,Neutral
shpondi,0.472011433199552,Neutral
-Jimbo_Slice-,0.738368647039025,Neutral
MrToadsWildeRide,0.5096459895676004,Neutral
phonebatterylevelbot,0.346890916121248,Neutral
AlmostScandinavian,0.39402813880060544,Neutral
ashhibbs,0.584387059818425,Neutral
vengefulhart,0.5,Neutral
wildliferectum,0.35493674454745,Neutral
Matteh1990,0.523312530781272,Neutral
weedtese,0.570601180980211,Neutral
snahtanoj,0.513429098570628,Neutral
Riley_exe,0.6520126958693966,Neutral
rods_and_chains,0.450485397373278,Neutral
grandzooby,0.701015759315829,Neutral
CrazedComanche,0.324046022859663,Neutral
BigEngineering7,0.331301514255854,Neutral
ChopBangBuzzDylan,0.21349821089064,Anti
followingthesnow,0.728857881922647,Neutral
JerkFairy,0.4872443755346175,Neutral
r1ckl3r,0.735949071934935,Neutral
Maybestof,0.422380826617622,Neutral
FastFishLooseFish,0.38510808467868074,Neutral
Marko343,0.164772873997311,Anti
eviltofu,0.407516691217505,Neutral
cyanopsis,0.49923731777353036,Neutral
onecuriousboii,0.4673399422447685,Neutral
ThunderChild247,0.3593830635760323,Neutral
marconi-,0.575188072088738,Neutral
Claytonius91,0.485027656284933,Neutral
chetov,0.483678432532951,Neutral
moriartygotswag,0.575925688237596,Neutral
Aughmeister,0.615057810237369,Neutral
ChristianZen,0.474980142002454,Neutral
miriacumen,0.549061429309525,Neutral
Gvtdreams,0.594208276515448,Neutral
blvsh,0.6607685891150135,Neutral
jacksonr1023,0.29749190164310063,Neutral
tommij,0.28122389532160164,Neutral
i_mused_blog,0.0405702374225724,Anti
Destinyboi30,0.654617903387981,Neutral
krisenfest,0.11081362965599205,Anti
danfryer,0.178840266990798,Anti
IrishMTS,0.994259325962014,Pro
gouryuuka,0.4945551876747755,Neutral
attofreak,0.0374659276435488,Anti
Milan_F96,0.585648922018871,Neutral
MrWhipWhop,0.738352056497302,Neutral
Wurstpaket,0.0728283101396499,Anti
hellrete,0.210146579629496,Anti
Eelpnomis,0.5199777551762009,Neutral
otterdroppings,0.4073002734888145,Neutral
mallchin,0.5,Neutral
tzaanknorne,0.732466668737637,Neutral
bokke,0.3446344104170125,Neutral
dexterelu,0.444303105614835,Neutral
_genes_is,0.5936617915610809,Neutral
K_man_k,0.612394471818565,Neutral
Dondons1uk,0.470326823019828,Neutral
HumorHan,0.610626425687061,Neutral
MisunderstoodTurnip,0.407991176417215,Neutral
kingmacca3,0.5541565212803982,Neutral
glisters,0.37241478058564725,Neutral
MadLadJackChurchill,0.376895235272204,Neutral
pikaoku,0.4187202043185836,Neutral
Maaajk89,0.0107999043363186,Anti
nigol313,0.5672953702981335,Neutral
ShitOnMyArsehole,0.536224808861066,Neutral
RaelizFergur,0.364332472426814,Neutral
Overcookedcookie,0.6007630889014483,Neutral
quantum_libet,0.867653715687489,Pro
Adam-Blackwood,0.5579412237655625,Neutral
CommanderROR9,0.455776929745067,Neutral
NamesEvad,0.0841353120831535,Anti
_Monsterguy_,0.567989000375604,Neutral
gham89,0.406516688083668,Neutral
BrettZBOY,0.311515247603505,Neutral
basatosaw,0.3768848061875983,Neutral
1one1one,0.420863345099101,Neutral
LastJediWasOverrated,0.4199308084842105,Neutral
blaster1112,0.997218782040019,Pro
Honic_Sedgehog,0.441990968457621,Neutral
Firion29,0.412779878782185,Neutral
LordGeni,0.550183920787322,Neutral
captn_frosty,0.448242290907543,Neutral
logicaleak,0.525950648891061,Neutral
Sidwill,0.411055027133595,Neutral
SenorSabotage,0.727687172241966,Neutral
mayasky76,0.33471780954733776,Neutral
withcoffee,0.399611061675626,Neutral
jlm9999,0.96077639022438,Pro
Smithy_21,0.542242242817322,Neutral
11Kram,0.50999007709482,Neutral
colaptic2,0.6206063612872277,Neutral
RetroMedux,0.753264555863744,Pro
davids1153,0.74857093160917,Neutral
SynthD,0.42427717362718836,Neutral
chamith888,0.422213009057035,Neutral
Frecklypinecone,0.827920666519279,Pro
sesmith73,0.4593818529685675,Neutral
Mastro-,0.143101815631992,Anti
MelonFace,0.35071426473500206,Neutral
PostRenuts,0.631424196788729,Neutral
sn0r,0.438834770004226,Neutral
formatgalaxy,0.899169014488923,Pro
thejohnd,0.614676187329553,Neutral
mobilehammerinto,0.5081076115350619,Neutral
behucrulig,0.758941069007205,Pro
feedayeen,0.4302905019344665,Neutral
soundsliketoothaids,0.5,Neutral
NorskeEurope,0.454682721317598,Neutral
phds,0.391723041823803,Neutral
cjcourtenay,0.527431664245679,Neutral
Asdiwal,0.523191750485418,Neutral
Simonbreaker,0.515467179465863,Neutral
PartyElevator,0.18362601141608,Anti
jamesaw22,0.0606913077776886,Anti
alocxacoc,0.68825506598074,Neutral
Strange_An0maly,0.6084925536263126,Neutral
eclectic-radish,0.584243535973529,Neutral
UnsolicitedHydrogen,0.672228143642816,Neutral
TraditionalisticBot,0.493428262373434,Neutral
Tay74,0.666475938332258,Neutral
Orcapa,0.0418882915808132,Anti
Smartcom5,0.178264782735188,Anti
ceetee15,0.613160402461698,Neutral
--BMO--,0.69108664109221,Neutral
VincoClavis,0.6878112615714661,Neutral
ducky-ducks,0.731825511032487,Neutral
quotth,0.575765124585019,Neutral
mazakiiz,0.382935252381367,Neutral
nicecreamdude,0.664218686760498,Neutral
deulin,0.689651039228459,Neutral
Letusso,0.54188373595569,Neutral
Phrygiaddicted,0.33262647647567994,Neutral
mattcopp87,0.590939583156518,Neutral
AzimuthBlast,0.4997822872857959,Neutral
Japie87,0.48324047231674666,Neutral
Mahoganychicken,0.416425392912641,Neutral
Jaccident,0.4554067012325126,Neutral
ady92,0.4206320806910089,Neutral
herestandslucas,0.0421194195974018,Anti
kimon1230,0.5673357296965785,Neutral
XoYo,0.891237178166974,Pro
hardcorefaerie,0.24297740644888863,Anti
biain,0.22857682206377,Anti
Murzinio,0.33322925398224085,Neutral
random_usernames,0.5787652328573258,Neutral
South5,0.6818999807433406,Neutral
BlomkalsGratin,0.281134347557912,Neutral
hatracer,0.0977669509540359,Anti
webchimp32,0.327673008539735,Neutral
RyseQuinn,0.0411896483997265,Anti
sarcastroll,0.5391949234479638,Neutral
T3Kaos,0.1981413467819,Anti
BlueProtien,0.637872579032592,Neutral
PrinceofBritain,0.499940367181185,Neutral
culraid,0.907373334387018,Pro
hudhuranfushi,0.5511332617315281,Neutral
verktyg,0.699029553186183,Neutral
apoefjmqdsfls,0.4586789811524188,Neutral
Broken_Castle,0.6736340129620245,Neutral
Raphius15,0.787033124994678,Pro
pe9788,0.998493106662064,Pro
Bobsledtohell,0.2081566646538441,Anti
PetruOp,0.3969548116987948,Neutral
Roysie_boy,0.668641837599552,Neutral
FlyingChainsaw,0.42926036696920705,Neutral
goodallw0w,0.3486776957615415,Neutral
Byrrell,0.4621080974854568,Neutral
FlatTyres,0.686734711494284,Neutral
DrPantaleon,0.782048557544276,Pro
christianlifts,0.805931284427526,Pro
HensonBhutan,0.628699293216745,Neutral
Malm4,0.3325408064950825,Neutral
IKillOnlyWhatILove,0.130535616966334,Anti
wtfthecanuck,0.7788134422374785,Pro
E-Aria,0.462981082985081,Neutral
JamSordan,0.545338690266524,Neutral
BlankSimon,0.4786193828138766,Neutral
Toofluffles,0.54454026504679,Neutral
Fugup,0.5550667228303034,Neutral
LegendaryVenusaur,0.447141749849501,Neutral
Archmage_Saltcel,0.899198247423045,Pro
tronaldodumpo,0.7336411190347406,Neutral
HoboJack,0.941730893808812,Pro
Tharpex,0.486594494332505,Neutral
BrendanIrish,0.5105000946682736,Neutral
dom96,0.289831626276877,Neutral
in-growing-toenail,0.5704811933924806,Neutral
shitpostoclock,0.555971821013773,Neutral
Jacobw_,0.7659519594422355,Pro
bunyacloven,0.411329716786961,Neutral
den4812,0.7300202598993075,Neutral
Tanaerian,0.694904467669978,Neutral
MontyBeau,0.512600914502455,Neutral
ANTH040,0.6166259963454714,Neutral
Merc8ninE,0.696573747000595,Neutral
alc5o2,0.4440297124850505,Neutral
sullentimes,0.560389130866489,Neutral
gawalls,0.609089463024207,Neutral
Shiesu,0.7101507164427066,Neutral
WonkyLife,0.652636027566875,Neutral
Th0rHere,0.829318456980036,Pro
CostumedAggression,0.5731810847408522,Neutral
Crasz,0.4530383982645586,Neutral
DelusiveWhisper,0.0569810081687848,Anti
urdsrevenge,0.91050383963528,Pro
TheBacil,0.4593427710973926,Neutral
DiiGiiTAL,0.890940590458408,Pro
DirigibleMarsupial,0.5647133375893786,Neutral
CreamCapital,0.645973073037237,Neutral
Batearedfreak,0.992860560328731,Pro
MuffinMagnet,0.509491310998065,Neutral
limpack,0.5113578208260561,Neutral
nh5316,0.644372108132498,Neutral
ixikei,0.4846070808903677,Neutral
itcha2,0.4097751039741528,Neutral
Einzakin,0.444729718549283,Neutral
joepbrett,0.4926044449093495,Neutral
brcguy,0.899190625286217,Pro
nitbuntu,0.4094990589694395,Neutral
ZMeson,0.668792450034183,Neutral
GDIVX,0.603914139047914,Neutral
sweetcinnamonpunch,0.584404194310799,Neutral
MaxxxV,0.461952582809142,Neutral
alpersena,0.6657703681055284,Neutral
raidrecords,0.759684257699161,Pro
kugrond,0.47332672887390864,Neutral
Fxxxover,0.277884474264458,Neutral
Ploy501,0.532283203412111,Neutral
Serithir,0.940004733652686,Pro
iddqd03,0.5820469504564254,Neutral
kevlarshorts,0.498904342482641,Neutral
HidingInACupboard,0.4827064606412944,Neutral
alwye,0.38924522466986305,Neutral
Thorvay,0.56928534554411,Neutral
ClassicalLiberal76,0.29131291645079066,Neutral
bigfmal,0.4270677485936195,Neutral
--cheese--,0.612578443500014,Neutral
Dillymint,0.13162259034673365,Anti
safariite2,0.555114451397517,Neutral
JoyBoy39,0.4561972000336555,Neutral
Miss_Lioness,0.172250229070989,Anti
JordanA_Lee_,0.0535992147913881,Anti
AMidgetOnWheels,0.456398143410254,Neutral
JoyceD86,0.3807163349567245,Neutral
talammadi,0.466442965261887,Neutral
devondjones,0.0005869793823649,Anti
daleyibt,0.3904580453131787,Neutral
twinkletoes98,0.368621744798731,Neutral
mothius231,0.660992190660423,Neutral
MrChips-SWYS,0.512060394109722,Neutral
Jesteress,0.688874212398048,Neutral
barristonsmellme,0.925996418957367,Pro
Friodocaralho,0.48929135897597414,Neutral
marykina,0.4215045748771717,Neutral
i-am-him-88,0.19983454389498784,Anti
HLC88,0.996746052712408,Pro
Mayo_Spouse,0.83629851539957,Pro
bated-breath,0.377198272810542,Neutral
alQmist,0.354433460623132,Neutral
Meades_Loves_Memes,0.217865294289919,Anti
Maccboy2010,0.933307752437053,Pro
anogramatic,0.0545862895996697,Anti
urbudda,0.41518116672648836,Neutral
somethingmarkish,0.443342884875217,Neutral
88dixon,0.966725506562586,Pro
Gartlas,0.5014932009213003,Neutral
suwl,0.365414046504737,Neutral
something_python,0.5031901194193318,Neutral
aananian,0.101112549921,Anti
Orangetreehugs,0.692268503181287,Neutral
please-replace,0.7168644056803595,Neutral
themartinc123,0.667697689994611,Neutral
SherrodBrown2020,0.7801615729886792,Pro
aintmyfirstrode_o,0.271178012693142,Neutral
seventyeightist,0.568842182198534,Neutral
skifans,0.3310366802278625,Neutral
lollygagme,0.44421092277549645,Neutral
De_Baros,0.3663387541516217,Neutral
speakstarbucks,0.600637502407324,Neutral
Mattymooz_,0.484443793028909,Neutral
Ale_Aficionado,0.0532173004555689,Anti
Ohaireddit69,0.22121120599782101,Anti
defowouldsmash,0.6543231335037757,Neutral
puyallupwa,0.5726512248057559,Neutral
tekka2,0.885583778302103,Pro
DrunkEnchanter,0.6077162029474417,Neutral
bungholio99,0.448195073892306,Neutral
stormbuilder,0.0242668134015828,Anti
PestoElite,0.5075249745076575,Neutral
anngripper,0.703279779648219,Neutral
nil_points,0.5091327049450631,Neutral
caddi-k,0.74015114326814,Neutral
danmoemk,0.0031102740094606,Anti
Sajuuk-Cor,0.368460096848237,Neutral
dan_splaining,0.7856602733252024,Pro
Evoff,0.5796691563744081,Neutral
BrQQQ,0.03229155524455315,Anti
girlkettle,0.5725002518340914,Neutral
NelchaelSS,0.5320884750929333,Neutral
Funktopus_The,0.665986834551643,Neutral
Fennec-murder,0.794830678009513,Pro
AmrodAncalime,0.554061175420928,Neutral
Samlibob,0.3023284699629774,Neutral
unityofsaints,0.005056907040799,Anti
LionelHitchman,0.226521223626171,Anti
errorusernameinuse,0.728841427022093,Neutral
jarlemag,0.4794403872681475,Neutral
BitcoinBishop,0.630930051427301,Neutral
WindowSurface,0.601959391444342,Neutral
WorldlyBrother,0.441209923412615,Neutral
ChickenTitilater,0.8145684665062797,Pro
Khoin,0.300844186703501,Neutral
PolPotatoe,0.518435731390495,Neutral
NautEvenKidding,0.307489554196348,Neutral
acxander,0.298768529623002,Neutral
ungleichgewicht,0.988835338011594,Pro
cyricor,0.6380228593096932,Neutral
TeresaFundo,0.043924912040335,Anti
Krotann,0.324106715849715,Neutral
Andy_finlayson,0.421925684489659,Neutral
zimotic,0.236343451231142,Anti
MWB96,0.871010766373277,Pro
VW_Arrr,0.462556349600546,Neutral
glory_hallelujah,0.345217283000943,Neutral
Yvellkan,0.5229568894912706,Neutral
ProsperYouplaBoom,0.531754992958226,Neutral
Lnnux,0.392423382855678,Neutral
RaspyRock,0.0398726456090043,Anti
ninjascotsman,0.405688935380245,Neutral
robobreasts,0.46353799481264946,Neutral
Engineer9,0.336978720860813,Neutral
SurlyRed,0.075405835122595,Anti
TheRedBee,0.0967714510882863,Anti
hunta2097,0.345920155566276,Neutral
Y_ROR,0.40376730107921865,Neutral
boobagley,0.39323479476734285,Neutral
Cfkwrh,0.840356635630914,Pro
sprouting_broccoli,0.195754492131011,Anti
finnlizzy,0.22174792638018712,Anti
fahad_ayaz,0.4397962505091185,Neutral
peshwengi,0.4236980869869475,Neutral
PeepAndCreep,0.374391374729216,Neutral
advancedrescue,0.869848327427,Pro
chairoverflow,0.501207048589799,Neutral
Karn1v3rus,0.5655301418701453,Neutral
CharacterPayment,0.640172835925054,Neutral
mya_acount,0.6480876825486823,Neutral
ZoneCaptain,0.6553553565948684,Neutral
IDidSomethingPlaid,0.219602776850985,Anti
espressob4bed,0.346555560484495,Neutral
robertscoff,0.742850008851993,Neutral
rocketman_mix,0.325032256545752,Neutral
kutuzof,0.161791642515011,Anti
AydinUK,0.379564472815326,Neutral
LogicUpgrade,0.20815298101662,Anti
ergoergoergoergo,0.5076676152720748,Neutral
social_pariah,0.976804197294243,Pro
UbiquitousDonkeyBall,0.5404417605406839,Neutral
extra_specticles,0.357091125126216,Neutral
Wheelbarrow_1,0.727356743594352,Neutral
Patrick-star-number1,0.5,Neutral
Dorkric,0.5871162768642066,Neutral
ingeborg_x,0.5,Neutral
BiffBiffBiff27,0.520970635905766,Neutral
jg87iroc,0.998923569556062,Pro
ParamonAdrian,0.52802688258279,Neutral
kokx,0.282200018107534,Neutral
IDownvoteEveryRepost,0.57311201931586,Neutral
Desatre,0.674432865721494,Neutral
MV829,0.381411295465139,Neutral
kucao,0.2991990840833351,Neutral
KingPlutoIX,0.6234475617089561,Neutral
Congrinero,0.3710620913368192,Neutral
crustyofsheffield,0.950476426642229,Pro
accendera,0.3115223482699024,Neutral
Oraclio,0.29947673450094,Neutral
MarcinNielot,0.648924603111703,Neutral
westlib,0.7675941471501897,Pro
sebo3d,0.112302209004909,Anti
oscar_einstein,0.234277757199125,Anti
cynicalbinnacle,0.423542102622643,Neutral
Cheekymouse94,0.6748585320462199,Neutral
happydays85,0.561102121215648,Neutral
happykebab,0.681540366332527,Neutral
scrumtrellescent,0.468586872548343,Neutral
Sansoki,0.0214075903097685,Anti
PebblesPotatoes,0.8550018668176504,Pro
Shitshow2020,0.3107903508856499,Neutral
NeferNeferNeferNefer,0.390822753239506,Neutral
optimist60,0.365731059207268,Neutral
chubbyemployee,0.0671941021722026,Anti
rawwrimapenguin,0.0001115698051018,Anti
Nyxzola,0.4316430865841895,Neutral
jimworm,0.20820456900215806,Anti
Speersy99,0.590572752056714,Neutral
tincanmemory,0.0042359883269763,Anti
defenestrat0r,0.2513269664584429,Neutral
totoum,0.484885641704944,Neutral
juanmlm,0.684917515496666,Neutral
ModMind,0.37136826606006834,Neutral
Jonathan_MRC,0.5583801491502945,Neutral
miklschmidt,0.3697099209885585,Neutral
Tom-Frost,0.29574634897399055,Neutral
Xyphis0,0.789287031895023,Pro
Sophira,0.574927989268083,Neutral
ProbablyTooEdgy,0.189569775913925,Anti
BloodlustDota,0.581994971863813,Neutral
Brentusfirmus,0.3734835192856745,Neutral
FlobbleChops,0.613635195278173,Neutral
CalamityFred,0.984264508137001,Pro
BenjaminDaaly21,0.396304463684284,Neutral
flynnie198,0.093595116955117,Anti
VWOLF1978,0.5276917102998919,Neutral
whocalledthecooka,0.66923912847624,Neutral
TheMGR19,0.5109570837754335,Neutral
OutranIdiom,0.55307430636106,Neutral
RedScud,0.288355583224805,Neutral
Kuroakita,0.654513014178291,Neutral
EmotionalSouth,0.193818888185863,Anti
elevater9859,0.41618301471596475,Neutral
BioChinga,0.211576816743502,Anti
YoUaReSoHiLaRiOuS,0.468944804656868,Neutral
ChiefRolwen,0.417166722277735,Neutral
Oshey79,0.582239530036366,Neutral
Sebxoii,0.433999410230483,Neutral
Truebluedonkey,0.8362665200340855,Pro
DonaldsMushroom,0.3060743762398695,Neutral
flaming0strich,0.859774711293797,Pro
gaston1592,0.3798756934132957,Neutral
SilverAgedSentiel,0.300888627711927,Neutral
JoeFreitag,0.41955055951749504,Neutral
bama1831,0.261843072813966,Neutral
Fractoos,0.0787365863555482,Anti
GreenCoding,0.596192755750068,Neutral
Help_me_im_stuck,0.429525003728659,Neutral
Billo67,0.645491596720976,Neutral
Hilarial,0.409747027313492,Neutral
Mich_1111,0.6114619906552067,Neutral
MLByzantium,0.4311242824535124,Neutral
gpu1512,0.548392821227015,Neutral
Anthraxinursoup,0.995852248946299,Pro
actonspark,0.7413353840849211,Neutral
DatRealGirl,0.489620573682372,Neutral
mnlg,0.576648239918642,Neutral
2sp0,0.484521364759204,Neutral
IAmNumber084,0.483957165092551,Neutral
blueplanet0,0.0257299175732142,Anti
Tivolius,0.51404061161697,Neutral
BikePartPicker,0.603370820290309,Neutral
MusT_suRvivE,0.43561280770821753,Neutral
TheThatchedMan,0.516443893033933,Neutral
cataids69,0.6911067784086772,Neutral
Boszz,0.45312938544347403,Neutral
Chai_Time69,0.1435800053311357,Anti
Starrrmie,0.264387849157874,Neutral
Sailinger,0.4338399364055915,Neutral
DarkSpartan980,0.173986217572734,Anti
FudgingEgo,0.829811843237395,Pro
BinaryArcher,0.4564851749101075,Neutral
FruttyFrutty,0.576139771957365,Neutral
Bordochai,0.6486113799085664,Neutral
SmokingPuffin,0.25749621548391977,Neutral
coniferhead,0.5828193984963691,Neutral
sekishiyoko,0.8682630704155,Pro
DulceDays,0.898126284545328,Pro
topboy_jonny,0.45855207955420463,Neutral
TheBlackUnicorn,0.414293982286697,Neutral
castironstrength,0.5,Neutral
kalleron,0.433522706838351,Neutral
cds2014,0.457749080450787,Neutral
Minenash_,0.5032389961148483,Neutral
petersaints,0.37853326307158,Neutral
DealWithIt90,0.661030111368927,Neutral
NitrooCS,0.511351163094632,Neutral
monkeysandpirates,0.432424765804731,Neutral
Frozocrone,0.994661011581677,Pro
CharlisonX,0.673530587238904,Neutral
mica720,0.4415543968063,Neutral
ramiable1q,0.354695805098844,Neutral
utpinky,0.519869502364677,Neutral
Beckynerd,0.3835748346995035,Neutral
InCaseOfTheMatt,0.399064594770213,Neutral
CreepyWritingPrompt,0.35518219352670916,Neutral
simt33,0.395003640043374,Neutral
40_Winks,0.358638533063158,Neutral
Wellsy,0.975143339360348,Pro
choobie1kenoobie,0.733631186792899,Neutral
internetroamer,0.0042559550188269,Anti
Azazael,0.0438906863966693,Anti
0xleo,0.5611601288139842,Neutral
trash1000,0.508080029271473,Neutral
daftgit,0.423092496811659,Neutral
beurremouche,0.768945807421055,Pro
Jaikus,0.691014155574642,Neutral
sopunny,0.46798049592504465,Neutral
BlueKnight17c,0.562871851179902,Neutral
the908bus,0.5242310547845893,Neutral
zcribe21,0.550789356497492,Neutral
human_py,0.522362137843948,Neutral
trymas,0.5094224282136794,Neutral
TouristTrapper,0.83514675145916,Pro
Darth_Tanion,0.221693776126584,Anti
TobyDent,0.49889401345516105,Neutral
Yemanga,0.5149319893404515,Neutral
erbazzone,0.560546469266811,Neutral
sussoandso,0.45245316233465,Neutral
random555,0.50213120669184,Neutral
sutehk,0.375744090642434,Neutral
MrSocioloog,0.274621940226919,Neutral
M00FINS,0.439582550066265,Neutral
FilthWizardSexLizard,0.195990894649046,Anti
WheresTheDonuts,0.673690135029248,Neutral
gunmetalkatana,0.439880867232011,Neutral
4magicboxes,0.251443685194764,Neutral
belg1888,0.812116807255084,Pro
GreenAventurine,0.47943271816521066,Neutral
Kaledomo,0.97396587972594,Pro
cadetbonespurs69,0.47651179168537866,Neutral
kevin_the_dolphoodle,0.41212081660404,Neutral
ninjatoothpick,0.5711567742613417,Neutral
SoFarFromHome,0.0827161720736984,Anti
yer-what,0.336835926045031,Neutral
bagpuss77,0.3102534674962289,Neutral
Finderato,0.575710654894775,Neutral
Fangro,0.41228776567267184,Neutral
spasticpat,0.233571186652085,Anti
WeirdFish19,0.657581357870088,Neutral
HenryKissiger,0.46939077687050523,Neutral
YourOwnGrandmother,0.5088387327731725,Neutral
esocz,0.704971966977492,Neutral
qbika,0.2621126967975545,Neutral
epigeneticsmaster,0.807870202302245,Pro
Fencius,0.6488931789205004,Neutral
looperboy,0.443953049094248,Neutral
lukeoutside,0.566855002522676,Neutral
zbealeo,0.620485528839998,Neutral
Faryshta,0.41183906760933303,Neutral
moystard,0.325220499713985,Neutral
iktnl,0.432555644254056,Neutral
SirKaid,0.0184982968956348,Anti
aujla,0.5,Neutral
IWishIWasATable,0.6319541983316906,Neutral
YellowPinkie777,0.269902299457327,Neutral
Phizz01,0.7573871364153745,Pro
5footbanana,0.5278825120815095,Neutral
robotsdottxt,0.370826285420738,Neutral
DonElad1o,0.797909852410143,Pro
mike2j6,0.35432336691335,Neutral
ToulouseMaster,0.205535030284914,Anti
WooitsDave,0.198846475733464,Anti
scufferQPD,0.462866884345464,Neutral
HotDickNixon69,0.839470476456813,Pro
KittyGrewAMoustache,0.637988886905025,Neutral
flamingos-cant-draw,0.5,Neutral
Comedyfish_reddit,0.5685694744932753,Neutral
tannedcomputer,0.364787751517967,Neutral
ilovebatcatstew,0.6135039763358975,Neutral
joegee66,0.6350158592111922,Neutral
DoctorDiscourse,0.0083117138926955,Anti
cortrev,0.611259785800727,Neutral
Ghost_Dawg12,0.348900068578707,Neutral
ChillTea,0.165640813936823,Anti
ChetWilliamz,0.0001960285040785,Anti
tryingtogetairborne,0.215162951429901,Anti
4d20allnatural,0.476054036323728,Neutral
EighthDimension,0.5572635561695567,Neutral
ValuableRadio,0.958521540557984,Pro
VenomRS,0.5702722830808246,Neutral
jacobf23,0.334429013781591,Neutral
Tupsarratum,0.0007778813763295,Anti
stance_changer,0.944312028769205,Pro
Dr4g0nsl4y3r94,0.23787835638561597,Anti
Pteraspidomorphi,0.243321321027788,Anti
ma_86_,0.419520940108268,Neutral
wgszpieg,0.723343055277159,Neutral
iri1978,0.290935318681701,Neutral
AdddY13,0.777734067882711,Pro
BumSophistication,0.538705007713052,Neutral
maus42,0.546375538462805,Neutral
xxispawn01xx,0.786573465826606,Pro
digitall565,0.0126471033664384,Anti
benh2,0.23005028107943,Anti
Zankou55,0.42496098998738724,Neutral
Tilvaltar,0.481664804244615,Neutral
alex-the-terrible,0.39564965031259447,Neutral
black-tobacco,0.7444841666309948,Neutral
xionell,0.23263679265796,Anti
racemaniac,0.243080793710065,Anti
mortelsson,0.239610946393739,Anti
platinumvonkarma,0.44698939279302136,Neutral
indale731,0.499234305295186,Neutral
Delfiex,0.8937644251284,Pro
tacco85,0.711198710963217,Neutral
gangsterbril,0.522086534142311,Neutral
six-acorn,0.695575730336301,Neutral
BlueHighwindz,0.384725412318337,Neutral
Significant_Housing,0.34455835291079445,Neutral
milkiman,0.7204716849401075,Neutral
Tsensheng,0.677712509082979,Neutral
eseagente,0.521077830823345,Neutral
cheddarbob1991,0.555950612286533,Neutral
EldeederSFW,0.684538303816166,Neutral
AirMech777,0.531998552062187,Neutral
im_on_the_case,0.366872505509246,Neutral
TehOwn,0.611844737094535,Neutral
Groggy42,0.448024338316217,Neutral
oozles,0.50782926934227,Neutral
interstellargator,0.471913367119541,Neutral
JamesDufrais,0.4286192138722825,Neutral
Happiestsunday,0.775460543510752,Pro
FreakinSweet86,0.410750909565694,Neutral
nucumber,0.693043158316273,Neutral
AlfonsoRow,0.848622488085852,Pro
CaptainBrando,0.8466021425253556,Pro
Monteg9226,0.5,Neutral
TruthSeeeeker,0.6045897718775213,Neutral
Williss360,0.61933528362024,Neutral
pritikina,0.326493131686203,Neutral
ManCaveHideout,0.639164813720283,Neutral
neverhadlambchops,0.6132338693890883,Neutral
invisiblesock,0.298953125853262,Neutral
heliogt2,0.213587195400065,Anti
imbobstevenson,0.677299507260164,Neutral
smeenz,0.4396367570219693,Neutral
CarolSwanson,0.592342003416422,Neutral
brockington69,0.673649668984002,Neutral
cezmate,0.5,Neutral
tisashambles,0.47109161451847,Neutral
fieldsofgold2,0.6631538610875497,Neutral
NelsonFx,0.47745894178935694,Neutral
Amsterdam1620,0.5080914870202046,Neutral
cmd80337,0.6093398021768965,Neutral
Quango2009,0.585438111723565,Neutral
hyherehen,0.505067895904816,Neutral
miki444_,0.0271298486305112,Anti
Errdil,0.61045269105153,Neutral
Jonnosaurus,0.5686468324828016,Neutral
c4p1t4l,0.977645685797685,Pro
Tidsmaskin,0.36521802118208,Neutral
liptonsebbin,0.629323145676293,Neutral
underneaththebottle,0.4790311644281635,Neutral
TheLifeOfARock,0.388581677967578,Neutral
Havoc_LP,0.6622693086485718,Neutral
Smld97,0.784896415029598,Pro
Moriens666,0.3393355165301563,Neutral
SplamSplam,0.981335800752196,Pro
silent_mills,0.555732215145383,Neutral
benjamin_jabituya,0.621717631701131,Neutral
AntiVaxxBeDumb,0.0050738539227653,Anti
darkrae,0.42034218839956533,Neutral
Sthrasher85,0.346504754705715,Neutral
mushroomyakuza,0.76181064739972,Pro
POST_BUSSY,0.612669538918194,Neutral
thegarbz,0.5005705905613175,Neutral
aard_fi,0.3651799635838103,Neutral
Mr_R_Andom,0.39399940684749246,Neutral
Curtainpompom,0.703011407498518,Neutral
Lost_at_Tesseract,0.576056440785396,Neutral
cjfitzroy,0.616106131787595,Neutral
kohpnyn,0.116831276580049,Anti
Maschinen11,0.827406572702237,Pro
RobAley,0.747786658341298,Neutral
megaweb,0.216439842523995,Anti
BeefaloRancher,0.402583366876568,Neutral
CharlesGrey1832,0.5364325144869233,Neutral
bomzay,0.383026544251504,Neutral
awesomegamer919,0.451238838169147,Neutral
wobzilla65,0.743523397092058,Neutral
viniev,0.56230427296116,Neutral
FuckYouClownPervert,0.43826871671751183,Neutral
haitied,0.500563310080276,Neutral
giwidouggie,0.566278375480504,Neutral
flipouk,0.331889664359951,Neutral
walrusmcwalrus,0.5202760596385665,Neutral
GabrielMichaelson,0.493855277476314,Neutral
SReplicant,0.676836839789257,Neutral
Jemtex,0.30358482391831787,Neutral
SmeagolJuice,0.440652999218066,Neutral
KillerTurtle13,0.163076444696107,Anti
orangeineer,0.642049855565837,Neutral
mldutch,0.702223940574361,Neutral
POPGamut,0.769442736991465,Pro
Lyaid,0.983862422950032,Pro
justcannydoitcapn,0.256967823463697,Neutral
RobinThomass,0.524368561207737,Neutral
plebeius_maximus,0.43742738164014466,Neutral
TheBagelFucker,0.5050793378171781,Neutral
coralus,0.6093573878034995,Neutral
umme99,0.620598642833121,Neutral
kimb391,0.7315932677865025,Neutral
strawman669,0.0282006265391612,Anti
LastSprinkles,0.198921218017241,Anti
Nozinger,0.8351443728383314,Pro
reverendsteveii,0.682197472473471,Neutral
dogpos,0.182454833728043,Anti
Guru_with_a_moo_mooo,0.5423797513519605,Neutral
sabrewulf,0.140747614560432,Anti
Panos93,0.360383179567549,Neutral
synthetist,0.6183003344585241,Neutral
wholemania,1.18540535356188e-05,Anti
submariner29,0.658062684290002,Neutral
zeek-lukhulu,0.6614012958727707,Neutral
jason870514,0.229892522138092,Anti
CUTTYBOBUSA,0.58131055090369,Neutral
six_ngb,0.2956615522059968,Neutral
Daviplan3,0.648671661142422,Neutral
SlyScorpion,0.835729955265522,Pro
hasbara_troll99,0.528211484328114,Neutral
Turmfalke_,0.331304006481946,Neutral
NotHachi,0.38344211123916,Neutral
plastix3000,0.593053157966902,Neutral
EndiePosts,0.455722972067081,Neutral
Taigatrommel,0.501551119138228,Neutral
Aufblitzen,0.5012476627641673,Neutral
FreshFromTheGrave,0.394592811089978,Neutral
newuser13,0.4949120070833086,Neutral
Strbrst,0.5,Neutral
TattedKnifeGeek,0.4888240357656003,Neutral
Relaxed_Engineer,0.109986289221583,Anti
Brexit-1,0.475422817406789,Neutral
rsa1,0.5614305863550367,Neutral
The_Primate,0.6441765809244773,Neutral
luki-x,0.0162431596591961,Anti
life_xpantion_pack,0.529884524752609,Neutral
helpmewiththesebags,0.902054431024199,Pro
babyburger357,0.401694791130948,Neutral
TubbyandthePoo-Bah,0.476573595957737,Neutral
BadDiet2,0.724527005219233,Neutral
Anyia,0.648671661142422,Neutral
oliver_marriott,0.6681607737328233,Neutral
yellowkats,0.5959654655862853,Neutral
DeathRebirth,0.48365687927933165,Neutral
zyzzleflyx,0.665251444642018,Neutral
ralphclark,0.47503629366897,Neutral
a_doggo01,0.6821619615059857,Neutral
rctdbl,0.578615004664295,Neutral
footlongfolesdog,0.622451404852452,Neutral
JV10000,0.987762635870824,Pro
Greenflute,0.610144667402812,Neutral
mfuzzey,0.3100378714601164,Neutral
schmiceberg,0.501324680792974,Neutral
Bikeboy76,0.35857207856277,Neutral
kroIya,0.2588557547002145,Neutral
ZhouDa,0.2547578000493368,Neutral
BigBoiLegend,0.773708924856598,Pro
rainidev,0.6198652621376098,Neutral
paxillin,0.5184805804969985,Neutral
Prowindowlicker,0.478765574717932,Neutral
danny7686,0.43550028752297,Neutral
Astronaut_Chicken,0.320533886341187,Neutral
lobsterharmonica1667,0.4626582774982402,Neutral
Skolanthropy,0.3233540285602226,Neutral
p_argat,0.120888443203345,Anti
JackTheRipper1978,0.583006608084202,Neutral
HerrWolf88,0.513247924598283,Neutral
DrJackWantSoda,0.5,Neutral
lane4,0.459302755586078,Neutral
windless99,0.540912178808138,Neutral
Lornamis,0.005451539613053763,Anti
asaggese,0.43399362305004796,Neutral
surewhynotisuppose,0.528673508634215,Neutral
_user1928_,0.684658844749865,Neutral
BenjaminG1993,0.6688294627759286,Neutral
substationsix,0.638994412696526,Neutral
oohbopbadoo,0.6365297090240409,Neutral
Properactual,0.23723431533545,Anti
quigly2,0.0050797849671636,Anti
zerj,0.2538798495116177,Neutral
Azurefatejay,0.792840027208781,Pro
ZEUS_SKY_FATHER,0.913490838566734,Pro
p_equals_np_squared,0.2691547491513814,Neutral
AliBarakat,0.644469841902445,Neutral
MixtliLlora,0.371789599273076,Neutral
WharlotteoLogan,0.7938083932559773,Pro
cprenaissanceman,0.125680491116323,Anti
decker_42,0.337137997007494,Neutral
haaskalbaas,0.575710654894775,Neutral
benjaminphammond,0.841563031782218,Pro
arekrem,0.4664607748445763,Neutral
kapiteinkaas,0.482096924788893,Neutral
Kato89,0.696350286045286,Neutral
restform,0.3012500267735245,Neutral
baumeolle,0.647278703641922,Neutral
theghostecho,0.429806370086659,Neutral
CactusCalin,0.0628257259184469,Anti
bonez656,0.524794049895816,Neutral
SnoozyDragon,0.203306327009968,Anti
nachoiskerka,0.830373213859014,Pro
Reeeeeen,0.965156532889507,Pro
SkipsH,0.497430391317368,Neutral
towner,0.623582976813466,Neutral
DarkGamer,0.519902119956232,Neutral
ALeX850,0.480360727471315,Neutral
Stepjamm,0.525771615100642,Neutral
Peridoe,0.4444389796897845,Neutral
Noimain,0.353128312499157,Neutral
jacq529,0.684109716038074,Neutral
OrangeBeast01,0.425938240916379,Neutral
furioussoapbox,0.507720632276282,Neutral
PhoenixPhighter4,0.488801854588683,Neutral
350,0.5,Neutral
mcsen2163,0.152778206988211,Anti
steveinstow,0.780872958581931,Pro
ExtraSpinach,0.6789462573241903,Neutral
kein_text,0.487242941779381,Neutral
HANZOSWITCHPLS,0.422314957655401,Neutral
UnkleTomCobley,0.583711253523943,Neutral
potentialprimary,0.553207944074818,Neutral
Henderson72,0.861586287040492,Pro
CyclingChimp,0.510791238418257,Neutral
Hackeroftoday,0.304943229449333,Neutral
a2792,0.528433972968797,Neutral
fgjlk4,0.284576863819322,Neutral
LordSwedish,0.0848199555104921,Anti
Koldstream,0.3925038051559595,Neutral
alalaladede,0.342512743571391,Neutral
DA_ZWAGLI,0.7058216083891165,Neutral
MyAnDe,0.730420918342883,Neutral
mojo4394,0.747552059814655,Neutral
DontmindthePanda,0.5883325227414953,Neutral
Szpagin,0.5006656782704094,Neutral
mblyk,0.469725698636686,Neutral
themistoclesia,0.3750250009527319,Neutral
jejebua,0.469492122202113,Neutral
lcsulla87gmail,0.352673774571667,Neutral
nhaines,0.467365132503499,Neutral
TheValVega,0.5326087307939436,Neutral
APiousCultist,0.688789558349347,Neutral
jamieisntgay,0.116775963002579,Anti
bushwhack227,0.205583327682753,Anti
LondonSeoul,0.7391744421824124,Neutral
greenskyx,0.498369246969938,Neutral
FrankieTheAlchemist,0.38861737498180104,Neutral
9tharcanum,0.52796138094218,Neutral
oldredditbettereddit,0.3860015830732557,Neutral
azurestrike,0.776803040153262,Pro
duke-of-bore,0.716630859319547,Neutral
cast_that_way,0.6422477058213181,Neutral
M-Gnarles,0.821151128628838,Pro
Sayod,0.837754992710526,Pro
Dis-tro,0.648657851833194,Neutral
New__0rder,0.521232698858302,Neutral
AnnFinancialQs,0.130410367186801,Anti
mion81,0.590855158745621,Neutral
SomewhereAtWork,0.4024373004574897,Neutral
Internerbeernchill,0.590420590382082,Neutral
MegiddoZO,0.547025356650261,Neutral
Rol4ck0s,0.84146844304281,Pro
ElGoorf,0.695571733593688,Neutral
Kobrag90,0.434193575288057,Neutral
Anne-at-Reddit,0.771589560817684,Pro
monsibrooks,0.523407535990779,Neutral
mikebrown747,0.696211450279053,Neutral
traumaandliterature,0.0253212675829553,Anti
CommanderDank,0.612564521732947,Neutral
DeconstructedDog,0.708515917909449,Neutral
hairyroos,0.205415035864916,Anti
Snazzy_Jazz_18,0.396181950833088,Neutral
Salzus,0.706737448007156,Neutral
tobzere,0.5488431396672732,Neutral
jimbobf2002,0.778961217260943,Pro
dayoffrettchen,0.691781601915356,Neutral
YokoBaggins,0.143105051276474,Anti
JIMETHYRUMPLEKINS,0.533558965548134,Neutral
wfpoulet,0.173986962640457,Anti
Alienpendant,0.30761138632334,Neutral
Docstonge,0.597169601678663,Neutral
blacc_catt_,0.483551010853706,Neutral
UhIsThisOneFree,0.0001401293071751,Anti
Ax3stazy,0.34646900111670553,Neutral
NixxNikoli,0.603682695385794,Neutral
Apathetic_Superhero,0.9192381023528435,Pro
stevemmhmm,0.323536009690357,Neutral
clitorides,0.1888058701251858,Anti
m4r71n2010,0.855436993141938,Pro
tonykickass3000,0.454788368869172,Neutral
Diragami,0.19013756914806906,Anti
hodor_seuss_geisel,0.49586572241193194,Neutral
artmorte,0.322432537723456,Neutral
CarmelWox,0.6567155158350962,Neutral
RenownedBoat,0.633884782754474,Neutral
Gumbo_Booty,0.367688506619687,Neutral
pineapplelikes,0.374581448010071,Neutral
huonong2,0.477507232085659,Neutral
Inksypinks,0.919619281444868,Pro
srt8jeepster,0.3281623781249675,Neutral
Holupy,0.3605270285975667,Neutral
aypex_senv15,0.674135549196956,Neutral
Upsilz,0.540631666045337,Neutral
alexc28-3,0.338574605968617,Neutral
Citworker,0.5094183495077623,Neutral
JameSimon666,0.494713505843136,Neutral
guepard4,0.615529399003428,Neutral
ronnyretard,0.5,Neutral
Thestaris,0.431616461759119,Neutral
Naruc,0.425741274054586,Neutral
nattyprofessor,0.606249730832781,Neutral
rjwv88,0.285173764983153,Neutral
mojash,0.397052607418628,Neutral
latebtcinvestor,0.639333818427053,Neutral
Funkyokra,0.320263766696111,Neutral
professor-inu,0.332502864501925,Neutral
CapitalLeader,0.476157272614999,Neutral
undeadermonkey,0.466590182445868,Neutral
AccordionORama,0.53260133739736,Neutral
CaptainFingerling,0.7668612886794524,Pro
Kivouzz,0.639621232504221,Neutral
WingedSpider,0.7135087978601143,Neutral
Comrade_Cole,0.6311142849164046,Neutral
metalion4,0.641723390698745,Neutral
M4cAr1hur,4.09603422323725e-05,Anti
kopk11,0.472696373495707,Neutral
Silver_Candle,0.43861897640622044,Neutral
ScrimptonScrubber,0.997553567709259,Pro
Cimo9,0.552190323472249,Neutral
antisa1003,0.344239261145946,Neutral
WVYVW,0.9315378179793135,Pro
vitallyunplanned,0.0028409654200165,Anti
Azucarillo,0.3428736850568907,Neutral
izalac,0.736127755639582,Neutral
SomebodyFromBrazil,0.333550081658895,Neutral
Askymojo,0.0278320687255948,Anti
Jakeasaur1208,0.3357514203268645,Neutral
HippiePeeBlood,0.82343965951392,Pro
abguychap,0.8420771394934193,Pro
Lunarr8,0.7552259293358884,Pro
auto-xkcd37,0.354922526252535,Neutral
beuhlakor,0.302220362086631,Neutral
DamienCouderc,0.564518488536545,Neutral
Mikel_manuel,0.21548772762912,Anti
Sdroboluz,0.616102989031979,Neutral
Yoshi_E,0.276284651021831,Neutral
Sab159,0.598971699477833,Neutral
Mapletawft,0.837972832237599,Pro
contentiousconsumer,0.3785348771620561,Neutral
Breitschwert,0.0048038889179418,Anti
CharlyRDayz,0.6470824248578525,Neutral
pdkatsea,0.3980534583906235,Neutral
Qayden,0.644475573633776,Neutral
Chillers,0.814427006850987,Pro
Swazzoo,0.482096924788893,Neutral
This_ls_The_End,0.206051898476002,Anti
john_qyu,0.0322324202456482,Anti
crystalgrey,0.0334021268378317,Anti
GotItGotItGotItNeed,0.6182544143151194,Neutral
mkb252,0.18255095281168093,Anti
dblake123,0.782044929951286,Pro
bumbleio,0.0132774739781782,Anti
Thazgar,0.647129328398668,Neutral
capi81,0.5125591432891635,Neutral
Loukvarvi,0.821258877309784,Pro
madjic,0.828676456974308,Pro
randord,0.550390564620281,Neutral
DontforgetElk,0.986631935022945,Pro
esskess,0.189738587807571,Anti
flamingmongoose,0.169739190255963,Anti
Grumpy-Avocado,0.546823279061142,Neutral
maxerkannallesbangen,0.3124329440159429,Neutral
seekdiscomfort,0.487084925497762,Neutral
tc10b,0.2140844255231407,Anti
coupl4nd,0.6030726499608416,Neutral
TitusRex,0.382791414322575,Neutral
Oh_No_Call_Batman,0.592630070290514,Neutral
banditlogic,0.6098725259081877,Neutral
SpaceFlightOrange,0.243177356674703,Anti
rockgnome,0.44095603853381304,Neutral
lonkplease,0.664034239646457,Neutral
FlintTredinnic,0.453178073375917,Neutral
Iforgetpasswords4321,0.509501587284469,Neutral
mekon18,0.604611647003749,Neutral
bemiguel13,0.799262461627486,Pro
thomaswrocks,0.813504459648735,Pro
Thebard77,0.61172564424568,Neutral
zelmerszoetrop,0.485208889818699,Neutral
CJprima,0.07793372717426515,Anti
TheBeardedPole,0.6248332472333126,Neutral
meister245,0.714368327994532,Neutral
PlacozoanNeurons,0.150997249188118,Anti
Fat_Cat1991,0.554063450128752,Neutral
vman81,0.535017887148017,Neutral
Citizenduck,0.7105474865800087,Neutral
Bradykinn,0.227165513555703,Anti
behindtheselasereyes,0.276776820978005,Neutral
Emplod3d,0.216427198933941,Anti
aaakiniti,0.5,Neutral
labatteg,0.0919608907107863,Anti
NowMoreFuzzy,0.5150298252092578,Neutral
FagottKant,0.3684734000058046,Neutral
Dchampchamp,0.5,Neutral
TauPhi,0.436963915242563,Neutral
barath_s,0.747875448258106,Neutral
spityy,0.0360434699652385,Anti
Bloodybuses,0.254764898329751,Neutral
Xochitlpilli,0.5459965325658481,Neutral
ursulahx,0.488546361292822,Neutral
johlae,0.34043465832899,Neutral
gnoshcantor,0.364717039970546,Neutral
queenxboudicca,0.6480572615274873,Neutral
heeb,0.737993199311832,Neutral
Ylaaly,0.28485246474231146,Neutral
tobiasvl,0.2989232549683375,Neutral
CriminalDM,0.451029934168099,Neutral
pipou74,0.40997205459559366,Neutral
RedGolpe,0.3581594022741199,Neutral
andtomato,0.374914395656424,Neutral
travel_ali,0.6399493720031054,Neutral
Amateratzu,0.346285875212511,Neutral
Snidosil,0.270986704445489,Neutral
vanattic123,0.7993756895077735,Pro
thenuke777,0.4896477669214725,Neutral
JumpinBoz,0.904950416765973,Pro
jnnk5,0.0001473568246932,Anti
troui,0.853926106334705,Pro
hassium,0.867856404656937,Pro
mapsgeek,0.257824530040373,Neutral
Maultaschenman,0.298625947978488,Neutral
feedthecorpse,0.430846334013214,Neutral
Driftwood52,0.9844056682438926,Pro
__badjuju,0.4016236075571705,Neutral
forsaken_in_the_dark,0.9763367749685413,Pro
Captain_of_Skene,0.437973930672361,Neutral
Conmebosta,0.0997964675294708,Anti
littlegreenfamily,0.951765402585286,Pro
awkwarddutchbastard,0.999452870688214,Pro
Scarkil29,0.5276475516499443,Neutral
VauxhallCross,0.855215318686266,Pro
nightwitch06,0.416897851634001,Neutral
RedBrixton,0.25278919003901146,Neutral
zerigs,0.541412077916386,Neutral
Mighty_Moose,0.637294832423959,Neutral
Yasea,0.964130420976337,Pro
Kath_thomas,0.295633236986446,Neutral
InTriumphDothWave,0.493629744300674,Neutral
jim_nihilist,0.704414032761049,Neutral
highrisedrifter,0.685423848515303,Neutral
euyyn,0.4597406138315385,Neutral
t3tri5,0.728674418549045,Neutral
SomeSortOfMadRiddle,0.42287097510379845,Neutral
kryten2k35,0.544003242747111,Neutral
thenewimprovedhankp,0.949408716462852,Pro
bamacgabhann,0.7692707733898323,Pro
TheChance,0.462932431526201,Neutral
MAGAtek,0.286403210216959,Neutral
latte_yen,0.804339578060343,Pro
Kohanxxx,0.970211866129241,Pro
Snapperbob,0.41686104013102,Neutral
GreedySenpai,0.284409331230818,Neutral
Hardgraf35,0.494209040740682,Neutral
cu_roi,0.550730906071939,Neutral
imsickoftryingthis,0.840570541575737,Pro
okaterina,0.518899339954012,Neutral
StuartWtf,0.901920753525094,Pro
nicethingslover,0.006373889783724,Anti
0-69-100-6,0.326496322125725,Neutral
